no change     /scratch/bjoshi/miniconda3/condabin/conda
no change     /scratch/bjoshi/miniconda3/bin/conda
no change     /scratch/bjoshi/miniconda3/bin/conda-env
no change     /scratch/bjoshi/miniconda3/bin/activate
no change     /scratch/bjoshi/miniconda3/bin/deactivate
no change     /scratch/bjoshi/miniconda3/etc/profile.d/conda.sh
no change     /scratch/bjoshi/miniconda3/etc/fish/conf.d/conda.fish
no change     /scratch/bjoshi/miniconda3/shell/condabin/Conda.psm1
no change     /scratch/bjoshi/miniconda3/shell/condabin/conda-hook.ps1
no change     /scratch/bjoshi/miniconda3/lib/python3.13/site-packages/xontrib/conda.xsh
no change     /scratch/bjoshi/miniconda3/etc/profile.d/conda.csh
no change     /nethome/bjoshi/.bashrc
No action taken.
Loading datasets...

--- Training 80 Shadow Models ---
  Min count per (class, membership) group: 610
  Samples per group selected as IN: 305
  Class 0 | membership=0: 761 total → 305 IN selected
  Class 0 | membership=1: 754 total → 305 IN selected
  Class 1 | membership=0: 774 total → 305 IN selected
  Class 1 | membership=1: 774 total → 305 IN selected
  Class 2 | membership=0: 750 total → 305 IN selected
  Class 2 | membership=1: 796 total → 305 IN selected
  Class 3 | membership=0: 783 total → 305 IN selected
  Class 3 | membership=1: 798 total → 305 IN selected
  Class 4 | membership=0: 688 total → 305 IN selected
  Class 4 | membership=1: 660 total → 305 IN selected
  Class 5 | membership=0: 897 total → 305 IN selected
  Class 5 | membership=1: 898 total → 305 IN selected
  Class 6 | membership=0: 612 total → 305 IN selected
  Class 6 | membership=1: 610 total → 305 IN selected
  Class 7 | membership=0: 740 total → 305 IN selected
  Class 7 | membership=1: 665 total → 305 IN selected
  Class 8 | membership=0: 995 total → 305 IN selected
  Class 8 | membership=1: 1045 total → 305 IN selected
Shadow Model 1/80, Epoch 1/30, Loss: 1.1526, Correct: 3170, Accuracy: 0.5774
Shadow Model 1/80, Epoch 2/30, Loss: 0.8506, Correct: 3804, Accuracy: 0.6929
Shadow Model 1/80, Epoch 3/30, Loss: 0.7328, Correct: 4041, Accuracy: 0.7361
Shadow Model 1/80, Epoch 4/30, Loss: 0.6508, Correct: 4221, Accuracy: 0.7689
Shadow Model 1/80, Epoch 5/30, Loss: 0.5515, Correct: 4441, Accuracy: 0.8089
Shadow Model 1/80, Epoch 6/30, Loss: 0.5052, Correct: 4535, Accuracy: 0.8260
Shadow Model 1/80, Epoch 7/30, Loss: 0.4718, Correct: 4566, Accuracy: 0.8317
Shadow Model 1/80, Epoch 8/30, Loss: 0.4017, Correct: 4708, Accuracy: 0.8576
Shadow Model 1/80, Epoch 9/30, Loss: 0.3807, Correct: 4776, Accuracy: 0.8699
Shadow Model 1/80, Epoch 10/30, Loss: 0.3277, Correct: 4837, Accuracy: 0.8811
Shadow Model 1/80, Epoch 11/30, Loss: 0.2668, Correct: 5004, Accuracy: 0.9115
Shadow Model 1/80, Epoch 12/30, Loss: 0.2956, Correct: 4922, Accuracy: 0.8965
Shadow Model 1/80, Epoch 13/30, Loss: 0.2545, Correct: 5011, Accuracy: 0.9128
Shadow Model 1/80, Epoch 14/30, Loss: 0.2404, Correct: 5028, Accuracy: 0.9158
Shadow Model 1/80, Epoch 15/30, Loss: 0.1534, Correct: 5203, Accuracy: 0.9477
Shadow Model 1/80, Epoch 16/30, Loss: 0.1361, Correct: 5237, Accuracy: 0.9539
Shadow Model 1/80, Epoch 17/30, Loss: 0.1202, Correct: 5256, Accuracy: 0.9574
Shadow Model 1/80, Epoch 18/30, Loss: 0.1378, Correct: 5243, Accuracy: 0.9550
Shadow Model 1/80, Epoch 19/30, Loss: 0.0967, Correct: 5307, Accuracy: 0.9667
Shadow Model 1/80, Epoch 20/30, Loss: 0.0648, Correct: 5373, Accuracy: 0.9787
Shadow Model 1/80, Epoch 21/30, Loss: 0.0801, Correct: 5341, Accuracy: 0.9729
Shadow Model 1/80, Epoch 22/30, Loss: 0.0516, Correct: 5398, Accuracy: 0.9832
Shadow Model 1/80, Epoch 23/30, Loss: 0.0524, Correct: 5396, Accuracy: 0.9829
Shadow Model 1/80, Epoch 24/30, Loss: 0.0467, Correct: 5408, Accuracy: 0.9851
Shadow Model 1/80, Epoch 25/30, Loss: 0.0538, Correct: 5394, Accuracy: 0.9825
Shadow Model 1/80, Epoch 26/30, Loss: 0.0766, Correct: 5350, Accuracy: 0.9745
Shadow Model 1/80, Epoch 27/30, Loss: 0.0484, Correct: 5396, Accuracy: 0.9829
Shadow Model 1/80, Epoch 28/30, Loss: 0.0379, Correct: 5426, Accuracy: 0.9883
Shadow Model 1/80, Epoch 29/30, Loss: 0.0385, Correct: 5422, Accuracy: 0.9876
Shadow Model 1/80, Epoch 30/30, Loss: 0.0388, Correct: 5418, Accuracy: 0.9869
  Min count per (class, membership) group: 610
  Samples per group selected as IN: 305
  Class 0 | membership=0: 761 total → 305 IN selected
  Class 0 | membership=1: 754 total → 305 IN selected
  Class 1 | membership=0: 774 total → 305 IN selected
  Class 1 | membership=1: 774 total → 305 IN selected
  Class 2 | membership=0: 750 total → 305 IN selected
  Class 2 | membership=1: 796 total → 305 IN selected
  Class 3 | membership=0: 783 total → 305 IN selected
  Class 3 | membership=1: 798 total → 305 IN selected
  Class 4 | membership=0: 688 total → 305 IN selected
  Class 4 | membership=1: 660 total → 305 IN selected
  Class 5 | membership=0: 897 total → 305 IN selected
  Class 5 | membership=1: 898 total → 305 IN selected
  Class 6 | membership=0: 612 total → 305 IN selected
  Class 6 | membership=1: 610 total → 305 IN selected
  Class 7 | membership=0: 740 total → 305 IN selected
  Class 7 | membership=1: 665 total → 305 IN selected
  Class 8 | membership=0: 995 total → 305 IN selected
  Class 8 | membership=1: 1045 total → 305 IN selected
Shadow Model 2/80, Epoch 1/30, Loss: 1.1802, Correct: 3140, Accuracy: 0.5719
Shadow Model 2/80, Epoch 2/30, Loss: 0.8124, Correct: 3864, Accuracy: 0.7038
Shadow Model 2/80, Epoch 3/30, Loss: 0.6963, Correct: 4106, Accuracy: 0.7479
Shadow Model 2/80, Epoch 4/30, Loss: 0.6091, Correct: 4323, Accuracy: 0.7874
Shadow Model 2/80, Epoch 5/30, Loss: 0.5488, Correct: 4424, Accuracy: 0.8058
Shadow Model 2/80, Epoch 6/30, Loss: 0.4934, Correct: 4527, Accuracy: 0.8246
Shadow Model 2/80, Epoch 7/30, Loss: 0.4725, Correct: 4593, Accuracy: 0.8366
Shadow Model 2/80, Epoch 8/30, Loss: 0.4040, Correct: 4702, Accuracy: 0.8565
Shadow Model 2/80, Epoch 9/30, Loss: 0.3817, Correct: 4760, Accuracy: 0.8670
Shadow Model 2/80, Epoch 10/30, Loss: 0.3358, Correct: 4841, Accuracy: 0.8818
Shadow Model 2/80, Epoch 11/30, Loss: 0.2865, Correct: 4949, Accuracy: 0.9015
Shadow Model 2/80, Epoch 12/30, Loss: 0.2677, Correct: 4977, Accuracy: 0.9066
Shadow Model 2/80, Epoch 13/30, Loss: 0.2256, Correct: 5060, Accuracy: 0.9217
Shadow Model 2/80, Epoch 14/30, Loss: 0.2276, Correct: 5054, Accuracy: 0.9206
Shadow Model 2/80, Epoch 15/30, Loss: 0.2106, Correct: 5074, Accuracy: 0.9242
Shadow Model 2/80, Epoch 16/30, Loss: 0.2125, Correct: 5076, Accuracy: 0.9246
Shadow Model 2/80, Epoch 17/30, Loss: 0.1444, Correct: 5227, Accuracy: 0.9521
Shadow Model 2/80, Epoch 18/30, Loss: 0.1136, Correct: 5262, Accuracy: 0.9585
Shadow Model 2/80, Epoch 19/30, Loss: 0.1126, Correct: 5285, Accuracy: 0.9627
Shadow Model 2/80, Epoch 20/30, Loss: 0.0934, Correct: 5322, Accuracy: 0.9694
Shadow Model 2/80, Epoch 21/30, Loss: 0.1200, Correct: 5279, Accuracy: 0.9616
Shadow Model 2/80, Epoch 22/30, Loss: 0.0974, Correct: 5319, Accuracy: 0.9689
Shadow Model 2/80, Epoch 23/30, Loss: 0.0598, Correct: 5388, Accuracy: 0.9814
Shadow Model 2/80, Epoch 24/30, Loss: 0.0786, Correct: 5343, Accuracy: 0.9732
Shadow Model 2/80, Epoch 25/30, Loss: 0.0427, Correct: 5412, Accuracy: 0.9858
Shadow Model 2/80, Epoch 26/30, Loss: 0.0675, Correct: 5372, Accuracy: 0.9785
Shadow Model 2/80, Epoch 27/30, Loss: 0.0434, Correct: 5408, Accuracy: 0.9851
Shadow Model 2/80, Epoch 28/30, Loss: 0.0809, Correct: 5336, Accuracy: 0.9719
Shadow Model 2/80, Epoch 29/30, Loss: 0.0803, Correct: 5362, Accuracy: 0.9767
Shadow Model 2/80, Epoch 30/30, Loss: 0.0384, Correct: 5419, Accuracy: 0.9871
  Min count per (class, membership) group: 610
  Samples per group selected as IN: 305
  Class 0 | membership=0: 761 total → 305 IN selected
  Class 0 | membership=1: 754 total → 305 IN selected
  Class 1 | membership=0: 774 total → 305 IN selected
  Class 1 | membership=1: 774 total → 305 IN selected
  Class 2 | membership=0: 750 total → 305 IN selected
  Class 2 | membership=1: 796 total → 305 IN selected
  Class 3 | membership=0: 783 total → 305 IN selected
  Class 3 | membership=1: 798 total → 305 IN selected
  Class 4 | membership=0: 688 total → 305 IN selected
  Class 4 | membership=1: 660 total → 305 IN selected
  Class 5 | membership=0: 897 total → 305 IN selected
  Class 5 | membership=1: 898 total → 305 IN selected
  Class 6 | membership=0: 612 total → 305 IN selected
  Class 6 | membership=1: 610 total → 305 IN selected
  Class 7 | membership=0: 740 total → 305 IN selected
  Class 7 | membership=1: 665 total → 305 IN selected
  Class 8 | membership=0: 995 total → 305 IN selected
  Class 8 | membership=1: 1045 total → 305 IN selected
Shadow Model 3/80, Epoch 1/30, Loss: 1.1625, Correct: 3134, Accuracy: 0.5709
Shadow Model 3/80, Epoch 2/30, Loss: 0.8733, Correct: 3776, Accuracy: 0.6878
Shadow Model 3/80, Epoch 3/30, Loss: 0.7174, Correct: 4090, Accuracy: 0.7450
Shadow Model 3/80, Epoch 4/30, Loss: 0.6176, Correct: 4282, Accuracy: 0.7800
Shadow Model 3/80, Epoch 5/30, Loss: 0.5235, Correct: 4421, Accuracy: 0.8053
Shadow Model 3/80, Epoch 6/30, Loss: 0.4746, Correct: 4530, Accuracy: 0.8251
Shadow Model 3/80, Epoch 7/30, Loss: 0.4127, Correct: 4690, Accuracy: 0.8543
Shadow Model 3/80, Epoch 8/30, Loss: 0.4033, Correct: 4701, Accuracy: 0.8563
Shadow Model 3/80, Epoch 9/30, Loss: 0.3726, Correct: 4752, Accuracy: 0.8656
Shadow Model 3/80, Epoch 10/30, Loss: 0.3233, Correct: 4845, Accuracy: 0.8825
Shadow Model 3/80, Epoch 11/30, Loss: 0.2527, Correct: 5007, Accuracy: 0.9120
Shadow Model 3/80, Epoch 12/30, Loss: 0.3104, Correct: 4930, Accuracy: 0.8980
Shadow Model 3/80, Epoch 13/30, Loss: 0.2354, Correct: 5027, Accuracy: 0.9157
Shadow Model 3/80, Epoch 14/30, Loss: 0.2098, Correct: 5080, Accuracy: 0.9253
Shadow Model 3/80, Epoch 15/30, Loss: 0.1689, Correct: 5194, Accuracy: 0.9461
Shadow Model 3/80, Epoch 16/30, Loss: 0.1477, Correct: 5209, Accuracy: 0.9488
Shadow Model 3/80, Epoch 17/30, Loss: 0.1295, Correct: 5258, Accuracy: 0.9577
Shadow Model 3/80, Epoch 18/30, Loss: 0.1169, Correct: 5286, Accuracy: 0.9628
Shadow Model 3/80, Epoch 19/30, Loss: 0.0860, Correct: 5341, Accuracy: 0.9729
Shadow Model 3/80, Epoch 20/30, Loss: 0.1099, Correct: 5287, Accuracy: 0.9630
Shadow Model 3/80, Epoch 21/30, Loss: 0.0886, Correct: 5322, Accuracy: 0.9694
Shadow Model 3/80, Epoch 22/30, Loss: 0.0578, Correct: 5385, Accuracy: 0.9809
Shadow Model 3/80, Epoch 23/30, Loss: 0.0602, Correct: 5381, Accuracy: 0.9801
Shadow Model 3/80, Epoch 24/30, Loss: 0.0514, Correct: 5391, Accuracy: 0.9820
Shadow Model 3/80, Epoch 25/30, Loss: 0.0444, Correct: 5412, Accuracy: 0.9858
Shadow Model 3/80, Epoch 26/30, Loss: 0.0512, Correct: 5394, Accuracy: 0.9825
Shadow Model 3/80, Epoch 27/30, Loss: 0.0525, Correct: 5387, Accuracy: 0.9812
Shadow Model 3/80, Epoch 28/30, Loss: 0.0441, Correct: 5404, Accuracy: 0.9843
Shadow Model 3/80, Epoch 29/30, Loss: 0.0535, Correct: 5387, Accuracy: 0.9812
Shadow Model 3/80, Epoch 30/30, Loss: 0.0323, Correct: 5438, Accuracy: 0.9905
  Min count per (class, membership) group: 610
  Samples per group selected as IN: 305
  Class 0 | membership=0: 761 total → 305 IN selected
  Class 0 | membership=1: 754 total → 305 IN selected
  Class 1 | membership=0: 774 total → 305 IN selected
  Class 1 | membership=1: 774 total → 305 IN selected
  Class 2 | membership=0: 750 total → 305 IN selected
  Class 2 | membership=1: 796 total → 305 IN selected
  Class 3 | membership=0: 783 total → 305 IN selected
  Class 3 | membership=1: 798 total → 305 IN selected
  Class 4 | membership=0: 688 total → 305 IN selected
  Class 4 | membership=1: 660 total → 305 IN selected
  Class 5 | membership=0: 897 total → 305 IN selected
  Class 5 | membership=1: 898 total → 305 IN selected
  Class 6 | membership=0: 612 total → 305 IN selected
  Class 6 | membership=1: 610 total → 305 IN selected
  Class 7 | membership=0: 740 total → 305 IN selected
  Class 7 | membership=1: 665 total → 305 IN selected
  Class 8 | membership=0: 995 total → 305 IN selected
  Class 8 | membership=1: 1045 total → 305 IN selected
Shadow Model 4/80, Epoch 1/30, Loss: 1.1744, Correct: 3126, Accuracy: 0.5694
Shadow Model 4/80, Epoch 2/30, Loss: 0.8222, Correct: 3859, Accuracy: 0.7029
Shadow Model 4/80, Epoch 3/30, Loss: 0.7074, Correct: 4142, Accuracy: 0.7545
Shadow Model 4/80, Epoch 4/30, Loss: 0.5841, Correct: 4342, Accuracy: 0.7909
Shadow Model 4/80, Epoch 5/30, Loss: 0.5431, Correct: 4428, Accuracy: 0.8066
Shadow Model 4/80, Epoch 6/30, Loss: 0.4837, Correct: 4545, Accuracy: 0.8279
Shadow Model 4/80, Epoch 7/30, Loss: 0.4514, Correct: 4595, Accuracy: 0.8370
Shadow Model 4/80, Epoch 8/30, Loss: 0.4086, Correct: 4711, Accuracy: 0.8581
Shadow Model 4/80, Epoch 9/30, Loss: 0.3626, Correct: 4790, Accuracy: 0.8725
Shadow Model 4/80, Epoch 10/30, Loss: 0.3313, Correct: 4849, Accuracy: 0.8832
Shadow Model 4/80, Epoch 11/30, Loss: 0.2681, Correct: 4956, Accuracy: 0.9027
Shadow Model 4/80, Epoch 12/30, Loss: 0.2597, Correct: 4976, Accuracy: 0.9064
Shadow Model 4/80, Epoch 13/30, Loss: 0.2147, Correct: 5063, Accuracy: 0.9222
Shadow Model 4/80, Epoch 14/30, Loss: 0.1886, Correct: 5119, Accuracy: 0.9324
Shadow Model 4/80, Epoch 15/30, Loss: 0.1914, Correct: 5126, Accuracy: 0.9337
Shadow Model 4/80, Epoch 16/30, Loss: 0.1157, Correct: 5267, Accuracy: 0.9594
Shadow Model 4/80, Epoch 17/30, Loss: 0.1241, Correct: 5262, Accuracy: 0.9585
Shadow Model 4/80, Epoch 18/30, Loss: 0.1211, Correct: 5243, Accuracy: 0.9550
Shadow Model 4/80, Epoch 19/30, Loss: 0.1460, Correct: 5249, Accuracy: 0.9561
Shadow Model 4/80, Epoch 20/30, Loss: 0.0876, Correct: 5336, Accuracy: 0.9719
Shadow Model 4/80, Epoch 21/30, Loss: 0.0750, Correct: 5353, Accuracy: 0.9750
Shadow Model 4/80, Epoch 22/30, Loss: 0.0548, Correct: 5394, Accuracy: 0.9825
Shadow Model 4/80, Epoch 23/30, Loss: 0.0735, Correct: 5346, Accuracy: 0.9738
Shadow Model 4/80, Epoch 24/30, Loss: 0.0497, Correct: 5406, Accuracy: 0.9847
Shadow Model 4/80, Epoch 25/30, Loss: 0.0572, Correct: 5393, Accuracy: 0.9823
Shadow Model 4/80, Epoch 26/30, Loss: 0.0302, Correct: 5438, Accuracy: 0.9905
Shadow Model 4/80, Epoch 27/30, Loss: 0.0401, Correct: 5414, Accuracy: 0.9862
Shadow Model 4/80, Epoch 28/30, Loss: 0.0432, Correct: 5432, Accuracy: 0.9894
Shadow Model 4/80, Epoch 29/30, Loss: 0.0465, Correct: 5402, Accuracy: 0.9840
Shadow Model 4/80, Epoch 30/30, Loss: 0.0386, Correct: 5416, Accuracy: 0.9865
  Min count per (class, membership) group: 610
  Samples per group selected as IN: 305
  Class 0 | membership=0: 761 total → 305 IN selected
  Class 0 | membership=1: 754 total → 305 IN selected
  Class 1 | membership=0: 774 total → 305 IN selected
  Class 1 | membership=1: 774 total → 305 IN selected
  Class 2 | membership=0: 750 total → 305 IN selected
  Class 2 | membership=1: 796 total → 305 IN selected
  Class 3 | membership=0: 783 total → 305 IN selected
  Class 3 | membership=1: 798 total → 305 IN selected
  Class 4 | membership=0: 688 total → 305 IN selected
  Class 4 | membership=1: 660 total → 305 IN selected
  Class 5 | membership=0: 897 total → 305 IN selected
  Class 5 | membership=1: 898 total → 305 IN selected
  Class 6 | membership=0: 612 total → 305 IN selected
  Class 6 | membership=1: 610 total → 305 IN selected
  Class 7 | membership=0: 740 total → 305 IN selected
  Class 7 | membership=1: 665 total → 305 IN selected
  Class 8 | membership=0: 995 total → 305 IN selected
  Class 8 | membership=1: 1045 total → 305 IN selected
Shadow Model 5/80, Epoch 1/30, Loss: 1.1471, Correct: 3158, Accuracy: 0.5752
Shadow Model 5/80, Epoch 2/30, Loss: 0.8858, Correct: 3710, Accuracy: 0.6758
Shadow Model 5/80, Epoch 3/30, Loss: 0.7679, Correct: 3984, Accuracy: 0.7257
Shadow Model 5/80, Epoch 4/30, Loss: 0.6772, Correct: 4129, Accuracy: 0.7521
Shadow Model 5/80, Epoch 5/30, Loss: 0.5810, Correct: 4369, Accuracy: 0.7958
Shadow Model 5/80, Epoch 6/30, Loss: 0.5358, Correct: 4469, Accuracy: 0.8140
Shadow Model 5/80, Epoch 7/30, Loss: 0.4800, Correct: 4563, Accuracy: 0.8311
Shadow Model 5/80, Epoch 8/30, Loss: 0.4604, Correct: 4611, Accuracy: 0.8399
Shadow Model 5/80, Epoch 9/30, Loss: 0.4033, Correct: 4691, Accuracy: 0.8545
Shadow Model 5/80, Epoch 10/30, Loss: 0.3520, Correct: 4800, Accuracy: 0.8743
Shadow Model 5/80, Epoch 11/30, Loss: 0.2993, Correct: 4948, Accuracy: 0.9013
Shadow Model 5/80, Epoch 12/30, Loss: 0.2959, Correct: 4919, Accuracy: 0.8960
Shadow Model 5/80, Epoch 13/30, Loss: 0.2241, Correct: 5067, Accuracy: 0.9230
Shadow Model 5/80, Epoch 14/30, Loss: 0.2401, Correct: 5033, Accuracy: 0.9168
Shadow Model 5/80, Epoch 15/30, Loss: 0.1882, Correct: 5142, Accuracy: 0.9366
Shadow Model 5/80, Epoch 16/30, Loss: 0.1251, Correct: 5261, Accuracy: 0.9583
Shadow Model 5/80, Epoch 17/30, Loss: 0.1230, Correct: 5258, Accuracy: 0.9577
Shadow Model 5/80, Epoch 18/30, Loss: 0.1146, Correct: 5270, Accuracy: 0.9599
Shadow Model 5/80, Epoch 19/30, Loss: 0.1288, Correct: 5264, Accuracy: 0.9588
Shadow Model 5/80, Epoch 20/30, Loss: 0.0714, Correct: 5379, Accuracy: 0.9798
Shadow Model 5/80, Epoch 21/30, Loss: 0.0568, Correct: 5391, Accuracy: 0.9820
Shadow Model 5/80, Epoch 22/30, Loss: 0.1023, Correct: 5321, Accuracy: 0.9692
Shadow Model 5/80, Epoch 23/30, Loss: 0.0738, Correct: 5354, Accuracy: 0.9752
Shadow Model 5/80, Epoch 24/30, Loss: 0.0969, Correct: 5313, Accuracy: 0.9678
Shadow Model 5/80, Epoch 25/30, Loss: 0.0837, Correct: 5342, Accuracy: 0.9730
Shadow Model 5/80, Epoch 26/30, Loss: 0.0408, Correct: 5427, Accuracy: 0.9885
Shadow Model 5/80, Epoch 27/30, Loss: 0.0400, Correct: 5420, Accuracy: 0.9872
Shadow Model 5/80, Epoch 28/30, Loss: 0.0144, Correct: 5467, Accuracy: 0.9958
Shadow Model 5/80, Epoch 29/30, Loss: 0.0154, Correct: 5467, Accuracy: 0.9958
Shadow Model 5/80, Epoch 30/30, Loss: 0.0264, Correct: 5438, Accuracy: 0.9905
  Min count per (class, membership) group: 610
  Samples per group selected as IN: 305
  Class 0 | membership=0: 761 total → 305 IN selected
  Class 0 | membership=1: 754 total → 305 IN selected
  Class 1 | membership=0: 774 total → 305 IN selected
  Class 1 | membership=1: 774 total → 305 IN selected
  Class 2 | membership=0: 750 total → 305 IN selected
  Class 2 | membership=1: 796 total → 305 IN selected
  Class 3 | membership=0: 783 total → 305 IN selected
  Class 3 | membership=1: 798 total → 305 IN selected
  Class 4 | membership=0: 688 total → 305 IN selected
  Class 4 | membership=1: 660 total → 305 IN selected
  Class 5 | membership=0: 897 total → 305 IN selected
  Class 5 | membership=1: 898 total → 305 IN selected
  Class 6 | membership=0: 612 total → 305 IN selected
  Class 6 | membership=1: 610 total → 305 IN selected
  Class 7 | membership=0: 740 total → 305 IN selected
  Class 7 | membership=1: 665 total → 305 IN selected
  Class 8 | membership=0: 995 total → 305 IN selected
  Class 8 | membership=1: 1045 total → 305 IN selected
Shadow Model 6/80, Epoch 1/30, Loss: 1.1407, Correct: 3206, Accuracy: 0.5840
Shadow Model 6/80, Epoch 2/30, Loss: 0.8634, Correct: 3736, Accuracy: 0.6805
Shadow Model 6/80, Epoch 3/30, Loss: 0.7079, Correct: 4098, Accuracy: 0.7464
Shadow Model 6/80, Epoch 4/30, Loss: 0.6093, Correct: 4308, Accuracy: 0.7847
Shadow Model 6/80, Epoch 5/30, Loss: 0.5648, Correct: 4423, Accuracy: 0.8056
Shadow Model 6/80, Epoch 6/30, Loss: 0.5149, Correct: 4497, Accuracy: 0.8191
Shadow Model 6/80, Epoch 7/30, Loss: 0.4438, Correct: 4621, Accuracy: 0.8417
Shadow Model 6/80, Epoch 8/30, Loss: 0.3796, Correct: 4759, Accuracy: 0.8668
Shadow Model 6/80, Epoch 9/30, Loss: 0.3356, Correct: 4826, Accuracy: 0.8791
Shadow Model 6/80, Epoch 10/30, Loss: 0.3180, Correct: 4874, Accuracy: 0.8878
Shadow Model 6/80, Epoch 11/30, Loss: 0.2874, Correct: 4938, Accuracy: 0.8995
Shadow Model 6/80, Epoch 12/30, Loss: 0.2131, Correct: 5086, Accuracy: 0.9264
Shadow Model 6/80, Epoch 13/30, Loss: 0.1656, Correct: 5183, Accuracy: 0.9441
Shadow Model 6/80, Epoch 14/30, Loss: 0.1499, Correct: 5205, Accuracy: 0.9481
Shadow Model 6/80, Epoch 15/30, Loss: 0.1430, Correct: 5212, Accuracy: 0.9494
Shadow Model 6/80, Epoch 16/30, Loss: 0.1025, Correct: 5313, Accuracy: 0.9678
Shadow Model 6/80, Epoch 17/30, Loss: 0.1009, Correct: 5302, Accuracy: 0.9658
Shadow Model 6/80, Epoch 18/30, Loss: 0.0787, Correct: 5348, Accuracy: 0.9741
Shadow Model 6/80, Epoch 19/30, Loss: 0.1004, Correct: 5323, Accuracy: 0.9696
Shadow Model 6/80, Epoch 20/30, Loss: 0.1021, Correct: 5305, Accuracy: 0.9663
Shadow Model 6/80, Epoch 21/30, Loss: 0.0784, Correct: 5346, Accuracy: 0.9738
Shadow Model 6/80, Epoch 22/30, Loss: 0.0401, Correct: 5404, Accuracy: 0.9843
Shadow Model 6/80, Epoch 23/30, Loss: 0.0439, Correct: 5416, Accuracy: 0.9865
Shadow Model 6/80, Epoch 24/30, Loss: 0.0689, Correct: 5366, Accuracy: 0.9774
Shadow Model 6/80, Epoch 25/30, Loss: 0.0519, Correct: 5398, Accuracy: 0.9832
Shadow Model 6/80, Epoch 26/30, Loss: 0.0287, Correct: 5439, Accuracy: 0.9907
Shadow Model 6/80, Epoch 27/30, Loss: 0.0326, Correct: 5436, Accuracy: 0.9902
Shadow Model 6/80, Epoch 28/30, Loss: 0.0367, Correct: 5420, Accuracy: 0.9872
Shadow Model 6/80, Epoch 29/30, Loss: 0.0217, Correct: 5454, Accuracy: 0.9934
Shadow Model 6/80, Epoch 30/30, Loss: 0.0376, Correct: 5428, Accuracy: 0.9887
  Min count per (class, membership) group: 610
  Samples per group selected as IN: 305
  Class 0 | membership=0: 761 total → 305 IN selected
  Class 0 | membership=1: 754 total → 305 IN selected
  Class 1 | membership=0: 774 total → 305 IN selected
  Class 1 | membership=1: 774 total → 305 IN selected
  Class 2 | membership=0: 750 total → 305 IN selected
  Class 2 | membership=1: 796 total → 305 IN selected
  Class 3 | membership=0: 783 total → 305 IN selected
  Class 3 | membership=1: 798 total → 305 IN selected
  Class 4 | membership=0: 688 total → 305 IN selected
  Class 4 | membership=1: 660 total → 305 IN selected
  Class 5 | membership=0: 897 total → 305 IN selected
  Class 5 | membership=1: 898 total → 305 IN selected
  Class 6 | membership=0: 612 total → 305 IN selected
  Class 6 | membership=1: 610 total → 305 IN selected
  Class 7 | membership=0: 740 total → 305 IN selected
  Class 7 | membership=1: 665 total → 305 IN selected
  Class 8 | membership=0: 995 total → 305 IN selected
  Class 8 | membership=1: 1045 total → 305 IN selected
Shadow Model 7/80, Epoch 1/30, Loss: 1.1783, Correct: 3137, Accuracy: 0.5714
Shadow Model 7/80, Epoch 2/30, Loss: 0.8813, Correct: 3726, Accuracy: 0.6787
Shadow Model 7/80, Epoch 3/30, Loss: 0.7637, Correct: 3990, Accuracy: 0.7268
Shadow Model 7/80, Epoch 4/30, Loss: 0.6214, Correct: 4303, Accuracy: 0.7838
Shadow Model 7/80, Epoch 5/30, Loss: 0.5500, Correct: 4481, Accuracy: 0.8162
Shadow Model 7/80, Epoch 6/30, Loss: 0.4883, Correct: 4561, Accuracy: 0.8308
Shadow Model 7/80, Epoch 7/30, Loss: 0.4611, Correct: 4559, Accuracy: 0.8304
Shadow Model 7/80, Epoch 8/30, Loss: 0.4008, Correct: 4706, Accuracy: 0.8572
Shadow Model 7/80, Epoch 9/30, Loss: 0.3527, Correct: 4788, Accuracy: 0.8721
Shadow Model 7/80, Epoch 10/30, Loss: 0.3059, Correct: 4919, Accuracy: 0.8960
Shadow Model 7/80, Epoch 11/30, Loss: 0.3060, Correct: 4899, Accuracy: 0.8923
Shadow Model 7/80, Epoch 12/30, Loss: 0.2489, Correct: 5028, Accuracy: 0.9158
Shadow Model 7/80, Epoch 13/30, Loss: 0.2270, Correct: 5091, Accuracy: 0.9273
Shadow Model 7/80, Epoch 14/30, Loss: 0.1649, Correct: 5176, Accuracy: 0.9428
Shadow Model 7/80, Epoch 15/30, Loss: 0.1455, Correct: 5205, Accuracy: 0.9481
Shadow Model 7/80, Epoch 16/30, Loss: 0.1156, Correct: 5269, Accuracy: 0.9597
Shadow Model 7/80, Epoch 17/30, Loss: 0.1200, Correct: 5257, Accuracy: 0.9576
Shadow Model 7/80, Epoch 18/30, Loss: 0.0783, Correct: 5367, Accuracy: 0.9776
Shadow Model 7/80, Epoch 19/30, Loss: 0.1147, Correct: 5270, Accuracy: 0.9599
Shadow Model 7/80, Epoch 20/30, Loss: 0.0765, Correct: 5350, Accuracy: 0.9745
Shadow Model 7/80, Epoch 21/30, Loss: 0.0941, Correct: 5311, Accuracy: 0.9674
Shadow Model 7/80, Epoch 22/30, Loss: 0.0446, Correct: 5418, Accuracy: 0.9869
Shadow Model 7/80, Epoch 23/30, Loss: 0.0565, Correct: 5389, Accuracy: 0.9816
Shadow Model 7/80, Epoch 24/30, Loss: 0.1714, Correct: 5162, Accuracy: 0.9403
Shadow Model 7/80, Epoch 25/30, Loss: 0.0682, Correct: 5366, Accuracy: 0.9774
Shadow Model 7/80, Epoch 26/30, Loss: 0.0311, Correct: 5431, Accuracy: 0.9893
Shadow Model 7/80, Epoch 27/30, Loss: 0.0222, Correct: 5452, Accuracy: 0.9931
Shadow Model 7/80, Epoch 28/30, Loss: 0.0404, Correct: 5420, Accuracy: 0.9872
Shadow Model 7/80, Epoch 29/30, Loss: 0.0331, Correct: 5435, Accuracy: 0.9900
Shadow Model 7/80, Epoch 30/30, Loss: 0.0239, Correct: 5447, Accuracy: 0.9922
  Min count per (class, membership) group: 610
  Samples per group selected as IN: 305
  Class 0 | membership=0: 761 total → 305 IN selected
  Class 0 | membership=1: 754 total → 305 IN selected
  Class 1 | membership=0: 774 total → 305 IN selected
  Class 1 | membership=1: 774 total → 305 IN selected
  Class 2 | membership=0: 750 total → 305 IN selected
  Class 2 | membership=1: 796 total → 305 IN selected
  Class 3 | membership=0: 783 total → 305 IN selected
  Class 3 | membership=1: 798 total → 305 IN selected
  Class 4 | membership=0: 688 total → 305 IN selected
  Class 4 | membership=1: 660 total → 305 IN selected
  Class 5 | membership=0: 897 total → 305 IN selected
  Class 5 | membership=1: 898 total → 305 IN selected
  Class 6 | membership=0: 612 total → 305 IN selected
  Class 6 | membership=1: 610 total → 305 IN selected
  Class 7 | membership=0: 740 total → 305 IN selected
  Class 7 | membership=1: 665 total → 305 IN selected
  Class 8 | membership=0: 995 total → 305 IN selected
  Class 8 | membership=1: 1045 total → 305 IN selected
Shadow Model 8/80, Epoch 1/30, Loss: 1.1540, Correct: 3229, Accuracy: 0.5882
Shadow Model 8/80, Epoch 2/30, Loss: 0.8537, Correct: 3790, Accuracy: 0.6903
Shadow Model 8/80, Epoch 3/30, Loss: 0.7440, Correct: 4047, Accuracy: 0.7372
Shadow Model 8/80, Epoch 4/30, Loss: 0.6601, Correct: 4208, Accuracy: 0.7665
Shadow Model 8/80, Epoch 5/30, Loss: 0.5566, Correct: 4405, Accuracy: 0.8024
Shadow Model 8/80, Epoch 6/30, Loss: 0.4993, Correct: 4525, Accuracy: 0.8242
Shadow Model 8/80, Epoch 7/30, Loss: 0.4412, Correct: 4635, Accuracy: 0.8443
Shadow Model 8/80, Epoch 8/30, Loss: 0.4053, Correct: 4688, Accuracy: 0.8539
Shadow Model 8/80, Epoch 9/30, Loss: 0.3519, Correct: 4831, Accuracy: 0.8800
Shadow Model 8/80, Epoch 10/30, Loss: 0.3072, Correct: 4892, Accuracy: 0.8911
Shadow Model 8/80, Epoch 11/30, Loss: 0.2746, Correct: 4957, Accuracy: 0.9029
Shadow Model 8/80, Epoch 12/30, Loss: 0.2703, Correct: 4982, Accuracy: 0.9075
Shadow Model 8/80, Epoch 13/30, Loss: 0.2309, Correct: 5054, Accuracy: 0.9206
Shadow Model 8/80, Epoch 14/30, Loss: 0.2002, Correct: 5108, Accuracy: 0.9304
Shadow Model 8/80, Epoch 15/30, Loss: 0.1391, Correct: 5218, Accuracy: 0.9505
Shadow Model 8/80, Epoch 16/30, Loss: 0.1389, Correct: 5210, Accuracy: 0.9490
Shadow Model 8/80, Epoch 17/30, Loss: 0.1145, Correct: 5279, Accuracy: 0.9616
Shadow Model 8/80, Epoch 18/30, Loss: 0.1042, Correct: 5310, Accuracy: 0.9672
Shadow Model 8/80, Epoch 19/30, Loss: 0.0544, Correct: 5396, Accuracy: 0.9829
Shadow Model 8/80, Epoch 20/30, Loss: 0.0590, Correct: 5391, Accuracy: 0.9820
Shadow Model 8/80, Epoch 21/30, Loss: 0.0704, Correct: 5354, Accuracy: 0.9752
Shadow Model 8/80, Epoch 22/30, Loss: 0.0862, Correct: 5333, Accuracy: 0.9714
Shadow Model 8/80, Epoch 23/30, Loss: 0.0467, Correct: 5414, Accuracy: 0.9862
Shadow Model 8/80, Epoch 24/30, Loss: 0.0526, Correct: 5394, Accuracy: 0.9825
Shadow Model 8/80, Epoch 25/30, Loss: 0.0616, Correct: 5373, Accuracy: 0.9787
Shadow Model 8/80, Epoch 26/30, Loss: 0.0396, Correct: 5418, Accuracy: 0.9869
Shadow Model 8/80, Epoch 27/30, Loss: 0.0432, Correct: 5408, Accuracy: 0.9851
Shadow Model 8/80, Epoch 28/30, Loss: 0.0389, Correct: 5425, Accuracy: 0.9882
Shadow Model 8/80, Epoch 29/30, Loss: 0.0441, Correct: 5411, Accuracy: 0.9856
Shadow Model 8/80, Epoch 30/30, Loss: 0.0390, Correct: 5419, Accuracy: 0.9871
  Min count per (class, membership) group: 610
  Samples per group selected as IN: 305
  Class 0 | membership=0: 761 total → 305 IN selected
  Class 0 | membership=1: 754 total → 305 IN selected
  Class 1 | membership=0: 774 total → 305 IN selected
  Class 1 | membership=1: 774 total → 305 IN selected
  Class 2 | membership=0: 750 total → 305 IN selected
  Class 2 | membership=1: 796 total → 305 IN selected
  Class 3 | membership=0: 783 total → 305 IN selected
  Class 3 | membership=1: 798 total → 305 IN selected
  Class 4 | membership=0: 688 total → 305 IN selected
  Class 4 | membership=1: 660 total → 305 IN selected
  Class 5 | membership=0: 897 total → 305 IN selected
  Class 5 | membership=1: 898 total → 305 IN selected
  Class 6 | membership=0: 612 total → 305 IN selected
  Class 6 | membership=1: 610 total → 305 IN selected
  Class 7 | membership=0: 740 total → 305 IN selected
  Class 7 | membership=1: 665 total → 305 IN selected
  Class 8 | membership=0: 995 total → 305 IN selected
  Class 8 | membership=1: 1045 total → 305 IN selected
Shadow Model 9/80, Epoch 1/30, Loss: 1.1256, Correct: 3164, Accuracy: 0.5763
Shadow Model 9/80, Epoch 2/30, Loss: 0.9170, Correct: 3638, Accuracy: 0.6627
Shadow Model 9/80, Epoch 3/30, Loss: 0.7524, Correct: 4007, Accuracy: 0.7299
Shadow Model 9/80, Epoch 4/30, Loss: 0.6251, Correct: 4278, Accuracy: 0.7792
Shadow Model 9/80, Epoch 5/30, Loss: 0.5610, Correct: 4381, Accuracy: 0.7980
Shadow Model 9/80, Epoch 6/30, Loss: 0.5170, Correct: 4464, Accuracy: 0.8131
Shadow Model 9/80, Epoch 7/30, Loss: 0.5231, Correct: 4479, Accuracy: 0.8158
Shadow Model 9/80, Epoch 8/30, Loss: 0.4140, Correct: 4672, Accuracy: 0.8510
Shadow Model 9/80, Epoch 9/30, Loss: 0.3810, Correct: 4755, Accuracy: 0.8661
Shadow Model 9/80, Epoch 10/30, Loss: 0.3310, Correct: 4836, Accuracy: 0.8809
Shadow Model 9/80, Epoch 11/30, Loss: 0.2863, Correct: 4931, Accuracy: 0.8982
Shadow Model 9/80, Epoch 12/30, Loss: 0.2903, Correct: 4915, Accuracy: 0.8953
Shadow Model 9/80, Epoch 13/30, Loss: 0.2313, Correct: 5057, Accuracy: 0.9211
Shadow Model 9/80, Epoch 14/30, Loss: 0.2031, Correct: 5127, Accuracy: 0.9339
Shadow Model 9/80, Epoch 15/30, Loss: 0.1717, Correct: 5162, Accuracy: 0.9403
Shadow Model 9/80, Epoch 16/30, Loss: 0.1319, Correct: 5223, Accuracy: 0.9514
Shadow Model 9/80, Epoch 17/30, Loss: 0.1164, Correct: 5272, Accuracy: 0.9603
Shadow Model 9/80, Epoch 18/30, Loss: 0.1249, Correct: 5275, Accuracy: 0.9608
Shadow Model 9/80, Epoch 19/30, Loss: 0.0902, Correct: 5333, Accuracy: 0.9714
Shadow Model 9/80, Epoch 20/30, Loss: 0.1106, Correct: 5283, Accuracy: 0.9623
Shadow Model 9/80, Epoch 21/30, Loss: 0.0621, Correct: 5383, Accuracy: 0.9805
Shadow Model 9/80, Epoch 22/30, Loss: 0.0617, Correct: 5385, Accuracy: 0.9809
Shadow Model 9/80, Epoch 23/30, Loss: 0.0943, Correct: 5328, Accuracy: 0.9705
Shadow Model 9/80, Epoch 24/30, Loss: 0.0696, Correct: 5351, Accuracy: 0.9747
Shadow Model 9/80, Epoch 25/30, Loss: 0.0569, Correct: 5375, Accuracy: 0.9791
Shadow Model 9/80, Epoch 26/30, Loss: 0.0779, Correct: 5366, Accuracy: 0.9774
Shadow Model 9/80, Epoch 27/30, Loss: 0.0228, Correct: 5454, Accuracy: 0.9934
Shadow Model 9/80, Epoch 28/30, Loss: 0.0397, Correct: 5420, Accuracy: 0.9872
Shadow Model 9/80, Epoch 29/30, Loss: 0.0400, Correct: 5412, Accuracy: 0.9858
Shadow Model 9/80, Epoch 30/30, Loss: 0.0157, Correct: 5469, Accuracy: 0.9962
  Min count per (class, membership) group: 610
  Samples per group selected as IN: 305
  Class 0 | membership=0: 761 total → 305 IN selected
  Class 0 | membership=1: 754 total → 305 IN selected
  Class 1 | membership=0: 774 total → 305 IN selected
  Class 1 | membership=1: 774 total → 305 IN selected
  Class 2 | membership=0: 750 total → 305 IN selected
  Class 2 | membership=1: 796 total → 305 IN selected
  Class 3 | membership=0: 783 total → 305 IN selected
  Class 3 | membership=1: 798 total → 305 IN selected
  Class 4 | membership=0: 688 total → 305 IN selected
  Class 4 | membership=1: 660 total → 305 IN selected
  Class 5 | membership=0: 897 total → 305 IN selected
  Class 5 | membership=1: 898 total → 305 IN selected
  Class 6 | membership=0: 612 total → 305 IN selected
  Class 6 | membership=1: 610 total → 305 IN selected
  Class 7 | membership=0: 740 total → 305 IN selected
  Class 7 | membership=1: 665 total → 305 IN selected
  Class 8 | membership=0: 995 total → 305 IN selected
  Class 8 | membership=1: 1045 total → 305 IN selected
Shadow Model 10/80, Epoch 1/30, Loss: 1.1748, Correct: 3112, Accuracy: 0.5668
Shadow Model 10/80, Epoch 2/30, Loss: 0.8471, Correct: 3798, Accuracy: 0.6918
Shadow Model 10/80, Epoch 3/30, Loss: 0.6876, Correct: 4144, Accuracy: 0.7548
Shadow Model 10/80, Epoch 4/30, Loss: 0.6308, Correct: 4252, Accuracy: 0.7745
Shadow Model 10/80, Epoch 5/30, Loss: 0.5606, Correct: 4389, Accuracy: 0.7995
Shadow Model 10/80, Epoch 6/30, Loss: 0.5162, Correct: 4475, Accuracy: 0.8151
Shadow Model 10/80, Epoch 7/30, Loss: 0.4651, Correct: 4592, Accuracy: 0.8364
Shadow Model 10/80, Epoch 8/30, Loss: 0.4168, Correct: 4678, Accuracy: 0.8521
Shadow Model 10/80, Epoch 9/30, Loss: 0.3650, Correct: 4786, Accuracy: 0.8718
Shadow Model 10/80, Epoch 10/30, Loss: 0.3077, Correct: 4899, Accuracy: 0.8923
Shadow Model 10/80, Epoch 11/30, Loss: 0.3042, Correct: 4907, Accuracy: 0.8938
Shadow Model 10/80, Epoch 12/30, Loss: 0.2431, Correct: 5033, Accuracy: 0.9168
Shadow Model 10/80, Epoch 13/30, Loss: 0.2508, Correct: 5013, Accuracy: 0.9131
Shadow Model 10/80, Epoch 14/30, Loss: 0.2195, Correct: 5064, Accuracy: 0.9224
Shadow Model 10/80, Epoch 15/30, Loss: 0.1532, Correct: 5198, Accuracy: 0.9468
Shadow Model 10/80, Epoch 16/30, Loss: 0.1328, Correct: 5246, Accuracy: 0.9556
Shadow Model 10/80, Epoch 17/30, Loss: 0.1237, Correct: 5249, Accuracy: 0.9561
Shadow Model 10/80, Epoch 18/30, Loss: 0.1444, Correct: 5221, Accuracy: 0.9510
Shadow Model 10/80, Epoch 19/30, Loss: 0.1053, Correct: 5290, Accuracy: 0.9636
Shadow Model 10/80, Epoch 20/30, Loss: 0.0949, Correct: 5323, Accuracy: 0.9696
Shadow Model 10/80, Epoch 21/30, Loss: 0.0441, Correct: 5414, Accuracy: 0.9862
Shadow Model 10/80, Epoch 22/30, Loss: 0.0774, Correct: 5341, Accuracy: 0.9729
Shadow Model 10/80, Epoch 23/30, Loss: 0.0647, Correct: 5364, Accuracy: 0.9770
Shadow Model 10/80, Epoch 24/30, Loss: 0.0298, Correct: 5439, Accuracy: 0.9907
Shadow Model 10/80, Epoch 25/30, Loss: 0.0758, Correct: 5360, Accuracy: 0.9763
Shadow Model 10/80, Epoch 26/30, Loss: 0.0449, Correct: 5410, Accuracy: 0.9854
Shadow Model 10/80, Epoch 27/30, Loss: 0.0436, Correct: 5409, Accuracy: 0.9852
Shadow Model 10/80, Epoch 28/30, Loss: 0.0390, Correct: 5412, Accuracy: 0.9858
Shadow Model 10/80, Epoch 29/30, Loss: 0.0389, Correct: 5418, Accuracy: 0.9869
Shadow Model 10/80, Epoch 30/30, Loss: 0.0383, Correct: 5417, Accuracy: 0.9867
  Min count per (class, membership) group: 610
  Samples per group selected as IN: 305
  Class 0 | membership=0: 761 total → 305 IN selected
  Class 0 | membership=1: 754 total → 305 IN selected
  Class 1 | membership=0: 774 total → 305 IN selected
  Class 1 | membership=1: 774 total → 305 IN selected
  Class 2 | membership=0: 750 total → 305 IN selected
  Class 2 | membership=1: 796 total → 305 IN selected
  Class 3 | membership=0: 783 total → 305 IN selected
  Class 3 | membership=1: 798 total → 305 IN selected
  Class 4 | membership=0: 688 total → 305 IN selected
  Class 4 | membership=1: 660 total → 305 IN selected
  Class 5 | membership=0: 897 total → 305 IN selected
  Class 5 | membership=1: 898 total → 305 IN selected
  Class 6 | membership=0: 612 total → 305 IN selected
  Class 6 | membership=1: 610 total → 305 IN selected
  Class 7 | membership=0: 740 total → 305 IN selected
  Class 7 | membership=1: 665 total → 305 IN selected
  Class 8 | membership=0: 995 total → 305 IN selected
  Class 8 | membership=1: 1045 total → 305 IN selected
Shadow Model 11/80, Epoch 1/30, Loss: 1.1941, Correct: 3034, Accuracy: 0.5526
Shadow Model 11/80, Epoch 2/30, Loss: 0.8558, Correct: 3729, Accuracy: 0.6792
Shadow Model 11/80, Epoch 3/30, Loss: 0.7718, Correct: 3928, Accuracy: 0.7155
Shadow Model 11/80, Epoch 4/30, Loss: 0.6653, Correct: 4169, Accuracy: 0.7594
Shadow Model 11/80, Epoch 5/30, Loss: 0.5747, Correct: 4419, Accuracy: 0.8049
Shadow Model 11/80, Epoch 6/30, Loss: 0.4967, Correct: 4512, Accuracy: 0.8219
Shadow Model 11/80, Epoch 7/30, Loss: 0.4742, Correct: 4578, Accuracy: 0.8339
Shadow Model 11/80, Epoch 8/30, Loss: 0.4141, Correct: 4643, Accuracy: 0.8457
Shadow Model 11/80, Epoch 9/30, Loss: 0.3785, Correct: 4750, Accuracy: 0.8652
Shadow Model 11/80, Epoch 10/30, Loss: 0.3323, Correct: 4840, Accuracy: 0.8816
Shadow Model 11/80, Epoch 11/30, Loss: 0.2799, Correct: 4959, Accuracy: 0.9033
Shadow Model 11/80, Epoch 12/30, Loss: 0.2745, Correct: 4935, Accuracy: 0.8989
Shadow Model 11/80, Epoch 13/30, Loss: 0.2392, Correct: 5018, Accuracy: 0.9140
Shadow Model 11/80, Epoch 14/30, Loss: 0.2036, Correct: 5099, Accuracy: 0.9288
Shadow Model 11/80, Epoch 15/30, Loss: 0.1697, Correct: 5158, Accuracy: 0.9395
Shadow Model 11/80, Epoch 16/30, Loss: 0.1763, Correct: 5151, Accuracy: 0.9383
Shadow Model 11/80, Epoch 17/30, Loss: 0.1120, Correct: 5284, Accuracy: 0.9625
Shadow Model 11/80, Epoch 18/30, Loss: 0.1190, Correct: 5273, Accuracy: 0.9605
Shadow Model 11/80, Epoch 19/30, Loss: 0.0882, Correct: 5333, Accuracy: 0.9714
Shadow Model 11/80, Epoch 20/30, Loss: 0.1009, Correct: 5293, Accuracy: 0.9641
Shadow Model 11/80, Epoch 21/30, Loss: 0.0981, Correct: 5313, Accuracy: 0.9678
Shadow Model 11/80, Epoch 22/30, Loss: 0.0525, Correct: 5394, Accuracy: 0.9825
Shadow Model 11/80, Epoch 23/30, Loss: 0.0589, Correct: 5388, Accuracy: 0.9814
Shadow Model 11/80, Epoch 24/30, Loss: 0.0661, Correct: 5363, Accuracy: 0.9769
Shadow Model 11/80, Epoch 25/30, Loss: 0.0477, Correct: 5408, Accuracy: 0.9851
Shadow Model 11/80, Epoch 26/30, Loss: 0.0339, Correct: 5428, Accuracy: 0.9887
Shadow Model 11/80, Epoch 27/30, Loss: 0.0408, Correct: 5421, Accuracy: 0.9874
Shadow Model 11/80, Epoch 28/30, Loss: 0.0672, Correct: 5370, Accuracy: 0.9781
Shadow Model 11/80, Epoch 29/30, Loss: 0.0523, Correct: 5397, Accuracy: 0.9831
Shadow Model 11/80, Epoch 30/30, Loss: 0.0232, Correct: 5452, Accuracy: 0.9931
  Min count per (class, membership) group: 610
  Samples per group selected as IN: 305
  Class 0 | membership=0: 761 total → 305 IN selected
  Class 0 | membership=1: 754 total → 305 IN selected
  Class 1 | membership=0: 774 total → 305 IN selected
  Class 1 | membership=1: 774 total → 305 IN selected
  Class 2 | membership=0: 750 total → 305 IN selected
  Class 2 | membership=1: 796 total → 305 IN selected
  Class 3 | membership=0: 783 total → 305 IN selected
  Class 3 | membership=1: 798 total → 305 IN selected
  Class 4 | membership=0: 688 total → 305 IN selected
  Class 4 | membership=1: 660 total → 305 IN selected
  Class 5 | membership=0: 897 total → 305 IN selected
  Class 5 | membership=1: 898 total → 305 IN selected
  Class 6 | membership=0: 612 total → 305 IN selected
  Class 6 | membership=1: 610 total → 305 IN selected
  Class 7 | membership=0: 740 total → 305 IN selected
  Class 7 | membership=1: 665 total → 305 IN selected
  Class 8 | membership=0: 995 total → 305 IN selected
  Class 8 | membership=1: 1045 total → 305 IN selected
Shadow Model 12/80, Epoch 1/30, Loss: 1.1661, Correct: 3131, Accuracy: 0.5703
Shadow Model 12/80, Epoch 2/30, Loss: 0.8634, Correct: 3735, Accuracy: 0.6803
Shadow Model 12/80, Epoch 3/30, Loss: 0.7466, Correct: 3997, Accuracy: 0.7281
Shadow Model 12/80, Epoch 4/30, Loss: 0.6825, Correct: 4123, Accuracy: 0.7510
Shadow Model 12/80, Epoch 5/30, Loss: 0.5587, Correct: 4374, Accuracy: 0.7967
Shadow Model 12/80, Epoch 6/30, Loss: 0.4834, Correct: 4541, Accuracy: 0.8271
Shadow Model 12/80, Epoch 7/30, Loss: 0.4738, Correct: 4557, Accuracy: 0.8301
Shadow Model 12/80, Epoch 8/30, Loss: 0.4201, Correct: 4684, Accuracy: 0.8532
Shadow Model 12/80, Epoch 9/30, Loss: 0.3728, Correct: 4737, Accuracy: 0.8628
Shadow Model 12/80, Epoch 10/30, Loss: 0.3569, Correct: 4797, Accuracy: 0.8738
Shadow Model 12/80, Epoch 11/30, Loss: 0.3542, Correct: 4835, Accuracy: 0.8807
Shadow Model 12/80, Epoch 12/30, Loss: 0.3017, Correct: 4886, Accuracy: 0.8900
Shadow Model 12/80, Epoch 13/30, Loss: 0.2194, Correct: 5081, Accuracy: 0.9255
Shadow Model 12/80, Epoch 14/30, Loss: 0.2040, Correct: 5107, Accuracy: 0.9302
Shadow Model 12/80, Epoch 15/30, Loss: 0.1711, Correct: 5163, Accuracy: 0.9404
Shadow Model 12/80, Epoch 16/30, Loss: 0.1651, Correct: 5179, Accuracy: 0.9434
Shadow Model 12/80, Epoch 17/30, Loss: 0.1019, Correct: 5305, Accuracy: 0.9663
Shadow Model 12/80, Epoch 18/30, Loss: 0.1214, Correct: 5260, Accuracy: 0.9581
Shadow Model 12/80, Epoch 19/30, Loss: 0.0882, Correct: 5335, Accuracy: 0.9718
Shadow Model 12/80, Epoch 20/30, Loss: 0.0838, Correct: 5331, Accuracy: 0.9710
Shadow Model 12/80, Epoch 21/30, Loss: 0.0849, Correct: 5331, Accuracy: 0.9710
Shadow Model 12/80, Epoch 22/30, Loss: 0.0667, Correct: 5381, Accuracy: 0.9801
Shadow Model 12/80, Epoch 23/30, Loss: 0.0630, Correct: 5377, Accuracy: 0.9794
Shadow Model 12/80, Epoch 24/30, Loss: 0.0467, Correct: 5403, Accuracy: 0.9842
Shadow Model 12/80, Epoch 25/30, Loss: 0.0427, Correct: 5416, Accuracy: 0.9865
Shadow Model 12/80, Epoch 26/30, Loss: 0.0500, Correct: 5394, Accuracy: 0.9825
Shadow Model 12/80, Epoch 27/30, Loss: 0.0440, Correct: 5420, Accuracy: 0.9872
Shadow Model 12/80, Epoch 28/30, Loss: 0.0488, Correct: 5398, Accuracy: 0.9832
Shadow Model 12/80, Epoch 29/30, Loss: 0.0650, Correct: 5371, Accuracy: 0.9783
Shadow Model 12/80, Epoch 30/30, Loss: 0.0257, Correct: 5448, Accuracy: 0.9923
  Min count per (class, membership) group: 610
  Samples per group selected as IN: 305
  Class 0 | membership=0: 761 total → 305 IN selected
  Class 0 | membership=1: 754 total → 305 IN selected
  Class 1 | membership=0: 774 total → 305 IN selected
  Class 1 | membership=1: 774 total → 305 IN selected
  Class 2 | membership=0: 750 total → 305 IN selected
  Class 2 | membership=1: 796 total → 305 IN selected
  Class 3 | membership=0: 783 total → 305 IN selected
  Class 3 | membership=1: 798 total → 305 IN selected
  Class 4 | membership=0: 688 total → 305 IN selected
  Class 4 | membership=1: 660 total → 305 IN selected
  Class 5 | membership=0: 897 total → 305 IN selected
  Class 5 | membership=1: 898 total → 305 IN selected
  Class 6 | membership=0: 612 total → 305 IN selected
  Class 6 | membership=1: 610 total → 305 IN selected
  Class 7 | membership=0: 740 total → 305 IN selected
  Class 7 | membership=1: 665 total → 305 IN selected
  Class 8 | membership=0: 995 total → 305 IN selected
  Class 8 | membership=1: 1045 total → 305 IN selected
Shadow Model 13/80, Epoch 1/30, Loss: 1.2067, Correct: 3046, Accuracy: 0.5548
Shadow Model 13/80, Epoch 2/30, Loss: 0.9392, Correct: 3590, Accuracy: 0.6539
Shadow Model 13/80, Epoch 3/30, Loss: 0.7699, Correct: 3960, Accuracy: 0.7213
Shadow Model 13/80, Epoch 4/30, Loss: 0.6296, Correct: 4254, Accuracy: 0.7749
Shadow Model 13/80, Epoch 5/30, Loss: 0.6213, Correct: 4297, Accuracy: 0.7827
Shadow Model 13/80, Epoch 6/30, Loss: 0.5386, Correct: 4463, Accuracy: 0.8129
Shadow Model 13/80, Epoch 7/30, Loss: 0.4633, Correct: 4594, Accuracy: 0.8368
Shadow Model 13/80, Epoch 8/30, Loss: 0.4379, Correct: 4643, Accuracy: 0.8457
Shadow Model 13/80, Epoch 9/30, Loss: 0.3413, Correct: 4808, Accuracy: 0.8758
Shadow Model 13/80, Epoch 10/30, Loss: 0.3276, Correct: 4870, Accuracy: 0.8871
Shadow Model 13/80, Epoch 11/30, Loss: 0.2815, Correct: 4937, Accuracy: 0.8993
Shadow Model 13/80, Epoch 12/30, Loss: 0.2578, Correct: 4995, Accuracy: 0.9098
Shadow Model 13/80, Epoch 13/30, Loss: 0.2140, Correct: 5076, Accuracy: 0.9246
Shadow Model 13/80, Epoch 14/30, Loss: 0.1818, Correct: 5134, Accuracy: 0.9352
Shadow Model 13/80, Epoch 15/30, Loss: 0.1674, Correct: 5187, Accuracy: 0.9448
Shadow Model 13/80, Epoch 16/30, Loss: 0.1322, Correct: 5235, Accuracy: 0.9536
Shadow Model 13/80, Epoch 17/30, Loss: 0.1083, Correct: 5280, Accuracy: 0.9617
Shadow Model 13/80, Epoch 18/30, Loss: 0.0934, Correct: 5329, Accuracy: 0.9707
Shadow Model 13/80, Epoch 19/30, Loss: 0.0777, Correct: 5343, Accuracy: 0.9732
Shadow Model 13/80, Epoch 20/30, Loss: 0.0738, Correct: 5364, Accuracy: 0.9770
Shadow Model 13/80, Epoch 21/30, Loss: 0.0696, Correct: 5364, Accuracy: 0.9770
Shadow Model 13/80, Epoch 22/30, Loss: 0.0517, Correct: 5396, Accuracy: 0.9829
Shadow Model 13/80, Epoch 23/30, Loss: 0.0741, Correct: 5356, Accuracy: 0.9756
Shadow Model 13/80, Epoch 24/30, Loss: 0.0481, Correct: 5412, Accuracy: 0.9858
Shadow Model 13/80, Epoch 25/30, Loss: 0.0175, Correct: 5462, Accuracy: 0.9949
Shadow Model 13/80, Epoch 26/30, Loss: 0.0456, Correct: 5421, Accuracy: 0.9874
Shadow Model 13/80, Epoch 27/30, Loss: 0.0605, Correct: 5374, Accuracy: 0.9789
Shadow Model 13/80, Epoch 28/30, Loss: 0.0777, Correct: 5352, Accuracy: 0.9749
Shadow Model 13/80, Epoch 29/30, Loss: 0.0540, Correct: 5393, Accuracy: 0.9823
Shadow Model 13/80, Epoch 30/30, Loss: 0.0383, Correct: 5421, Accuracy: 0.9874
  Min count per (class, membership) group: 610
  Samples per group selected as IN: 305
  Class 0 | membership=0: 761 total → 305 IN selected
  Class 0 | membership=1: 754 total → 305 IN selected
  Class 1 | membership=0: 774 total → 305 IN selected
  Class 1 | membership=1: 774 total → 305 IN selected
  Class 2 | membership=0: 750 total → 305 IN selected
  Class 2 | membership=1: 796 total → 305 IN selected
  Class 3 | membership=0: 783 total → 305 IN selected
  Class 3 | membership=1: 798 total → 305 IN selected
  Class 4 | membership=0: 688 total → 305 IN selected
  Class 4 | membership=1: 660 total → 305 IN selected
  Class 5 | membership=0: 897 total → 305 IN selected
  Class 5 | membership=1: 898 total → 305 IN selected
  Class 6 | membership=0: 612 total → 305 IN selected
  Class 6 | membership=1: 610 total → 305 IN selected
  Class 7 | membership=0: 740 total → 305 IN selected
  Class 7 | membership=1: 665 total → 305 IN selected
  Class 8 | membership=0: 995 total → 305 IN selected
  Class 8 | membership=1: 1045 total → 305 IN selected
Shadow Model 14/80, Epoch 1/30, Loss: 1.1437, Correct: 3169, Accuracy: 0.5772
Shadow Model 14/80, Epoch 2/30, Loss: 0.8556, Correct: 3797, Accuracy: 0.6916
Shadow Model 14/80, Epoch 3/30, Loss: 0.7600, Correct: 4003, Accuracy: 0.7291
Shadow Model 14/80, Epoch 4/30, Loss: 0.5800, Correct: 4367, Accuracy: 0.7954
Shadow Model 14/80, Epoch 5/30, Loss: 0.5438, Correct: 4416, Accuracy: 0.8044
Shadow Model 14/80, Epoch 6/30, Loss: 0.5184, Correct: 4466, Accuracy: 0.8135
Shadow Model 14/80, Epoch 7/30, Loss: 0.4577, Correct: 4604, Accuracy: 0.8386
Shadow Model 14/80, Epoch 8/30, Loss: 0.3690, Correct: 4786, Accuracy: 0.8718
Shadow Model 14/80, Epoch 9/30, Loss: 0.3675, Correct: 4794, Accuracy: 0.8732
Shadow Model 14/80, Epoch 10/30, Loss: 0.3421, Correct: 4817, Accuracy: 0.8774
Shadow Model 14/80, Epoch 11/30, Loss: 0.2931, Correct: 4947, Accuracy: 0.9011
Shadow Model 14/80, Epoch 12/30, Loss: 0.2569, Correct: 4999, Accuracy: 0.9106
Shadow Model 14/80, Epoch 13/30, Loss: 0.2167, Correct: 5083, Accuracy: 0.9259
Shadow Model 14/80, Epoch 14/30, Loss: 0.1913, Correct: 5118, Accuracy: 0.9322
Shadow Model 14/80, Epoch 15/30, Loss: 0.2007, Correct: 5125, Accuracy: 0.9335
Shadow Model 14/80, Epoch 16/30, Loss: 0.1538, Correct: 5194, Accuracy: 0.9461
Shadow Model 14/80, Epoch 17/30, Loss: 0.1541, Correct: 5192, Accuracy: 0.9457
Shadow Model 14/80, Epoch 18/30, Loss: 0.1118, Correct: 5289, Accuracy: 0.9634
Shadow Model 14/80, Epoch 19/30, Loss: 0.0941, Correct: 5326, Accuracy: 0.9701
Shadow Model 14/80, Epoch 20/30, Loss: 0.0712, Correct: 5352, Accuracy: 0.9749
Shadow Model 14/80, Epoch 21/30, Loss: 0.1108, Correct: 5286, Accuracy: 0.9628
Shadow Model 14/80, Epoch 22/30, Loss: 0.1210, Correct: 5275, Accuracy: 0.9608
Shadow Model 14/80, Epoch 23/30, Loss: 0.0789, Correct: 5346, Accuracy: 0.9738
Shadow Model 14/80, Epoch 24/30, Loss: 0.0356, Correct: 5430, Accuracy: 0.9891
Shadow Model 14/80, Epoch 25/30, Loss: 0.0451, Correct: 5411, Accuracy: 0.9856
Shadow Model 14/80, Epoch 26/30, Loss: 0.0611, Correct: 5373, Accuracy: 0.9787
Shadow Model 14/80, Epoch 27/30, Loss: 0.0478, Correct: 5398, Accuracy: 0.9832
Shadow Model 14/80, Epoch 28/30, Loss: 0.0199, Correct: 5458, Accuracy: 0.9942
Shadow Model 14/80, Epoch 29/30, Loss: 0.0363, Correct: 5421, Accuracy: 0.9874
Shadow Model 14/80, Epoch 30/30, Loss: 0.0345, Correct: 5422, Accuracy: 0.9876
  Min count per (class, membership) group: 610
  Samples per group selected as IN: 305
  Class 0 | membership=0: 761 total → 305 IN selected
  Class 0 | membership=1: 754 total → 305 IN selected
  Class 1 | membership=0: 774 total → 305 IN selected
  Class 1 | membership=1: 774 total → 305 IN selected
  Class 2 | membership=0: 750 total → 305 IN selected
  Class 2 | membership=1: 796 total → 305 IN selected
  Class 3 | membership=0: 783 total → 305 IN selected
  Class 3 | membership=1: 798 total → 305 IN selected
  Class 4 | membership=0: 688 total → 305 IN selected
  Class 4 | membership=1: 660 total → 305 IN selected
  Class 5 | membership=0: 897 total → 305 IN selected
  Class 5 | membership=1: 898 total → 305 IN selected
  Class 6 | membership=0: 612 total → 305 IN selected
  Class 6 | membership=1: 610 total → 305 IN selected
  Class 7 | membership=0: 740 total → 305 IN selected
  Class 7 | membership=1: 665 total → 305 IN selected
  Class 8 | membership=0: 995 total → 305 IN selected
  Class 8 | membership=1: 1045 total → 305 IN selected
Shadow Model 15/80, Epoch 1/30, Loss: 1.1904, Correct: 3077, Accuracy: 0.5605
Shadow Model 15/80, Epoch 2/30, Loss: 0.8515, Correct: 3842, Accuracy: 0.6998
Shadow Model 15/80, Epoch 3/30, Loss: 0.7392, Correct: 4068, Accuracy: 0.7410
Shadow Model 15/80, Epoch 4/30, Loss: 0.5963, Correct: 4356, Accuracy: 0.7934
Shadow Model 15/80, Epoch 5/30, Loss: 0.5377, Correct: 4456, Accuracy: 0.8117
Shadow Model 15/80, Epoch 6/30, Loss: 0.5031, Correct: 4521, Accuracy: 0.8235
Shadow Model 15/80, Epoch 7/30, Loss: 0.4285, Correct: 4683, Accuracy: 0.8530
Shadow Model 15/80, Epoch 8/30, Loss: 0.4003, Correct: 4708, Accuracy: 0.8576
Shadow Model 15/80, Epoch 9/30, Loss: 0.3470, Correct: 4800, Accuracy: 0.8743
Shadow Model 15/80, Epoch 10/30, Loss: 0.2961, Correct: 4908, Accuracy: 0.8940
Shadow Model 15/80, Epoch 11/30, Loss: 0.3203, Correct: 4871, Accuracy: 0.8872
Shadow Model 15/80, Epoch 12/30, Loss: 0.2899, Correct: 4935, Accuracy: 0.8989
Shadow Model 15/80, Epoch 13/30, Loss: 0.2329, Correct: 5050, Accuracy: 0.9199
Shadow Model 15/80, Epoch 14/30, Loss: 0.2206, Correct: 5075, Accuracy: 0.9244
Shadow Model 15/80, Epoch 15/30, Loss: 0.1642, Correct: 5182, Accuracy: 0.9439
Shadow Model 15/80, Epoch 16/30, Loss: 0.1442, Correct: 5229, Accuracy: 0.9525
Shadow Model 15/80, Epoch 17/30, Loss: 0.1474, Correct: 5206, Accuracy: 0.9483
Shadow Model 15/80, Epoch 18/30, Loss: 0.1251, Correct: 5262, Accuracy: 0.9585
Shadow Model 15/80, Epoch 19/30, Loss: 0.0847, Correct: 5341, Accuracy: 0.9729
Shadow Model 15/80, Epoch 20/30, Loss: 0.0890, Correct: 5330, Accuracy: 0.9709
Shadow Model 15/80, Epoch 21/30, Loss: 0.0761, Correct: 5356, Accuracy: 0.9756
Shadow Model 15/80, Epoch 22/30, Loss: 0.0656, Correct: 5357, Accuracy: 0.9758
Shadow Model 15/80, Epoch 23/30, Loss: 0.0804, Correct: 5350, Accuracy: 0.9745
Shadow Model 15/80, Epoch 24/30, Loss: 0.0675, Correct: 5359, Accuracy: 0.9761
Shadow Model 15/80, Epoch 25/30, Loss: 0.0833, Correct: 5359, Accuracy: 0.9761
Shadow Model 15/80, Epoch 26/30, Loss: 0.0299, Correct: 5434, Accuracy: 0.9898
Shadow Model 15/80, Epoch 27/30, Loss: 0.0426, Correct: 5422, Accuracy: 0.9876
Shadow Model 15/80, Epoch 28/30, Loss: 0.0306, Correct: 5434, Accuracy: 0.9898
Shadow Model 15/80, Epoch 29/30, Loss: 0.0367, Correct: 5420, Accuracy: 0.9872
Shadow Model 15/80, Epoch 30/30, Loss: 0.0623, Correct: 5376, Accuracy: 0.9792
  Min count per (class, membership) group: 610
  Samples per group selected as IN: 305
  Class 0 | membership=0: 761 total → 305 IN selected
  Class 0 | membership=1: 754 total → 305 IN selected
  Class 1 | membership=0: 774 total → 305 IN selected
  Class 1 | membership=1: 774 total → 305 IN selected
  Class 2 | membership=0: 750 total → 305 IN selected
  Class 2 | membership=1: 796 total → 305 IN selected
  Class 3 | membership=0: 783 total → 305 IN selected
  Class 3 | membership=1: 798 total → 305 IN selected
  Class 4 | membership=0: 688 total → 305 IN selected
  Class 4 | membership=1: 660 total → 305 IN selected
  Class 5 | membership=0: 897 total → 305 IN selected
  Class 5 | membership=1: 898 total → 305 IN selected
  Class 6 | membership=0: 612 total → 305 IN selected
  Class 6 | membership=1: 610 total → 305 IN selected
  Class 7 | membership=0: 740 total → 305 IN selected
  Class 7 | membership=1: 665 total → 305 IN selected
  Class 8 | membership=0: 995 total → 305 IN selected
  Class 8 | membership=1: 1045 total → 305 IN selected
Shadow Model 16/80, Epoch 1/30, Loss: 1.1425, Correct: 3186, Accuracy: 0.5803
Shadow Model 16/80, Epoch 2/30, Loss: 0.8456, Correct: 3771, Accuracy: 0.6869
Shadow Model 16/80, Epoch 3/30, Loss: 0.7564, Correct: 4005, Accuracy: 0.7295
Shadow Model 16/80, Epoch 4/30, Loss: 0.6515, Correct: 4206, Accuracy: 0.7661
Shadow Model 16/80, Epoch 5/30, Loss: 0.5650, Correct: 4420, Accuracy: 0.8051
Shadow Model 16/80, Epoch 6/30, Loss: 0.5061, Correct: 4521, Accuracy: 0.8235
Shadow Model 16/80, Epoch 7/30, Loss: 0.4357, Correct: 4671, Accuracy: 0.8508
Shadow Model 16/80, Epoch 8/30, Loss: 0.3899, Correct: 4750, Accuracy: 0.8652
Shadow Model 16/80, Epoch 9/30, Loss: 0.3418, Correct: 4828, Accuracy: 0.8794
Shadow Model 16/80, Epoch 10/30, Loss: 0.3466, Correct: 4883, Accuracy: 0.8894
Shadow Model 16/80, Epoch 11/30, Loss: 0.2849, Correct: 4975, Accuracy: 0.9062
Shadow Model 16/80, Epoch 12/30, Loss: 0.2249, Correct: 5093, Accuracy: 0.9277
Shadow Model 16/80, Epoch 13/30, Loss: 0.2049, Correct: 5085, Accuracy: 0.9262
Shadow Model 16/80, Epoch 14/30, Loss: 0.2050, Correct: 5130, Accuracy: 0.9344
Shadow Model 16/80, Epoch 15/30, Loss: 0.1496, Correct: 5213, Accuracy: 0.9495
Shadow Model 16/80, Epoch 16/30, Loss: 0.1139, Correct: 5283, Accuracy: 0.9623
Shadow Model 16/80, Epoch 17/30, Loss: 0.1104, Correct: 5292, Accuracy: 0.9639
Shadow Model 16/80, Epoch 18/30, Loss: 0.0809, Correct: 5337, Accuracy: 0.9721
Shadow Model 16/80, Epoch 19/30, Loss: 0.0609, Correct: 5380, Accuracy: 0.9800
Shadow Model 16/80, Epoch 20/30, Loss: 0.0964, Correct: 5307, Accuracy: 0.9667
Shadow Model 16/80, Epoch 21/30, Loss: 0.0559, Correct: 5385, Accuracy: 0.9809
Shadow Model 16/80, Epoch 22/30, Loss: 0.0687, Correct: 5373, Accuracy: 0.9787
Shadow Model 16/80, Epoch 23/30, Loss: 0.0671, Correct: 5368, Accuracy: 0.9778
Shadow Model 16/80, Epoch 24/30, Loss: 0.0306, Correct: 5431, Accuracy: 0.9893
Shadow Model 16/80, Epoch 25/30, Loss: 0.0718, Correct: 5368, Accuracy: 0.9778
Shadow Model 16/80, Epoch 26/30, Loss: 0.0702, Correct: 5361, Accuracy: 0.9765
Shadow Model 16/80, Epoch 27/30, Loss: 0.0641, Correct: 5368, Accuracy: 0.9778
Shadow Model 16/80, Epoch 28/30, Loss: 0.0694, Correct: 5378, Accuracy: 0.9796
Shadow Model 16/80, Epoch 29/30, Loss: 0.0428, Correct: 5420, Accuracy: 0.9872
Shadow Model 16/80, Epoch 30/30, Loss: 0.0503, Correct: 5404, Accuracy: 0.9843
  Min count per (class, membership) group: 610
  Samples per group selected as IN: 305
  Class 0 | membership=0: 761 total → 305 IN selected
  Class 0 | membership=1: 754 total → 305 IN selected
  Class 1 | membership=0: 774 total → 305 IN selected
  Class 1 | membership=1: 774 total → 305 IN selected
  Class 2 | membership=0: 750 total → 305 IN selected
  Class 2 | membership=1: 796 total → 305 IN selected
  Class 3 | membership=0: 783 total → 305 IN selected
  Class 3 | membership=1: 798 total → 305 IN selected
  Class 4 | membership=0: 688 total → 305 IN selected
  Class 4 | membership=1: 660 total → 305 IN selected
  Class 5 | membership=0: 897 total → 305 IN selected
  Class 5 | membership=1: 898 total → 305 IN selected
  Class 6 | membership=0: 612 total → 305 IN selected
  Class 6 | membership=1: 610 total → 305 IN selected
  Class 7 | membership=0: 740 total → 305 IN selected
  Class 7 | membership=1: 665 total → 305 IN selected
  Class 8 | membership=0: 995 total → 305 IN selected
  Class 8 | membership=1: 1045 total → 305 IN selected
Shadow Model 17/80, Epoch 1/30, Loss: 1.1741, Correct: 3106, Accuracy: 0.5658
Shadow Model 17/80, Epoch 2/30, Loss: 0.9096, Correct: 3615, Accuracy: 0.6585
Shadow Model 17/80, Epoch 3/30, Loss: 0.7708, Correct: 3918, Accuracy: 0.7137
Shadow Model 17/80, Epoch 4/30, Loss: 0.6537, Correct: 4160, Accuracy: 0.7577
Shadow Model 17/80, Epoch 5/30, Loss: 0.5656, Correct: 4373, Accuracy: 0.7965
Shadow Model 17/80, Epoch 6/30, Loss: 0.5077, Correct: 4502, Accuracy: 0.8200
Shadow Model 17/80, Epoch 7/30, Loss: 0.4395, Correct: 4632, Accuracy: 0.8437
Shadow Model 17/80, Epoch 8/30, Loss: 0.4207, Correct: 4634, Accuracy: 0.8441
Shadow Model 17/80, Epoch 9/30, Loss: 0.3565, Correct: 4812, Accuracy: 0.8765
Shadow Model 17/80, Epoch 10/30, Loss: 0.3740, Correct: 4746, Accuracy: 0.8645
Shadow Model 17/80, Epoch 11/30, Loss: 0.3228, Correct: 4842, Accuracy: 0.8820
Shadow Model 17/80, Epoch 12/30, Loss: 0.2817, Correct: 4922, Accuracy: 0.8965
Shadow Model 17/80, Epoch 13/30, Loss: 0.2748, Correct: 4945, Accuracy: 0.9007
Shadow Model 17/80, Epoch 14/30, Loss: 0.2243, Correct: 5046, Accuracy: 0.9191
Shadow Model 17/80, Epoch 15/30, Loss: 0.1930, Correct: 5127, Accuracy: 0.9339
Shadow Model 17/80, Epoch 16/30, Loss: 0.1456, Correct: 5216, Accuracy: 0.9501
Shadow Model 17/80, Epoch 17/30, Loss: 0.1360, Correct: 5247, Accuracy: 0.9557
Shadow Model 17/80, Epoch 18/30, Loss: 0.1499, Correct: 5209, Accuracy: 0.9488
Shadow Model 17/80, Epoch 19/30, Loss: 0.1211, Correct: 5253, Accuracy: 0.9568
Shadow Model 17/80, Epoch 20/30, Loss: 0.1226, Correct: 5258, Accuracy: 0.9577
Shadow Model 17/80, Epoch 21/30, Loss: 0.0789, Correct: 5342, Accuracy: 0.9730
Shadow Model 17/80, Epoch 22/30, Loss: 0.0645, Correct: 5366, Accuracy: 0.9774
Shadow Model 17/80, Epoch 23/30, Loss: 0.0814, Correct: 5322, Accuracy: 0.9694
Shadow Model 17/80, Epoch 24/30, Loss: 0.0737, Correct: 5353, Accuracy: 0.9750
Shadow Model 17/80, Epoch 25/30, Loss: 0.0530, Correct: 5402, Accuracy: 0.9840
Shadow Model 17/80, Epoch 26/30, Loss: 0.0451, Correct: 5410, Accuracy: 0.9854
Shadow Model 17/80, Epoch 27/30, Loss: 0.0543, Correct: 5400, Accuracy: 0.9836
Shadow Model 17/80, Epoch 28/30, Loss: 0.0437, Correct: 5406, Accuracy: 0.9847
Shadow Model 17/80, Epoch 29/30, Loss: 0.0399, Correct: 5416, Accuracy: 0.9865
Shadow Model 17/80, Epoch 30/30, Loss: 0.0232, Correct: 5448, Accuracy: 0.9923
  Min count per (class, membership) group: 610
  Samples per group selected as IN: 305
  Class 0 | membership=0: 761 total → 305 IN selected
  Class 0 | membership=1: 754 total → 305 IN selected
  Class 1 | membership=0: 774 total → 305 IN selected
  Class 1 | membership=1: 774 total → 305 IN selected
  Class 2 | membership=0: 750 total → 305 IN selected
  Class 2 | membership=1: 796 total → 305 IN selected
  Class 3 | membership=0: 783 total → 305 IN selected
  Class 3 | membership=1: 798 total → 305 IN selected
  Class 4 | membership=0: 688 total → 305 IN selected
  Class 4 | membership=1: 660 total → 305 IN selected
  Class 5 | membership=0: 897 total → 305 IN selected
  Class 5 | membership=1: 898 total → 305 IN selected
  Class 6 | membership=0: 612 total → 305 IN selected
  Class 6 | membership=1: 610 total → 305 IN selected
  Class 7 | membership=0: 740 total → 305 IN selected
  Class 7 | membership=1: 665 total → 305 IN selected
  Class 8 | membership=0: 995 total → 305 IN selected
  Class 8 | membership=1: 1045 total → 305 IN selected
Shadow Model 18/80, Epoch 1/30, Loss: 1.1783, Correct: 3159, Accuracy: 0.5754
Shadow Model 18/80, Epoch 2/30, Loss: 0.8502, Correct: 3756, Accuracy: 0.6842
Shadow Model 18/80, Epoch 3/30, Loss: 0.7667, Correct: 3944, Accuracy: 0.7184
Shadow Model 18/80, Epoch 4/30, Loss: 0.6603, Correct: 4209, Accuracy: 0.7667
Shadow Model 18/80, Epoch 5/30, Loss: 0.5868, Correct: 4342, Accuracy: 0.7909
Shadow Model 18/80, Epoch 6/30, Loss: 0.4942, Correct: 4533, Accuracy: 0.8257
Shadow Model 18/80, Epoch 7/30, Loss: 0.4675, Correct: 4549, Accuracy: 0.8286
Shadow Model 18/80, Epoch 8/30, Loss: 0.4119, Correct: 4676, Accuracy: 0.8517
Shadow Model 18/80, Epoch 9/30, Loss: 0.3936, Correct: 4706, Accuracy: 0.8572
Shadow Model 18/80, Epoch 10/30, Loss: 0.3540, Correct: 4810, Accuracy: 0.8761
Shadow Model 18/80, Epoch 11/30, Loss: 0.3046, Correct: 4889, Accuracy: 0.8905
Shadow Model 18/80, Epoch 12/30, Loss: 0.2670, Correct: 4954, Accuracy: 0.9024
Shadow Model 18/80, Epoch 13/30, Loss: 0.2397, Correct: 5018, Accuracy: 0.9140
Shadow Model 18/80, Epoch 14/30, Loss: 0.2162, Correct: 5049, Accuracy: 0.9197
Shadow Model 18/80, Epoch 15/30, Loss: 0.2075, Correct: 5104, Accuracy: 0.9297
Shadow Model 18/80, Epoch 16/30, Loss: 0.2081, Correct: 5130, Accuracy: 0.9344
Shadow Model 18/80, Epoch 17/30, Loss: 0.1892, Correct: 5145, Accuracy: 0.9372
Shadow Model 18/80, Epoch 18/30, Loss: 0.1200, Correct: 5271, Accuracy: 0.9601
Shadow Model 18/80, Epoch 19/30, Loss: 0.1180, Correct: 5272, Accuracy: 0.9603
Shadow Model 18/80, Epoch 20/30, Loss: 0.0859, Correct: 5324, Accuracy: 0.9698
Shadow Model 18/80, Epoch 21/30, Loss: 0.0741, Correct: 5357, Accuracy: 0.9758
Shadow Model 18/80, Epoch 22/30, Loss: 0.0605, Correct: 5384, Accuracy: 0.9807
Shadow Model 18/80, Epoch 23/30, Loss: 0.0530, Correct: 5397, Accuracy: 0.9831
Shadow Model 18/80, Epoch 24/30, Loss: 0.0908, Correct: 5335, Accuracy: 0.9718
Shadow Model 18/80, Epoch 25/30, Loss: 0.0583, Correct: 5400, Accuracy: 0.9836
Shadow Model 18/80, Epoch 26/30, Loss: 0.0319, Correct: 5442, Accuracy: 0.9913
Shadow Model 18/80, Epoch 27/30, Loss: 0.0252, Correct: 5453, Accuracy: 0.9933
Shadow Model 18/80, Epoch 28/30, Loss: 0.0503, Correct: 5406, Accuracy: 0.9847
Shadow Model 18/80, Epoch 29/30, Loss: 0.0320, Correct: 5423, Accuracy: 0.9878
Shadow Model 18/80, Epoch 30/30, Loss: 0.0265, Correct: 5440, Accuracy: 0.9909
  Min count per (class, membership) group: 610
  Samples per group selected as IN: 305
  Class 0 | membership=0: 761 total → 305 IN selected
  Class 0 | membership=1: 754 total → 305 IN selected
  Class 1 | membership=0: 774 total → 305 IN selected
  Class 1 | membership=1: 774 total → 305 IN selected
  Class 2 | membership=0: 750 total → 305 IN selected
  Class 2 | membership=1: 796 total → 305 IN selected
  Class 3 | membership=0: 783 total → 305 IN selected
  Class 3 | membership=1: 798 total → 305 IN selected
  Class 4 | membership=0: 688 total → 305 IN selected
  Class 4 | membership=1: 660 total → 305 IN selected
  Class 5 | membership=0: 897 total → 305 IN selected
  Class 5 | membership=1: 898 total → 305 IN selected
  Class 6 | membership=0: 612 total → 305 IN selected
  Class 6 | membership=1: 610 total → 305 IN selected
  Class 7 | membership=0: 740 total → 305 IN selected
  Class 7 | membership=1: 665 total → 305 IN selected
  Class 8 | membership=0: 995 total → 305 IN selected
  Class 8 | membership=1: 1045 total → 305 IN selected
Shadow Model 19/80, Epoch 1/30, Loss: 1.2105, Correct: 2996, Accuracy: 0.5457
Shadow Model 19/80, Epoch 2/30, Loss: 0.8865, Correct: 3702, Accuracy: 0.6743
Shadow Model 19/80, Epoch 3/30, Loss: 0.7688, Correct: 3962, Accuracy: 0.7217
Shadow Model 19/80, Epoch 4/30, Loss: 0.6932, Correct: 4116, Accuracy: 0.7497
Shadow Model 19/80, Epoch 5/30, Loss: 0.5685, Correct: 4344, Accuracy: 0.7913
Shadow Model 19/80, Epoch 6/30, Loss: 0.5369, Correct: 4420, Accuracy: 0.8051
Shadow Model 19/80, Epoch 7/30, Loss: 0.4748, Correct: 4577, Accuracy: 0.8337
Shadow Model 19/80, Epoch 8/30, Loss: 0.4328, Correct: 4644, Accuracy: 0.8459
Shadow Model 19/80, Epoch 9/30, Loss: 0.3989, Correct: 4737, Accuracy: 0.8628
Shadow Model 19/80, Epoch 10/30, Loss: 0.3443, Correct: 4813, Accuracy: 0.8767
Shadow Model 19/80, Epoch 11/30, Loss: 0.3018, Correct: 4906, Accuracy: 0.8936
Shadow Model 19/80, Epoch 12/30, Loss: 0.2768, Correct: 4952, Accuracy: 0.9020
Shadow Model 19/80, Epoch 13/30, Loss: 0.2394, Correct: 5015, Accuracy: 0.9135
Shadow Model 19/80, Epoch 14/30, Loss: 0.1970, Correct: 5113, Accuracy: 0.9313
Shadow Model 19/80, Epoch 15/30, Loss: 0.2061, Correct: 5112, Accuracy: 0.9311
Shadow Model 19/80, Epoch 16/30, Loss: 0.1691, Correct: 5178, Accuracy: 0.9432
Shadow Model 19/80, Epoch 17/30, Loss: 0.1257, Correct: 5268, Accuracy: 0.9596
Shadow Model 19/80, Epoch 18/30, Loss: 0.1385, Correct: 5251, Accuracy: 0.9565
Shadow Model 19/80, Epoch 19/30, Loss: 0.0982, Correct: 5315, Accuracy: 0.9681
Shadow Model 19/80, Epoch 20/30, Loss: 0.0890, Correct: 5336, Accuracy: 0.9719
Shadow Model 19/80, Epoch 21/30, Loss: 0.0863, Correct: 5326, Accuracy: 0.9701
Shadow Model 19/80, Epoch 22/30, Loss: 0.0687, Correct: 5365, Accuracy: 0.9772
Shadow Model 19/80, Epoch 23/30, Loss: 0.0851, Correct: 5340, Accuracy: 0.9727
Shadow Model 19/80, Epoch 24/30, Loss: 0.0677, Correct: 5366, Accuracy: 0.9774
Shadow Model 19/80, Epoch 25/30, Loss: 0.0369, Correct: 5425, Accuracy: 0.9882
Shadow Model 19/80, Epoch 26/30, Loss: 0.0634, Correct: 5380, Accuracy: 0.9800
Shadow Model 19/80, Epoch 27/30, Loss: 0.0473, Correct: 5409, Accuracy: 0.9852
Shadow Model 19/80, Epoch 28/30, Loss: 0.0421, Correct: 5405, Accuracy: 0.9845
Shadow Model 19/80, Epoch 29/30, Loss: 0.0474, Correct: 5416, Accuracy: 0.9865
Shadow Model 19/80, Epoch 30/30, Loss: 0.0275, Correct: 5448, Accuracy: 0.9923
  Min count per (class, membership) group: 610
  Samples per group selected as IN: 305
  Class 0 | membership=0: 761 total → 305 IN selected
  Class 0 | membership=1: 754 total → 305 IN selected
  Class 1 | membership=0: 774 total → 305 IN selected
  Class 1 | membership=1: 774 total → 305 IN selected
  Class 2 | membership=0: 750 total → 305 IN selected
  Class 2 | membership=1: 796 total → 305 IN selected
  Class 3 | membership=0: 783 total → 305 IN selected
  Class 3 | membership=1: 798 total → 305 IN selected
  Class 4 | membership=0: 688 total → 305 IN selected
  Class 4 | membership=1: 660 total → 305 IN selected
  Class 5 | membership=0: 897 total → 305 IN selected
  Class 5 | membership=1: 898 total → 305 IN selected
  Class 6 | membership=0: 612 total → 305 IN selected
  Class 6 | membership=1: 610 total → 305 IN selected
  Class 7 | membership=0: 740 total → 305 IN selected
  Class 7 | membership=1: 665 total → 305 IN selected
  Class 8 | membership=0: 995 total → 305 IN selected
  Class 8 | membership=1: 1045 total → 305 IN selected
Shadow Model 20/80, Epoch 1/30, Loss: 1.1652, Correct: 3135, Accuracy: 0.5710
Shadow Model 20/80, Epoch 2/30, Loss: 0.8760, Correct: 3731, Accuracy: 0.6796
Shadow Model 20/80, Epoch 3/30, Loss: 0.7415, Correct: 4063, Accuracy: 0.7401
Shadow Model 20/80, Epoch 4/30, Loss: 0.6246, Correct: 4261, Accuracy: 0.7761
Shadow Model 20/80, Epoch 5/30, Loss: 0.5335, Correct: 4450, Accuracy: 0.8106
Shadow Model 20/80, Epoch 6/30, Loss: 0.4786, Correct: 4557, Accuracy: 0.8301
Shadow Model 20/80, Epoch 7/30, Loss: 0.4339, Correct: 4639, Accuracy: 0.8450
Shadow Model 20/80, Epoch 8/30, Loss: 0.3874, Correct: 4728, Accuracy: 0.8612
Shadow Model 20/80, Epoch 9/30, Loss: 0.3287, Correct: 4861, Accuracy: 0.8854
Shadow Model 20/80, Epoch 10/30, Loss: 0.2896, Correct: 4924, Accuracy: 0.8969
Shadow Model 20/80, Epoch 11/30, Loss: 0.2905, Correct: 4916, Accuracy: 0.8954
Shadow Model 20/80, Epoch 12/30, Loss: 0.2335, Correct: 5043, Accuracy: 0.9186
Shadow Model 20/80, Epoch 13/30, Loss: 0.1939, Correct: 5128, Accuracy: 0.9341
Shadow Model 20/80, Epoch 14/30, Loss: 0.1531, Correct: 5196, Accuracy: 0.9464
Shadow Model 20/80, Epoch 15/30, Loss: 0.1675, Correct: 5197, Accuracy: 0.9466
Shadow Model 20/80, Epoch 16/30, Loss: 0.1192, Correct: 5270, Accuracy: 0.9599
Shadow Model 20/80, Epoch 17/30, Loss: 0.0816, Correct: 5345, Accuracy: 0.9736
Shadow Model 20/80, Epoch 18/30, Loss: 0.0638, Correct: 5366, Accuracy: 0.9774
Shadow Model 20/80, Epoch 19/30, Loss: 0.1242, Correct: 5255, Accuracy: 0.9572
Shadow Model 20/80, Epoch 20/30, Loss: 0.1285, Correct: 5256, Accuracy: 0.9574
Shadow Model 20/80, Epoch 21/30, Loss: 0.0500, Correct: 5406, Accuracy: 0.9847
Shadow Model 20/80, Epoch 22/30, Loss: 0.0540, Correct: 5394, Accuracy: 0.9825
Shadow Model 20/80, Epoch 23/30, Loss: 0.0775, Correct: 5366, Accuracy: 0.9774
Shadow Model 20/80, Epoch 24/30, Loss: 0.1013, Correct: 5300, Accuracy: 0.9654
Shadow Model 20/80, Epoch 25/30, Loss: 0.0438, Correct: 5409, Accuracy: 0.9852
Shadow Model 20/80, Epoch 26/30, Loss: 0.0250, Correct: 5443, Accuracy: 0.9914
Shadow Model 20/80, Epoch 27/30, Loss: 0.0279, Correct: 5439, Accuracy: 0.9907
Shadow Model 20/80, Epoch 28/30, Loss: 0.0334, Correct: 5431, Accuracy: 0.9893
Shadow Model 20/80, Epoch 29/30, Loss: 0.0355, Correct: 5426, Accuracy: 0.9883
Shadow Model 20/80, Epoch 30/30, Loss: 0.0388, Correct: 5423, Accuracy: 0.9878
  Min count per (class, membership) group: 610
  Samples per group selected as IN: 305
  Class 0 | membership=0: 761 total → 305 IN selected
  Class 0 | membership=1: 754 total → 305 IN selected
  Class 1 | membership=0: 774 total → 305 IN selected
  Class 1 | membership=1: 774 total → 305 IN selected
  Class 2 | membership=0: 750 total → 305 IN selected
  Class 2 | membership=1: 796 total → 305 IN selected
  Class 3 | membership=0: 783 total → 305 IN selected
  Class 3 | membership=1: 798 total → 305 IN selected
  Class 4 | membership=0: 688 total → 305 IN selected
  Class 4 | membership=1: 660 total → 305 IN selected
  Class 5 | membership=0: 897 total → 305 IN selected
  Class 5 | membership=1: 898 total → 305 IN selected
  Class 6 | membership=0: 612 total → 305 IN selected
  Class 6 | membership=1: 610 total → 305 IN selected
  Class 7 | membership=0: 740 total → 305 IN selected
  Class 7 | membership=1: 665 total → 305 IN selected
  Class 8 | membership=0: 995 total → 305 IN selected
  Class 8 | membership=1: 1045 total → 305 IN selected
Shadow Model 21/80, Epoch 1/30, Loss: 1.1574, Correct: 3123, Accuracy: 0.5689
Shadow Model 21/80, Epoch 2/30, Loss: 0.8575, Correct: 3786, Accuracy: 0.6896
Shadow Model 21/80, Epoch 3/30, Loss: 0.6999, Correct: 4129, Accuracy: 0.7521
Shadow Model 21/80, Epoch 4/30, Loss: 0.6191, Correct: 4307, Accuracy: 0.7845
Shadow Model 21/80, Epoch 5/30, Loss: 0.5274, Correct: 4470, Accuracy: 0.8142
Shadow Model 21/80, Epoch 6/30, Loss: 0.5009, Correct: 4535, Accuracy: 0.8260
Shadow Model 21/80, Epoch 7/30, Loss: 0.4005, Correct: 4719, Accuracy: 0.8596
Shadow Model 21/80, Epoch 8/30, Loss: 0.3979, Correct: 4726, Accuracy: 0.8608
Shadow Model 21/80, Epoch 9/30, Loss: 0.3455, Correct: 4830, Accuracy: 0.8798
Shadow Model 21/80, Epoch 10/30, Loss: 0.3323, Correct: 4859, Accuracy: 0.8851
Shadow Model 21/80, Epoch 11/30, Loss: 0.2634, Correct: 4967, Accuracy: 0.9047
Shadow Model 21/80, Epoch 12/30, Loss: 0.2322, Correct: 5059, Accuracy: 0.9215
Shadow Model 21/80, Epoch 13/30, Loss: 0.1883, Correct: 5137, Accuracy: 0.9357
Shadow Model 21/80, Epoch 14/30, Loss: 0.1931, Correct: 5110, Accuracy: 0.9308
Shadow Model 21/80, Epoch 15/30, Loss: 0.1401, Correct: 5221, Accuracy: 0.9510
Shadow Model 21/80, Epoch 16/30, Loss: 0.1335, Correct: 5243, Accuracy: 0.9550
Shadow Model 21/80, Epoch 17/30, Loss: 0.1321, Correct: 5235, Accuracy: 0.9536
Shadow Model 21/80, Epoch 18/30, Loss: 0.0689, Correct: 5368, Accuracy: 0.9778
Shadow Model 21/80, Epoch 19/30, Loss: 0.0976, Correct: 5312, Accuracy: 0.9676
Shadow Model 21/80, Epoch 20/30, Loss: 0.0818, Correct: 5330, Accuracy: 0.9709
Shadow Model 21/80, Epoch 21/30, Loss: 0.0714, Correct: 5374, Accuracy: 0.9789
Shadow Model 21/80, Epoch 22/30, Loss: 0.0784, Correct: 5356, Accuracy: 0.9756
Shadow Model 21/80, Epoch 23/30, Loss: 0.0611, Correct: 5375, Accuracy: 0.9791
Shadow Model 21/80, Epoch 24/30, Loss: 0.0515, Correct: 5403, Accuracy: 0.9842
Shadow Model 21/80, Epoch 25/30, Loss: 0.0388, Correct: 5417, Accuracy: 0.9867
Shadow Model 21/80, Epoch 26/30, Loss: 0.0277, Correct: 5449, Accuracy: 0.9925
Shadow Model 21/80, Epoch 27/30, Loss: 0.0873, Correct: 5356, Accuracy: 0.9756
Shadow Model 21/80, Epoch 28/30, Loss: 0.0845, Correct: 5336, Accuracy: 0.9719
Shadow Model 21/80, Epoch 29/30, Loss: 0.0613, Correct: 5376, Accuracy: 0.9792
Shadow Model 21/80, Epoch 30/30, Loss: 0.0352, Correct: 5421, Accuracy: 0.9874
  Min count per (class, membership) group: 610
  Samples per group selected as IN: 305
  Class 0 | membership=0: 761 total → 305 IN selected
  Class 0 | membership=1: 754 total → 305 IN selected
  Class 1 | membership=0: 774 total → 305 IN selected
  Class 1 | membership=1: 774 total → 305 IN selected
  Class 2 | membership=0: 750 total → 305 IN selected
  Class 2 | membership=1: 796 total → 305 IN selected
  Class 3 | membership=0: 783 total → 305 IN selected
  Class 3 | membership=1: 798 total → 305 IN selected
  Class 4 | membership=0: 688 total → 305 IN selected
  Class 4 | membership=1: 660 total → 305 IN selected
  Class 5 | membership=0: 897 total → 305 IN selected
  Class 5 | membership=1: 898 total → 305 IN selected
  Class 6 | membership=0: 612 total → 305 IN selected
  Class 6 | membership=1: 610 total → 305 IN selected
  Class 7 | membership=0: 740 total → 305 IN selected
  Class 7 | membership=1: 665 total → 305 IN selected
  Class 8 | membership=0: 995 total → 305 IN selected
  Class 8 | membership=1: 1045 total → 305 IN selected
Shadow Model 22/80, Epoch 1/30, Loss: 1.1855, Correct: 3093, Accuracy: 0.5634
Shadow Model 22/80, Epoch 2/30, Loss: 0.8379, Correct: 3803, Accuracy: 0.6927
Shadow Model 22/80, Epoch 3/30, Loss: 0.7431, Correct: 4026, Accuracy: 0.7333
Shadow Model 22/80, Epoch 4/30, Loss: 0.6869, Correct: 4117, Accuracy: 0.7499
Shadow Model 22/80, Epoch 5/30, Loss: 0.5940, Correct: 4340, Accuracy: 0.7905
Shadow Model 22/80, Epoch 6/30, Loss: 0.4987, Correct: 4511, Accuracy: 0.8217
Shadow Model 22/80, Epoch 7/30, Loss: 0.4176, Correct: 4703, Accuracy: 0.8566
Shadow Model 22/80, Epoch 8/30, Loss: 0.3876, Correct: 4732, Accuracy: 0.8619
Shadow Model 22/80, Epoch 9/30, Loss: 0.3897, Correct: 4725, Accuracy: 0.8607
Shadow Model 22/80, Epoch 10/30, Loss: 0.3144, Correct: 4878, Accuracy: 0.8885
Shadow Model 22/80, Epoch 11/30, Loss: 0.3093, Correct: 4896, Accuracy: 0.8918
Shadow Model 22/80, Epoch 12/30, Loss: 0.2606, Correct: 5000, Accuracy: 0.9107
Shadow Model 22/80, Epoch 13/30, Loss: 0.2042, Correct: 5103, Accuracy: 0.9295
Shadow Model 22/80, Epoch 14/30, Loss: 0.1782, Correct: 5154, Accuracy: 0.9388
Shadow Model 22/80, Epoch 15/30, Loss: 0.1602, Correct: 5179, Accuracy: 0.9434
Shadow Model 22/80, Epoch 16/30, Loss: 0.1266, Correct: 5249, Accuracy: 0.9561
Shadow Model 22/80, Epoch 17/30, Loss: 0.1080, Correct: 5295, Accuracy: 0.9645
Shadow Model 22/80, Epoch 18/30, Loss: 0.1240, Correct: 5264, Accuracy: 0.9588
Shadow Model 22/80, Epoch 19/30, Loss: 0.0953, Correct: 5317, Accuracy: 0.9685
Shadow Model 22/80, Epoch 20/30, Loss: 0.0594, Correct: 5384, Accuracy: 0.9807
Shadow Model 22/80, Epoch 21/30, Loss: 0.0690, Correct: 5367, Accuracy: 0.9776
Shadow Model 22/80, Epoch 22/30, Loss: 0.0547, Correct: 5398, Accuracy: 0.9832
Shadow Model 22/80, Epoch 23/30, Loss: 0.0597, Correct: 5390, Accuracy: 0.9818
Shadow Model 22/80, Epoch 24/30, Loss: 0.0748, Correct: 5357, Accuracy: 0.9758
Shadow Model 22/80, Epoch 25/30, Loss: 0.0453, Correct: 5402, Accuracy: 0.9840
Shadow Model 22/80, Epoch 26/30, Loss: 0.0423, Correct: 5416, Accuracy: 0.9865
Shadow Model 22/80, Epoch 27/30, Loss: 0.0582, Correct: 5392, Accuracy: 0.9821
Shadow Model 22/80, Epoch 28/30, Loss: 0.0478, Correct: 5404, Accuracy: 0.9843
Shadow Model 22/80, Epoch 29/30, Loss: 0.0317, Correct: 5435, Accuracy: 0.9900
Shadow Model 22/80, Epoch 30/30, Loss: 0.0985, Correct: 5314, Accuracy: 0.9679
  Min count per (class, membership) group: 610
  Samples per group selected as IN: 305
  Class 0 | membership=0: 761 total → 305 IN selected
  Class 0 | membership=1: 754 total → 305 IN selected
  Class 1 | membership=0: 774 total → 305 IN selected
  Class 1 | membership=1: 774 total → 305 IN selected
  Class 2 | membership=0: 750 total → 305 IN selected
  Class 2 | membership=1: 796 total → 305 IN selected
  Class 3 | membership=0: 783 total → 305 IN selected
  Class 3 | membership=1: 798 total → 305 IN selected
  Class 4 | membership=0: 688 total → 305 IN selected
  Class 4 | membership=1: 660 total → 305 IN selected
  Class 5 | membership=0: 897 total → 305 IN selected
  Class 5 | membership=1: 898 total → 305 IN selected
  Class 6 | membership=0: 612 total → 305 IN selected
  Class 6 | membership=1: 610 total → 305 IN selected
  Class 7 | membership=0: 740 total → 305 IN selected
  Class 7 | membership=1: 665 total → 305 IN selected
  Class 8 | membership=0: 995 total → 305 IN selected
  Class 8 | membership=1: 1045 total → 305 IN selected
Shadow Model 23/80, Epoch 1/30, Loss: 1.1600, Correct: 3104, Accuracy: 0.5654
Shadow Model 23/80, Epoch 2/30, Loss: 0.9135, Correct: 3658, Accuracy: 0.6663
Shadow Model 23/80, Epoch 3/30, Loss: 0.7152, Correct: 4075, Accuracy: 0.7423
Shadow Model 23/80, Epoch 4/30, Loss: 0.6686, Correct: 4159, Accuracy: 0.7576
Shadow Model 23/80, Epoch 5/30, Loss: 0.5659, Correct: 4387, Accuracy: 0.7991
Shadow Model 23/80, Epoch 6/30, Loss: 0.4726, Correct: 4582, Accuracy: 0.8346
Shadow Model 23/80, Epoch 7/30, Loss: 0.4482, Correct: 4636, Accuracy: 0.8444
Shadow Model 23/80, Epoch 8/30, Loss: 0.3914, Correct: 4734, Accuracy: 0.8623
Shadow Model 23/80, Epoch 9/30, Loss: 0.3414, Correct: 4855, Accuracy: 0.8843
Shadow Model 23/80, Epoch 10/30, Loss: 0.2870, Correct: 4935, Accuracy: 0.8989
Shadow Model 23/80, Epoch 11/30, Loss: 0.2663, Correct: 4986, Accuracy: 0.9082
Shadow Model 23/80, Epoch 12/30, Loss: 0.2914, Correct: 4928, Accuracy: 0.8976
Shadow Model 23/80, Epoch 13/30, Loss: 0.2008, Correct: 5118, Accuracy: 0.9322
Shadow Model 23/80, Epoch 14/30, Loss: 0.1691, Correct: 5169, Accuracy: 0.9415
Shadow Model 23/80, Epoch 15/30, Loss: 0.1504, Correct: 5208, Accuracy: 0.9486
Shadow Model 23/80, Epoch 16/30, Loss: 0.1211, Correct: 5266, Accuracy: 0.9592
Shadow Model 23/80, Epoch 17/30, Loss: 0.1149, Correct: 5277, Accuracy: 0.9612
Shadow Model 23/80, Epoch 18/30, Loss: 0.0755, Correct: 5359, Accuracy: 0.9761
Shadow Model 23/80, Epoch 19/30, Loss: 0.0970, Correct: 5303, Accuracy: 0.9659
Shadow Model 23/80, Epoch 20/30, Loss: 0.0883, Correct: 5330, Accuracy: 0.9709
Shadow Model 23/80, Epoch 21/30, Loss: 0.0528, Correct: 5393, Accuracy: 0.9823
Shadow Model 23/80, Epoch 22/30, Loss: 0.0581, Correct: 5383, Accuracy: 0.9805
Shadow Model 23/80, Epoch 23/30, Loss: 0.0399, Correct: 5421, Accuracy: 0.9874
Shadow Model 23/80, Epoch 24/30, Loss: 0.0319, Correct: 5440, Accuracy: 0.9909
Shadow Model 23/80, Epoch 25/30, Loss: 0.0413, Correct: 5409, Accuracy: 0.9852
Shadow Model 23/80, Epoch 26/30, Loss: 0.0419, Correct: 5413, Accuracy: 0.9860
Shadow Model 23/80, Epoch 27/30, Loss: 0.0547, Correct: 5408, Accuracy: 0.9851
Shadow Model 23/80, Epoch 28/30, Loss: 0.0521, Correct: 5389, Accuracy: 0.9816
Shadow Model 23/80, Epoch 29/30, Loss: 0.0407, Correct: 5413, Accuracy: 0.9860
Shadow Model 23/80, Epoch 30/30, Loss: 0.0334, Correct: 5433, Accuracy: 0.9896
  Min count per (class, membership) group: 610
  Samples per group selected as IN: 305
  Class 0 | membership=0: 761 total → 305 IN selected
  Class 0 | membership=1: 754 total → 305 IN selected
  Class 1 | membership=0: 774 total → 305 IN selected
  Class 1 | membership=1: 774 total → 305 IN selected
  Class 2 | membership=0: 750 total → 305 IN selected
  Class 2 | membership=1: 796 total → 305 IN selected
  Class 3 | membership=0: 783 total → 305 IN selected
  Class 3 | membership=1: 798 total → 305 IN selected
  Class 4 | membership=0: 688 total → 305 IN selected
  Class 4 | membership=1: 660 total → 305 IN selected
  Class 5 | membership=0: 897 total → 305 IN selected
  Class 5 | membership=1: 898 total → 305 IN selected
  Class 6 | membership=0: 612 total → 305 IN selected
  Class 6 | membership=1: 610 total → 305 IN selected
  Class 7 | membership=0: 740 total → 305 IN selected
  Class 7 | membership=1: 665 total → 305 IN selected
  Class 8 | membership=0: 995 total → 305 IN selected
  Class 8 | membership=1: 1045 total → 305 IN selected
Shadow Model 24/80, Epoch 1/30, Loss: 1.1503, Correct: 3175, Accuracy: 0.5783
Shadow Model 24/80, Epoch 2/30, Loss: 0.8308, Correct: 3828, Accuracy: 0.6973
Shadow Model 24/80, Epoch 3/30, Loss: 0.6884, Correct: 4146, Accuracy: 0.7552
Shadow Model 24/80, Epoch 4/30, Loss: 0.5954, Correct: 4337, Accuracy: 0.7900
Shadow Model 24/80, Epoch 5/30, Loss: 0.5066, Correct: 4521, Accuracy: 0.8235
Shadow Model 24/80, Epoch 6/30, Loss: 0.4841, Correct: 4574, Accuracy: 0.8332
Shadow Model 24/80, Epoch 7/30, Loss: 0.4101, Correct: 4697, Accuracy: 0.8556
Shadow Model 24/80, Epoch 8/30, Loss: 0.3852, Correct: 4735, Accuracy: 0.8625
Shadow Model 24/80, Epoch 9/30, Loss: 0.3677, Correct: 4784, Accuracy: 0.8714
Shadow Model 24/80, Epoch 10/30, Loss: 0.3077, Correct: 4887, Accuracy: 0.8902
Shadow Model 24/80, Epoch 11/30, Loss: 0.2543, Correct: 5001, Accuracy: 0.9109
Shadow Model 24/80, Epoch 12/30, Loss: 0.2235, Correct: 5051, Accuracy: 0.9200
Shadow Model 24/80, Epoch 13/30, Loss: 0.1968, Correct: 5124, Accuracy: 0.9333
Shadow Model 24/80, Epoch 14/30, Loss: 0.1793, Correct: 5133, Accuracy: 0.9350
Shadow Model 24/80, Epoch 15/30, Loss: 0.1368, Correct: 5231, Accuracy: 0.9528
Shadow Model 24/80, Epoch 16/30, Loss: 0.1775, Correct: 5163, Accuracy: 0.9404
Shadow Model 24/80, Epoch 17/30, Loss: 0.1165, Correct: 5299, Accuracy: 0.9652
Shadow Model 24/80, Epoch 18/30, Loss: 0.1139, Correct: 5283, Accuracy: 0.9623
Shadow Model 24/80, Epoch 19/30, Loss: 0.0784, Correct: 5350, Accuracy: 0.9745
Shadow Model 24/80, Epoch 20/30, Loss: 0.0850, Correct: 5322, Accuracy: 0.9694
Shadow Model 24/80, Epoch 21/30, Loss: 0.0785, Correct: 5362, Accuracy: 0.9767
Shadow Model 24/80, Epoch 22/30, Loss: 0.0477, Correct: 5406, Accuracy: 0.9847
Shadow Model 24/80, Epoch 23/30, Loss: 0.0532, Correct: 5397, Accuracy: 0.9831
Shadow Model 24/80, Epoch 24/30, Loss: 0.0355, Correct: 5426, Accuracy: 0.9883
Shadow Model 24/80, Epoch 25/30, Loss: 0.0636, Correct: 5380, Accuracy: 0.9800
Shadow Model 24/80, Epoch 26/30, Loss: 0.0645, Correct: 5373, Accuracy: 0.9787
Shadow Model 24/80, Epoch 27/30, Loss: 0.0542, Correct: 5391, Accuracy: 0.9820
Shadow Model 24/80, Epoch 28/30, Loss: 0.0395, Correct: 5423, Accuracy: 0.9878
Shadow Model 24/80, Epoch 29/30, Loss: 0.0292, Correct: 5446, Accuracy: 0.9920
Shadow Model 24/80, Epoch 30/30, Loss: 0.0279, Correct: 5442, Accuracy: 0.9913
  Min count per (class, membership) group: 610
  Samples per group selected as IN: 305
  Class 0 | membership=0: 761 total → 305 IN selected
  Class 0 | membership=1: 754 total → 305 IN selected
  Class 1 | membership=0: 774 total → 305 IN selected
  Class 1 | membership=1: 774 total → 305 IN selected
  Class 2 | membership=0: 750 total → 305 IN selected
  Class 2 | membership=1: 796 total → 305 IN selected
  Class 3 | membership=0: 783 total → 305 IN selected
  Class 3 | membership=1: 798 total → 305 IN selected
  Class 4 | membership=0: 688 total → 305 IN selected
  Class 4 | membership=1: 660 total → 305 IN selected
  Class 5 | membership=0: 897 total → 305 IN selected
  Class 5 | membership=1: 898 total → 305 IN selected
  Class 6 | membership=0: 612 total → 305 IN selected
  Class 6 | membership=1: 610 total → 305 IN selected
  Class 7 | membership=0: 740 total → 305 IN selected
  Class 7 | membership=1: 665 total → 305 IN selected
  Class 8 | membership=0: 995 total → 305 IN selected
  Class 8 | membership=1: 1045 total → 305 IN selected
Shadow Model 25/80, Epoch 1/30, Loss: 1.1360, Correct: 3202, Accuracy: 0.5832
Shadow Model 25/80, Epoch 2/30, Loss: 0.8500, Correct: 3796, Accuracy: 0.6914
Shadow Model 25/80, Epoch 3/30, Loss: 0.7373, Correct: 4043, Accuracy: 0.7364
Shadow Model 25/80, Epoch 4/30, Loss: 0.6153, Correct: 4273, Accuracy: 0.7783
Shadow Model 25/80, Epoch 5/30, Loss: 0.6018, Correct: 4316, Accuracy: 0.7862
Shadow Model 25/80, Epoch 6/30, Loss: 0.5425, Correct: 4422, Accuracy: 0.8055
Shadow Model 25/80, Epoch 7/30, Loss: 0.4474, Correct: 4598, Accuracy: 0.8375
Shadow Model 25/80, Epoch 8/30, Loss: 0.4115, Correct: 4685, Accuracy: 0.8534
Shadow Model 25/80, Epoch 9/30, Loss: 0.3564, Correct: 4793, Accuracy: 0.8730
Shadow Model 25/80, Epoch 10/30, Loss: 0.3675, Correct: 4747, Accuracy: 0.8647
Shadow Model 25/80, Epoch 11/30, Loss: 0.3236, Correct: 4854, Accuracy: 0.8842
Shadow Model 25/80, Epoch 12/30, Loss: 0.2656, Correct: 4968, Accuracy: 0.9049
Shadow Model 25/80, Epoch 13/30, Loss: 0.2324, Correct: 5051, Accuracy: 0.9200
Shadow Model 25/80, Epoch 14/30, Loss: 0.2026, Correct: 5108, Accuracy: 0.9304
Shadow Model 25/80, Epoch 15/30, Loss: 0.1899, Correct: 5107, Accuracy: 0.9302
Shadow Model 25/80, Epoch 16/30, Loss: 0.1627, Correct: 5175, Accuracy: 0.9426
Shadow Model 25/80, Epoch 17/30, Loss: 0.1156, Correct: 5283, Accuracy: 0.9623
Shadow Model 25/80, Epoch 18/30, Loss: 0.0996, Correct: 5290, Accuracy: 0.9636
Shadow Model 25/80, Epoch 19/30, Loss: 0.0770, Correct: 5341, Accuracy: 0.9729
Shadow Model 25/80, Epoch 20/30, Loss: 0.0741, Correct: 5360, Accuracy: 0.9763
Shadow Model 25/80, Epoch 21/30, Loss: 0.0590, Correct: 5393, Accuracy: 0.9823
Shadow Model 25/80, Epoch 22/30, Loss: 0.0798, Correct: 5337, Accuracy: 0.9721
Shadow Model 25/80, Epoch 23/30, Loss: 0.0576, Correct: 5398, Accuracy: 0.9832
Shadow Model 25/80, Epoch 24/30, Loss: 0.0662, Correct: 5370, Accuracy: 0.9781
Shadow Model 25/80, Epoch 25/30, Loss: 0.0378, Correct: 5437, Accuracy: 0.9903
Shadow Model 25/80, Epoch 26/30, Loss: 0.0371, Correct: 5426, Accuracy: 0.9883
Shadow Model 25/80, Epoch 27/30, Loss: 0.0629, Correct: 5376, Accuracy: 0.9792
Shadow Model 25/80, Epoch 28/30, Loss: 0.0704, Correct: 5356, Accuracy: 0.9756
Shadow Model 25/80, Epoch 29/30, Loss: 0.0388, Correct: 5434, Accuracy: 0.9898
Shadow Model 25/80, Epoch 30/30, Loss: 0.0155, Correct: 5470, Accuracy: 0.9964
  Min count per (class, membership) group: 610
  Samples per group selected as IN: 305
  Class 0 | membership=0: 761 total → 305 IN selected
  Class 0 | membership=1: 754 total → 305 IN selected
  Class 1 | membership=0: 774 total → 305 IN selected
  Class 1 | membership=1: 774 total → 305 IN selected
  Class 2 | membership=0: 750 total → 305 IN selected
  Class 2 | membership=1: 796 total → 305 IN selected
  Class 3 | membership=0: 783 total → 305 IN selected
  Class 3 | membership=1: 798 total → 305 IN selected
  Class 4 | membership=0: 688 total → 305 IN selected
  Class 4 | membership=1: 660 total → 305 IN selected
  Class 5 | membership=0: 897 total → 305 IN selected
  Class 5 | membership=1: 898 total → 305 IN selected
  Class 6 | membership=0: 612 total → 305 IN selected
  Class 6 | membership=1: 610 total → 305 IN selected
  Class 7 | membership=0: 740 total → 305 IN selected
  Class 7 | membership=1: 665 total → 305 IN selected
  Class 8 | membership=0: 995 total → 305 IN selected
  Class 8 | membership=1: 1045 total → 305 IN selected
Shadow Model 26/80, Epoch 1/30, Loss: 1.1623, Correct: 3156, Accuracy: 0.5749
Shadow Model 26/80, Epoch 2/30, Loss: 0.8380, Correct: 3848, Accuracy: 0.7009
Shadow Model 26/80, Epoch 3/30, Loss: 0.7460, Correct: 4014, Accuracy: 0.7311
Shadow Model 26/80, Epoch 4/30, Loss: 0.6241, Correct: 4234, Accuracy: 0.7712
Shadow Model 26/80, Epoch 5/30, Loss: 0.5325, Correct: 4446, Accuracy: 0.8098
Shadow Model 26/80, Epoch 6/30, Loss: 0.4905, Correct: 4540, Accuracy: 0.8270
Shadow Model 26/80, Epoch 7/30, Loss: 0.4333, Correct: 4650, Accuracy: 0.8470
Shadow Model 26/80, Epoch 8/30, Loss: 0.4105, Correct: 4704, Accuracy: 0.8568
Shadow Model 26/80, Epoch 9/30, Loss: 0.3726, Correct: 4774, Accuracy: 0.8696
Shadow Model 26/80, Epoch 10/30, Loss: 0.3578, Correct: 4834, Accuracy: 0.8805
Shadow Model 26/80, Epoch 11/30, Loss: 0.2964, Correct: 4932, Accuracy: 0.8984
Shadow Model 26/80, Epoch 12/30, Loss: 0.2581, Correct: 4992, Accuracy: 0.9093
Shadow Model 26/80, Epoch 13/30, Loss: 0.2567, Correct: 4981, Accuracy: 0.9073
Shadow Model 26/80, Epoch 14/30, Loss: 0.1840, Correct: 5130, Accuracy: 0.9344
Shadow Model 26/80, Epoch 15/30, Loss: 0.1888, Correct: 5110, Accuracy: 0.9308
Shadow Model 26/80, Epoch 16/30, Loss: 0.1466, Correct: 5215, Accuracy: 0.9499
Shadow Model 26/80, Epoch 17/30, Loss: 0.1669, Correct: 5169, Accuracy: 0.9415
Shadow Model 26/80, Epoch 18/30, Loss: 0.1149, Correct: 5280, Accuracy: 0.9617
Shadow Model 26/80, Epoch 19/30, Loss: 0.0832, Correct: 5341, Accuracy: 0.9729
Shadow Model 26/80, Epoch 20/30, Loss: 0.0803, Correct: 5338, Accuracy: 0.9723
Shadow Model 26/80, Epoch 21/30, Loss: 0.1279, Correct: 5263, Accuracy: 0.9587
Shadow Model 26/80, Epoch 22/30, Loss: 0.0972, Correct: 5326, Accuracy: 0.9701
Shadow Model 26/80, Epoch 23/30, Loss: 0.0575, Correct: 5398, Accuracy: 0.9832
Shadow Model 26/80, Epoch 24/30, Loss: 0.0552, Correct: 5385, Accuracy: 0.9809
Shadow Model 26/80, Epoch 25/30, Loss: 0.0847, Correct: 5345, Accuracy: 0.9736
Shadow Model 26/80, Epoch 26/30, Loss: 0.0525, Correct: 5398, Accuracy: 0.9832
Shadow Model 26/80, Epoch 27/30, Loss: 0.0283, Correct: 5444, Accuracy: 0.9916
Shadow Model 26/80, Epoch 28/30, Loss: 0.0249, Correct: 5445, Accuracy: 0.9918
Shadow Model 26/80, Epoch 29/30, Loss: 0.0536, Correct: 5397, Accuracy: 0.9831
Shadow Model 26/80, Epoch 30/30, Loss: 0.0328, Correct: 5430, Accuracy: 0.9891
  Min count per (class, membership) group: 610
  Samples per group selected as IN: 305
  Class 0 | membership=0: 761 total → 305 IN selected
  Class 0 | membership=1: 754 total → 305 IN selected
  Class 1 | membership=0: 774 total → 305 IN selected
  Class 1 | membership=1: 774 total → 305 IN selected
  Class 2 | membership=0: 750 total → 305 IN selected
  Class 2 | membership=1: 796 total → 305 IN selected
  Class 3 | membership=0: 783 total → 305 IN selected
  Class 3 | membership=1: 798 total → 305 IN selected
  Class 4 | membership=0: 688 total → 305 IN selected
  Class 4 | membership=1: 660 total → 305 IN selected
  Class 5 | membership=0: 897 total → 305 IN selected
  Class 5 | membership=1: 898 total → 305 IN selected
  Class 6 | membership=0: 612 total → 305 IN selected
  Class 6 | membership=1: 610 total → 305 IN selected
  Class 7 | membership=0: 740 total → 305 IN selected
  Class 7 | membership=1: 665 total → 305 IN selected
  Class 8 | membership=0: 995 total → 305 IN selected
  Class 8 | membership=1: 1045 total → 305 IN selected
Shadow Model 27/80, Epoch 1/30, Loss: 1.1375, Correct: 3252, Accuracy: 0.5923
Shadow Model 27/80, Epoch 2/30, Loss: 0.8638, Correct: 3799, Accuracy: 0.6920
Shadow Model 27/80, Epoch 3/30, Loss: 0.7098, Correct: 4062, Accuracy: 0.7399
Shadow Model 27/80, Epoch 4/30, Loss: 0.6293, Correct: 4251, Accuracy: 0.7743
Shadow Model 27/80, Epoch 5/30, Loss: 0.5367, Correct: 4438, Accuracy: 0.8084
Shadow Model 27/80, Epoch 6/30, Loss: 0.4719, Correct: 4604, Accuracy: 0.8386
Shadow Model 27/80, Epoch 7/30, Loss: 0.4544, Correct: 4625, Accuracy: 0.8424
Shadow Model 27/80, Epoch 8/30, Loss: 0.4007, Correct: 4710, Accuracy: 0.8579
Shadow Model 27/80, Epoch 9/30, Loss: 0.3068, Correct: 4893, Accuracy: 0.8913
Shadow Model 27/80, Epoch 10/30, Loss: 0.3140, Correct: 4856, Accuracy: 0.8845
Shadow Model 27/80, Epoch 11/30, Loss: 0.2669, Correct: 4972, Accuracy: 0.9056
Shadow Model 27/80, Epoch 12/30, Loss: 0.2474, Correct: 5037, Accuracy: 0.9175
Shadow Model 27/80, Epoch 13/30, Loss: 0.1956, Correct: 5106, Accuracy: 0.9301
Shadow Model 27/80, Epoch 14/30, Loss: 0.1863, Correct: 5134, Accuracy: 0.9352
Shadow Model 27/80, Epoch 15/30, Loss: 0.1784, Correct: 5155, Accuracy: 0.9390
Shadow Model 27/80, Epoch 16/30, Loss: 0.1146, Correct: 5276, Accuracy: 0.9610
Shadow Model 27/80, Epoch 17/30, Loss: 0.0879, Correct: 5327, Accuracy: 0.9703
Shadow Model 27/80, Epoch 18/30, Loss: 0.0759, Correct: 5345, Accuracy: 0.9736
Shadow Model 27/80, Epoch 19/30, Loss: 0.0805, Correct: 5337, Accuracy: 0.9721
Shadow Model 27/80, Epoch 20/30, Loss: 0.0785, Correct: 5360, Accuracy: 0.9763
Shadow Model 27/80, Epoch 21/30, Loss: 0.0492, Correct: 5405, Accuracy: 0.9845
Shadow Model 27/80, Epoch 22/30, Loss: 0.0555, Correct: 5386, Accuracy: 0.9811
Shadow Model 27/80, Epoch 23/30, Loss: 0.0612, Correct: 5381, Accuracy: 0.9801
Shadow Model 27/80, Epoch 24/30, Loss: 0.0437, Correct: 5402, Accuracy: 0.9840
Shadow Model 27/80, Epoch 25/30, Loss: 0.0547, Correct: 5393, Accuracy: 0.9823
Shadow Model 27/80, Epoch 26/30, Loss: 0.0716, Correct: 5359, Accuracy: 0.9761
Shadow Model 27/80, Epoch 27/30, Loss: 0.0395, Correct: 5430, Accuracy: 0.9891
Shadow Model 27/80, Epoch 28/30, Loss: 0.0165, Correct: 5465, Accuracy: 0.9954
Shadow Model 27/80, Epoch 29/30, Loss: 0.0335, Correct: 5428, Accuracy: 0.9887
Shadow Model 27/80, Epoch 30/30, Loss: 0.0177, Correct: 5459, Accuracy: 0.9944
  Min count per (class, membership) group: 610
  Samples per group selected as IN: 305
  Class 0 | membership=0: 761 total → 305 IN selected
  Class 0 | membership=1: 754 total → 305 IN selected
  Class 1 | membership=0: 774 total → 305 IN selected
  Class 1 | membership=1: 774 total → 305 IN selected
  Class 2 | membership=0: 750 total → 305 IN selected
  Class 2 | membership=1: 796 total → 305 IN selected
  Class 3 | membership=0: 783 total → 305 IN selected
  Class 3 | membership=1: 798 total → 305 IN selected
  Class 4 | membership=0: 688 total → 305 IN selected
  Class 4 | membership=1: 660 total → 305 IN selected
  Class 5 | membership=0: 897 total → 305 IN selected
  Class 5 | membership=1: 898 total → 305 IN selected
  Class 6 | membership=0: 612 total → 305 IN selected
  Class 6 | membership=1: 610 total → 305 IN selected
  Class 7 | membership=0: 740 total → 305 IN selected
  Class 7 | membership=1: 665 total → 305 IN selected
  Class 8 | membership=0: 995 total → 305 IN selected
  Class 8 | membership=1: 1045 total → 305 IN selected
Shadow Model 28/80, Epoch 1/30, Loss: 1.1415, Correct: 3188, Accuracy: 0.5807
Shadow Model 28/80, Epoch 2/30, Loss: 0.8537, Correct: 3719, Accuracy: 0.6774
Shadow Model 28/80, Epoch 3/30, Loss: 0.7445, Correct: 3978, Accuracy: 0.7246
Shadow Model 28/80, Epoch 4/30, Loss: 0.6287, Correct: 4294, Accuracy: 0.7821
Shadow Model 28/80, Epoch 5/30, Loss: 0.5437, Correct: 4439, Accuracy: 0.8086
Shadow Model 28/80, Epoch 6/30, Loss: 0.5015, Correct: 4481, Accuracy: 0.8162
Shadow Model 28/80, Epoch 7/30, Loss: 0.4397, Correct: 4639, Accuracy: 0.8450
Shadow Model 28/80, Epoch 8/30, Loss: 0.4125, Correct: 4684, Accuracy: 0.8532
Shadow Model 28/80, Epoch 9/30, Loss: 0.3854, Correct: 4741, Accuracy: 0.8636
Shadow Model 28/80, Epoch 10/30, Loss: 0.3168, Correct: 4872, Accuracy: 0.8874
Shadow Model 28/80, Epoch 11/30, Loss: 0.2810, Correct: 4964, Accuracy: 0.9042
Shadow Model 28/80, Epoch 12/30, Loss: 0.2238, Correct: 5037, Accuracy: 0.9175
Shadow Model 28/80, Epoch 13/30, Loss: 0.1980, Correct: 5115, Accuracy: 0.9317
Shadow Model 28/80, Epoch 14/30, Loss: 0.2391, Correct: 5034, Accuracy: 0.9169
Shadow Model 28/80, Epoch 15/30, Loss: 0.1799, Correct: 5142, Accuracy: 0.9366
Shadow Model 28/80, Epoch 16/30, Loss: 0.1416, Correct: 5210, Accuracy: 0.9490
Shadow Model 28/80, Epoch 17/30, Loss: 0.1398, Correct: 5253, Accuracy: 0.9568
Shadow Model 28/80, Epoch 18/30, Loss: 0.1208, Correct: 5249, Accuracy: 0.9561
Shadow Model 28/80, Epoch 19/30, Loss: 0.0857, Correct: 5333, Accuracy: 0.9714
Shadow Model 28/80, Epoch 20/30, Loss: 0.0967, Correct: 5310, Accuracy: 0.9672
Shadow Model 28/80, Epoch 21/30, Loss: 0.0686, Correct: 5363, Accuracy: 0.9769
Shadow Model 28/80, Epoch 22/30, Loss: 0.0637, Correct: 5359, Accuracy: 0.9761
Shadow Model 28/80, Epoch 23/30, Loss: 0.0476, Correct: 5393, Accuracy: 0.9823
Shadow Model 28/80, Epoch 24/30, Loss: 0.0708, Correct: 5379, Accuracy: 0.9798
Shadow Model 28/80, Epoch 25/30, Loss: 0.0625, Correct: 5371, Accuracy: 0.9783
Shadow Model 28/80, Epoch 26/30, Loss: 0.0368, Correct: 5429, Accuracy: 0.9889
Shadow Model 28/80, Epoch 27/30, Loss: 0.1108, Correct: 5292, Accuracy: 0.9639
Shadow Model 28/80, Epoch 28/30, Loss: 0.0565, Correct: 5383, Accuracy: 0.9805
Shadow Model 28/80, Epoch 29/30, Loss: 0.0281, Correct: 5439, Accuracy: 0.9907
Shadow Model 28/80, Epoch 30/30, Loss: 0.0394, Correct: 5422, Accuracy: 0.9876
  Min count per (class, membership) group: 610
  Samples per group selected as IN: 305
  Class 0 | membership=0: 761 total → 305 IN selected
  Class 0 | membership=1: 754 total → 305 IN selected
  Class 1 | membership=0: 774 total → 305 IN selected
  Class 1 | membership=1: 774 total → 305 IN selected
  Class 2 | membership=0: 750 total → 305 IN selected
  Class 2 | membership=1: 796 total → 305 IN selected
  Class 3 | membership=0: 783 total → 305 IN selected
  Class 3 | membership=1: 798 total → 305 IN selected
  Class 4 | membership=0: 688 total → 305 IN selected
  Class 4 | membership=1: 660 total → 305 IN selected
  Class 5 | membership=0: 897 total → 305 IN selected
  Class 5 | membership=1: 898 total → 305 IN selected
  Class 6 | membership=0: 612 total → 305 IN selected
  Class 6 | membership=1: 610 total → 305 IN selected
  Class 7 | membership=0: 740 total → 305 IN selected
  Class 7 | membership=1: 665 total → 305 IN selected
  Class 8 | membership=0: 995 total → 305 IN selected
  Class 8 | membership=1: 1045 total → 305 IN selected
Shadow Model 29/80, Epoch 1/30, Loss: 1.1568, Correct: 3169, Accuracy: 0.5772
Shadow Model 29/80, Epoch 2/30, Loss: 0.8385, Correct: 3736, Accuracy: 0.6805
Shadow Model 29/80, Epoch 3/30, Loss: 0.7113, Correct: 4052, Accuracy: 0.7381
Shadow Model 29/80, Epoch 4/30, Loss: 0.6085, Correct: 4241, Accuracy: 0.7725
Shadow Model 29/80, Epoch 5/30, Loss: 0.5335, Correct: 4418, Accuracy: 0.8047
Shadow Model 29/80, Epoch 6/30, Loss: 0.5072, Correct: 4498, Accuracy: 0.8193
Shadow Model 29/80, Epoch 7/30, Loss: 0.4472, Correct: 4602, Accuracy: 0.8383
Shadow Model 29/80, Epoch 8/30, Loss: 0.4055, Correct: 4714, Accuracy: 0.8587
Shadow Model 29/80, Epoch 9/30, Loss: 0.3551, Correct: 4757, Accuracy: 0.8665
Shadow Model 29/80, Epoch 10/30, Loss: 0.3441, Correct: 4820, Accuracy: 0.8780
Shadow Model 29/80, Epoch 11/30, Loss: 0.2529, Correct: 4990, Accuracy: 0.9089
Shadow Model 29/80, Epoch 12/30, Loss: 0.2726, Correct: 4948, Accuracy: 0.9013
Shadow Model 29/80, Epoch 13/30, Loss: 0.2445, Correct: 5008, Accuracy: 0.9122
Shadow Model 29/80, Epoch 14/30, Loss: 0.1765, Correct: 5142, Accuracy: 0.9366
Shadow Model 29/80, Epoch 15/30, Loss: 0.1842, Correct: 5144, Accuracy: 0.9370
Shadow Model 29/80, Epoch 16/30, Loss: 0.1578, Correct: 5187, Accuracy: 0.9448
Shadow Model 29/80, Epoch 17/30, Loss: 0.0929, Correct: 5330, Accuracy: 0.9709
Shadow Model 29/80, Epoch 18/30, Loss: 0.1079, Correct: 5288, Accuracy: 0.9632
Shadow Model 29/80, Epoch 19/30, Loss: 0.0674, Correct: 5364, Accuracy: 0.9770
Shadow Model 29/80, Epoch 20/30, Loss: 0.0843, Correct: 5340, Accuracy: 0.9727
Shadow Model 29/80, Epoch 21/30, Loss: 0.1370, Correct: 5227, Accuracy: 0.9521
Shadow Model 29/80, Epoch 22/30, Loss: 0.0564, Correct: 5402, Accuracy: 0.9840
Shadow Model 29/80, Epoch 23/30, Loss: 0.0512, Correct: 5399, Accuracy: 0.9834
Shadow Model 29/80, Epoch 24/30, Loss: 0.0574, Correct: 5392, Accuracy: 0.9821
Shadow Model 29/80, Epoch 25/30, Loss: 0.0415, Correct: 5426, Accuracy: 0.9883
Shadow Model 29/80, Epoch 26/30, Loss: 0.0173, Correct: 5460, Accuracy: 0.9945
Shadow Model 29/80, Epoch 27/30, Loss: 0.0575, Correct: 5388, Accuracy: 0.9814
Shadow Model 29/80, Epoch 28/30, Loss: 0.0684, Correct: 5353, Accuracy: 0.9750
Shadow Model 29/80, Epoch 29/30, Loss: 0.0260, Correct: 5445, Accuracy: 0.9918
Shadow Model 29/80, Epoch 30/30, Loss: 0.0252, Correct: 5448, Accuracy: 0.9923
  Min count per (class, membership) group: 610
  Samples per group selected as IN: 305
  Class 0 | membership=0: 761 total → 305 IN selected
  Class 0 | membership=1: 754 total → 305 IN selected
  Class 1 | membership=0: 774 total → 305 IN selected
  Class 1 | membership=1: 774 total → 305 IN selected
  Class 2 | membership=0: 750 total → 305 IN selected
  Class 2 | membership=1: 796 total → 305 IN selected
  Class 3 | membership=0: 783 total → 305 IN selected
  Class 3 | membership=1: 798 total → 305 IN selected
  Class 4 | membership=0: 688 total → 305 IN selected
  Class 4 | membership=1: 660 total → 305 IN selected
  Class 5 | membership=0: 897 total → 305 IN selected
  Class 5 | membership=1: 898 total → 305 IN selected
  Class 6 | membership=0: 612 total → 305 IN selected
  Class 6 | membership=1: 610 total → 305 IN selected
  Class 7 | membership=0: 740 total → 305 IN selected
  Class 7 | membership=1: 665 total → 305 IN selected
  Class 8 | membership=0: 995 total → 305 IN selected
  Class 8 | membership=1: 1045 total → 305 IN selected
Shadow Model 30/80, Epoch 1/30, Loss: 1.1818, Correct: 3151, Accuracy: 0.5740
Shadow Model 30/80, Epoch 2/30, Loss: 0.8574, Correct: 3746, Accuracy: 0.6823
Shadow Model 30/80, Epoch 3/30, Loss: 0.7449, Correct: 4018, Accuracy: 0.7319
Shadow Model 30/80, Epoch 4/30, Loss: 0.6117, Correct: 4286, Accuracy: 0.7807
Shadow Model 30/80, Epoch 5/30, Loss: 0.5615, Correct: 4411, Accuracy: 0.8035
Shadow Model 30/80, Epoch 6/30, Loss: 0.4870, Correct: 4558, Accuracy: 0.8302
Shadow Model 30/80, Epoch 7/30, Loss: 0.4388, Correct: 4620, Accuracy: 0.8415
Shadow Model 30/80, Epoch 8/30, Loss: 0.4089, Correct: 4674, Accuracy: 0.8514
Shadow Model 30/80, Epoch 9/30, Loss: 0.3774, Correct: 4758, Accuracy: 0.8667
Shadow Model 30/80, Epoch 10/30, Loss: 0.3487, Correct: 4834, Accuracy: 0.8805
Shadow Model 30/80, Epoch 11/30, Loss: 0.2925, Correct: 4924, Accuracy: 0.8969
Shadow Model 30/80, Epoch 12/30, Loss: 0.2395, Correct: 4996, Accuracy: 0.9100
Shadow Model 30/80, Epoch 13/30, Loss: 0.2309, Correct: 5016, Accuracy: 0.9137
Shadow Model 30/80, Epoch 14/30, Loss: 0.1752, Correct: 5148, Accuracy: 0.9377
Shadow Model 30/80, Epoch 15/30, Loss: 0.1456, Correct: 5210, Accuracy: 0.9490
Shadow Model 30/80, Epoch 16/30, Loss: 0.1381, Correct: 5214, Accuracy: 0.9497
Shadow Model 30/80, Epoch 17/30, Loss: 0.1411, Correct: 5222, Accuracy: 0.9512
Shadow Model 30/80, Epoch 18/30, Loss: 0.0905, Correct: 5329, Accuracy: 0.9707
Shadow Model 30/80, Epoch 19/30, Loss: 0.0889, Correct: 5321, Accuracy: 0.9692
Shadow Model 30/80, Epoch 20/30, Loss: 0.1232, Correct: 5253, Accuracy: 0.9568
Shadow Model 30/80, Epoch 21/30, Loss: 0.0693, Correct: 5358, Accuracy: 0.9760
Shadow Model 30/80, Epoch 22/30, Loss: 0.0792, Correct: 5336, Accuracy: 0.9719
Shadow Model 30/80, Epoch 23/30, Loss: 0.0516, Correct: 5395, Accuracy: 0.9827
Shadow Model 30/80, Epoch 24/30, Loss: 0.0436, Correct: 5408, Accuracy: 0.9851
Shadow Model 30/80, Epoch 25/30, Loss: 0.0340, Correct: 5421, Accuracy: 0.9874
Shadow Model 30/80, Epoch 26/30, Loss: 0.0955, Correct: 5317, Accuracy: 0.9685
Shadow Model 30/80, Epoch 27/30, Loss: 0.0432, Correct: 5408, Accuracy: 0.9851
Shadow Model 30/80, Epoch 28/30, Loss: 0.0369, Correct: 5425, Accuracy: 0.9882
Shadow Model 30/80, Epoch 29/30, Loss: 0.0289, Correct: 5436, Accuracy: 0.9902
Shadow Model 30/80, Epoch 30/30, Loss: 0.0119, Correct: 5473, Accuracy: 0.9969
  Min count per (class, membership) group: 610
  Samples per group selected as IN: 305
  Class 0 | membership=0: 761 total → 305 IN selected
  Class 0 | membership=1: 754 total → 305 IN selected
  Class 1 | membership=0: 774 total → 305 IN selected
  Class 1 | membership=1: 774 total → 305 IN selected
  Class 2 | membership=0: 750 total → 305 IN selected
  Class 2 | membership=1: 796 total → 305 IN selected
  Class 3 | membership=0: 783 total → 305 IN selected
  Class 3 | membership=1: 798 total → 305 IN selected
  Class 4 | membership=0: 688 total → 305 IN selected
  Class 4 | membership=1: 660 total → 305 IN selected
  Class 5 | membership=0: 897 total → 305 IN selected
  Class 5 | membership=1: 898 total → 305 IN selected
  Class 6 | membership=0: 612 total → 305 IN selected
  Class 6 | membership=1: 610 total → 305 IN selected
  Class 7 | membership=0: 740 total → 305 IN selected
  Class 7 | membership=1: 665 total → 305 IN selected
  Class 8 | membership=0: 995 total → 305 IN selected
  Class 8 | membership=1: 1045 total → 305 IN selected
Shadow Model 31/80, Epoch 1/30, Loss: 1.1834, Correct: 3099, Accuracy: 0.5645
Shadow Model 31/80, Epoch 2/30, Loss: 0.8911, Correct: 3655, Accuracy: 0.6658
Shadow Model 31/80, Epoch 3/30, Loss: 0.7926, Correct: 3889, Accuracy: 0.7084
Shadow Model 31/80, Epoch 4/30, Loss: 0.6653, Correct: 4151, Accuracy: 0.7561
Shadow Model 31/80, Epoch 5/30, Loss: 0.6516, Correct: 4246, Accuracy: 0.7734
Shadow Model 31/80, Epoch 6/30, Loss: 0.5417, Correct: 4437, Accuracy: 0.8082
Shadow Model 31/80, Epoch 7/30, Loss: 0.4658, Correct: 4604, Accuracy: 0.8386
Shadow Model 31/80, Epoch 8/30, Loss: 0.4566, Correct: 4626, Accuracy: 0.8426
Shadow Model 31/80, Epoch 9/30, Loss: 0.4267, Correct: 4648, Accuracy: 0.8466
Shadow Model 31/80, Epoch 10/30, Loss: 0.3408, Correct: 4822, Accuracy: 0.8783
Shadow Model 31/80, Epoch 11/30, Loss: 0.3265, Correct: 4863, Accuracy: 0.8858
Shadow Model 31/80, Epoch 12/30, Loss: 0.2891, Correct: 4911, Accuracy: 0.8945
Shadow Model 31/80, Epoch 13/30, Loss: 0.2591, Correct: 4990, Accuracy: 0.9089
Shadow Model 31/80, Epoch 14/30, Loss: 0.2463, Correct: 5031, Accuracy: 0.9164
Shadow Model 31/80, Epoch 15/30, Loss: 0.2019, Correct: 5126, Accuracy: 0.9337
Shadow Model 31/80, Epoch 16/30, Loss: 0.1936, Correct: 5125, Accuracy: 0.9335
Shadow Model 31/80, Epoch 17/30, Loss: 0.1352, Correct: 5222, Accuracy: 0.9512
Shadow Model 31/80, Epoch 18/30, Loss: 0.1683, Correct: 5174, Accuracy: 0.9424
Shadow Model 31/80, Epoch 19/30, Loss: 0.1220, Correct: 5265, Accuracy: 0.9590
Shadow Model 31/80, Epoch 20/30, Loss: 0.0990, Correct: 5309, Accuracy: 0.9670
Shadow Model 31/80, Epoch 21/30, Loss: 0.1207, Correct: 5262, Accuracy: 0.9585
Shadow Model 31/80, Epoch 22/30, Loss: 0.0923, Correct: 5320, Accuracy: 0.9690
Shadow Model 31/80, Epoch 23/30, Loss: 0.0631, Correct: 5377, Accuracy: 0.9794
Shadow Model 31/80, Epoch 24/30, Loss: 0.0618, Correct: 5375, Accuracy: 0.9791
Shadow Model 31/80, Epoch 25/30, Loss: 0.0651, Correct: 5376, Accuracy: 0.9792
Shadow Model 31/80, Epoch 26/30, Loss: 0.0676, Correct: 5378, Accuracy: 0.9796
Shadow Model 31/80, Epoch 27/30, Loss: 0.0662, Correct: 5374, Accuracy: 0.9789
Shadow Model 31/80, Epoch 28/30, Loss: 0.0366, Correct: 5432, Accuracy: 0.9894
Shadow Model 31/80, Epoch 29/30, Loss: 0.0651, Correct: 5374, Accuracy: 0.9789
Shadow Model 31/80, Epoch 30/30, Loss: 0.0369, Correct: 5429, Accuracy: 0.9889
  Min count per (class, membership) group: 610
  Samples per group selected as IN: 305
  Class 0 | membership=0: 761 total → 305 IN selected
  Class 0 | membership=1: 754 total → 305 IN selected
  Class 1 | membership=0: 774 total → 305 IN selected
  Class 1 | membership=1: 774 total → 305 IN selected
  Class 2 | membership=0: 750 total → 305 IN selected
  Class 2 | membership=1: 796 total → 305 IN selected
  Class 3 | membership=0: 783 total → 305 IN selected
  Class 3 | membership=1: 798 total → 305 IN selected
  Class 4 | membership=0: 688 total → 305 IN selected
  Class 4 | membership=1: 660 total → 305 IN selected
  Class 5 | membership=0: 897 total → 305 IN selected
  Class 5 | membership=1: 898 total → 305 IN selected
  Class 6 | membership=0: 612 total → 305 IN selected
  Class 6 | membership=1: 610 total → 305 IN selected
  Class 7 | membership=0: 740 total → 305 IN selected
  Class 7 | membership=1: 665 total → 305 IN selected
  Class 8 | membership=0: 995 total → 305 IN selected
  Class 8 | membership=1: 1045 total → 305 IN selected
Shadow Model 32/80, Epoch 1/30, Loss: 1.1589, Correct: 3142, Accuracy: 0.5723
Shadow Model 32/80, Epoch 2/30, Loss: 0.8585, Correct: 3722, Accuracy: 0.6780
Shadow Model 32/80, Epoch 3/30, Loss: 0.7511, Correct: 3972, Accuracy: 0.7235
Shadow Model 32/80, Epoch 4/30, Loss: 0.6635, Correct: 4194, Accuracy: 0.7639
Shadow Model 32/80, Epoch 5/30, Loss: 0.5702, Correct: 4358, Accuracy: 0.7938
Shadow Model 32/80, Epoch 6/30, Loss: 0.5238, Correct: 4493, Accuracy: 0.8184
Shadow Model 32/80, Epoch 7/30, Loss: 0.5191, Correct: 4509, Accuracy: 0.8213
Shadow Model 32/80, Epoch 8/30, Loss: 0.3976, Correct: 4716, Accuracy: 0.8590
Shadow Model 32/80, Epoch 9/30, Loss: 0.3885, Correct: 4745, Accuracy: 0.8643
Shadow Model 32/80, Epoch 10/30, Loss: 0.3707, Correct: 4764, Accuracy: 0.8678
Shadow Model 32/80, Epoch 11/30, Loss: 0.2797, Correct: 4926, Accuracy: 0.8973
Shadow Model 32/80, Epoch 12/30, Loss: 0.2811, Correct: 4966, Accuracy: 0.9046
Shadow Model 32/80, Epoch 13/30, Loss: 0.2802, Correct: 4978, Accuracy: 0.9067
Shadow Model 32/80, Epoch 14/30, Loss: 0.2007, Correct: 5110, Accuracy: 0.9308
Shadow Model 32/80, Epoch 15/30, Loss: 0.1661, Correct: 5170, Accuracy: 0.9417
Shadow Model 32/80, Epoch 16/30, Loss: 0.1810, Correct: 5147, Accuracy: 0.9375
Shadow Model 32/80, Epoch 17/30, Loss: 0.1673, Correct: 5191, Accuracy: 0.9455
Shadow Model 32/80, Epoch 18/30, Loss: 0.1248, Correct: 5256, Accuracy: 0.9574
Shadow Model 32/80, Epoch 19/30, Loss: 0.0891, Correct: 5326, Accuracy: 0.9701
Shadow Model 32/80, Epoch 20/30, Loss: 0.0965, Correct: 5311, Accuracy: 0.9674
Shadow Model 32/80, Epoch 21/30, Loss: 0.0823, Correct: 5341, Accuracy: 0.9729
Shadow Model 32/80, Epoch 22/30, Loss: 0.0496, Correct: 5388, Accuracy: 0.9814
Shadow Model 32/80, Epoch 23/30, Loss: 0.0412, Correct: 5416, Accuracy: 0.9865
Shadow Model 32/80, Epoch 24/30, Loss: 0.0446, Correct: 5401, Accuracy: 0.9838
Shadow Model 32/80, Epoch 25/30, Loss: 0.0874, Correct: 5335, Accuracy: 0.9718
Shadow Model 32/80, Epoch 26/30, Loss: 0.0630, Correct: 5370, Accuracy: 0.9781
Shadow Model 32/80, Epoch 27/30, Loss: 0.0494, Correct: 5402, Accuracy: 0.9840
Shadow Model 32/80, Epoch 28/30, Loss: 0.0416, Correct: 5409, Accuracy: 0.9852
Shadow Model 32/80, Epoch 29/30, Loss: 0.0452, Correct: 5404, Accuracy: 0.9843
Shadow Model 32/80, Epoch 30/30, Loss: 0.0424, Correct: 5418, Accuracy: 0.9869
  Min count per (class, membership) group: 610
  Samples per group selected as IN: 305
  Class 0 | membership=0: 761 total → 305 IN selected
  Class 0 | membership=1: 754 total → 305 IN selected
  Class 1 | membership=0: 774 total → 305 IN selected
  Class 1 | membership=1: 774 total → 305 IN selected
  Class 2 | membership=0: 750 total → 305 IN selected
  Class 2 | membership=1: 796 total → 305 IN selected
  Class 3 | membership=0: 783 total → 305 IN selected
  Class 3 | membership=1: 798 total → 305 IN selected
  Class 4 | membership=0: 688 total → 305 IN selected
  Class 4 | membership=1: 660 total → 305 IN selected
  Class 5 | membership=0: 897 total → 305 IN selected
  Class 5 | membership=1: 898 total → 305 IN selected
  Class 6 | membership=0: 612 total → 305 IN selected
  Class 6 | membership=1: 610 total → 305 IN selected
  Class 7 | membership=0: 740 total → 305 IN selected
  Class 7 | membership=1: 665 total → 305 IN selected
  Class 8 | membership=0: 995 total → 305 IN selected
  Class 8 | membership=1: 1045 total → 305 IN selected
Shadow Model 33/80, Epoch 1/30, Loss: 1.1145, Correct: 3263, Accuracy: 0.5944
Shadow Model 33/80, Epoch 2/30, Loss: 0.8501, Correct: 3776, Accuracy: 0.6878
Shadow Model 33/80, Epoch 3/30, Loss: 0.7396, Correct: 4004, Accuracy: 0.7293
Shadow Model 33/80, Epoch 4/30, Loss: 0.6582, Correct: 4208, Accuracy: 0.7665
Shadow Model 33/80, Epoch 5/30, Loss: 0.6012, Correct: 4323, Accuracy: 0.7874
Shadow Model 33/80, Epoch 6/30, Loss: 0.5042, Correct: 4503, Accuracy: 0.8202
Shadow Model 33/80, Epoch 7/30, Loss: 0.4528, Correct: 4600, Accuracy: 0.8379
Shadow Model 33/80, Epoch 8/30, Loss: 0.4280, Correct: 4663, Accuracy: 0.8494
Shadow Model 33/80, Epoch 9/30, Loss: 0.3970, Correct: 4718, Accuracy: 0.8594
Shadow Model 33/80, Epoch 10/30, Loss: 0.3517, Correct: 4801, Accuracy: 0.8745
Shadow Model 33/80, Epoch 11/30, Loss: 0.3040, Correct: 4886, Accuracy: 0.8900
Shadow Model 33/80, Epoch 12/30, Loss: 0.2644, Correct: 4988, Accuracy: 0.9086
Shadow Model 33/80, Epoch 13/30, Loss: 0.2387, Correct: 5007, Accuracy: 0.9120
Shadow Model 33/80, Epoch 14/30, Loss: 0.2327, Correct: 5043, Accuracy: 0.9186
Shadow Model 33/80, Epoch 15/30, Loss: 0.2043, Correct: 5131, Accuracy: 0.9346
Shadow Model 33/80, Epoch 16/30, Loss: 0.1801, Correct: 5149, Accuracy: 0.9379
Shadow Model 33/80, Epoch 17/30, Loss: 0.1261, Correct: 5263, Accuracy: 0.9587
Shadow Model 33/80, Epoch 18/30, Loss: 0.1556, Correct: 5203, Accuracy: 0.9477
Shadow Model 33/80, Epoch 19/30, Loss: 0.1179, Correct: 5278, Accuracy: 0.9614
Shadow Model 33/80, Epoch 20/30, Loss: 0.1152, Correct: 5277, Accuracy: 0.9612
Shadow Model 33/80, Epoch 21/30, Loss: 0.0787, Correct: 5349, Accuracy: 0.9743
Shadow Model 33/80, Epoch 22/30, Loss: 0.0627, Correct: 5383, Accuracy: 0.9805
Shadow Model 33/80, Epoch 23/30, Loss: 0.0663, Correct: 5364, Accuracy: 0.9770
Shadow Model 33/80, Epoch 24/30, Loss: 0.0635, Correct: 5365, Accuracy: 0.9772
Shadow Model 33/80, Epoch 25/30, Loss: 0.0627, Correct: 5379, Accuracy: 0.9798
Shadow Model 33/80, Epoch 26/30, Loss: 0.0750, Correct: 5366, Accuracy: 0.9774
Shadow Model 33/80, Epoch 27/30, Loss: 0.0645, Correct: 5363, Accuracy: 0.9769
Shadow Model 33/80, Epoch 28/30, Loss: 0.0405, Correct: 5415, Accuracy: 0.9863
Shadow Model 33/80, Epoch 29/30, Loss: 0.0464, Correct: 5415, Accuracy: 0.9863
Shadow Model 33/80, Epoch 30/30, Loss: 0.1170, Correct: 5281, Accuracy: 0.9619
  Min count per (class, membership) group: 610
  Samples per group selected as IN: 305
  Class 0 | membership=0: 761 total → 305 IN selected
  Class 0 | membership=1: 754 total → 305 IN selected
  Class 1 | membership=0: 774 total → 305 IN selected
  Class 1 | membership=1: 774 total → 305 IN selected
  Class 2 | membership=0: 750 total → 305 IN selected
  Class 2 | membership=1: 796 total → 305 IN selected
  Class 3 | membership=0: 783 total → 305 IN selected
  Class 3 | membership=1: 798 total → 305 IN selected
  Class 4 | membership=0: 688 total → 305 IN selected
  Class 4 | membership=1: 660 total → 305 IN selected
  Class 5 | membership=0: 897 total → 305 IN selected
  Class 5 | membership=1: 898 total → 305 IN selected
  Class 6 | membership=0: 612 total → 305 IN selected
  Class 6 | membership=1: 610 total → 305 IN selected
  Class 7 | membership=0: 740 total → 305 IN selected
  Class 7 | membership=1: 665 total → 305 IN selected
  Class 8 | membership=0: 995 total → 305 IN selected
  Class 8 | membership=1: 1045 total → 305 IN selected
Shadow Model 34/80, Epoch 1/30, Loss: 1.1030, Correct: 3261, Accuracy: 0.5940
Shadow Model 34/80, Epoch 2/30, Loss: 0.8675, Correct: 3755, Accuracy: 0.6840
Shadow Model 34/80, Epoch 3/30, Loss: 0.7964, Correct: 3879, Accuracy: 0.7066
Shadow Model 34/80, Epoch 4/30, Loss: 0.6282, Correct: 4234, Accuracy: 0.7712
Shadow Model 34/80, Epoch 5/30, Loss: 0.5661, Correct: 4393, Accuracy: 0.8002
Shadow Model 34/80, Epoch 6/30, Loss: 0.5088, Correct: 4510, Accuracy: 0.8215
Shadow Model 34/80, Epoch 7/30, Loss: 0.4425, Correct: 4607, Accuracy: 0.8392
Shadow Model 34/80, Epoch 8/30, Loss: 0.4175, Correct: 4693, Accuracy: 0.8548
Shadow Model 34/80, Epoch 9/30, Loss: 0.3724, Correct: 4731, Accuracy: 0.8617
Shadow Model 34/80, Epoch 10/30, Loss: 0.3236, Correct: 4904, Accuracy: 0.8933
Shadow Model 34/80, Epoch 11/30, Loss: 0.2871, Correct: 4970, Accuracy: 0.9053
Shadow Model 34/80, Epoch 12/30, Loss: 0.2576, Correct: 4982, Accuracy: 0.9075
Shadow Model 34/80, Epoch 13/30, Loss: 0.2440, Correct: 5015, Accuracy: 0.9135
Shadow Model 34/80, Epoch 14/30, Loss: 0.1757, Correct: 5144, Accuracy: 0.9370
Shadow Model 34/80, Epoch 15/30, Loss: 0.1740, Correct: 5168, Accuracy: 0.9413
Shadow Model 34/80, Epoch 16/30, Loss: 0.1826, Correct: 5145, Accuracy: 0.9372
Shadow Model 34/80, Epoch 17/30, Loss: 0.1106, Correct: 5294, Accuracy: 0.9643
Shadow Model 34/80, Epoch 18/30, Loss: 0.1214, Correct: 5269, Accuracy: 0.9597
Shadow Model 34/80, Epoch 19/30, Loss: 0.1256, Correct: 5252, Accuracy: 0.9566
Shadow Model 34/80, Epoch 20/30, Loss: 0.0696, Correct: 5370, Accuracy: 0.9781
Shadow Model 34/80, Epoch 21/30, Loss: 0.0796, Correct: 5346, Accuracy: 0.9738
Shadow Model 34/80, Epoch 22/30, Loss: 0.0531, Correct: 5393, Accuracy: 0.9823
Shadow Model 34/80, Epoch 23/30, Loss: 0.0499, Correct: 5397, Accuracy: 0.9831
Shadow Model 34/80, Epoch 24/30, Loss: 0.0593, Correct: 5378, Accuracy: 0.9796
Shadow Model 34/80, Epoch 25/30, Loss: 0.0836, Correct: 5333, Accuracy: 0.9714
Shadow Model 34/80, Epoch 26/30, Loss: 0.0541, Correct: 5394, Accuracy: 0.9825
Shadow Model 34/80, Epoch 27/30, Loss: 0.0322, Correct: 5434, Accuracy: 0.9898
Shadow Model 34/80, Epoch 28/30, Loss: 0.0484, Correct: 5399, Accuracy: 0.9834
Shadow Model 34/80, Epoch 29/30, Loss: 0.0416, Correct: 5417, Accuracy: 0.9867
Shadow Model 34/80, Epoch 30/30, Loss: 0.0251, Correct: 5456, Accuracy: 0.9938
  Min count per (class, membership) group: 610
  Samples per group selected as IN: 305
  Class 0 | membership=0: 761 total → 305 IN selected
  Class 0 | membership=1: 754 total → 305 IN selected
  Class 1 | membership=0: 774 total → 305 IN selected
  Class 1 | membership=1: 774 total → 305 IN selected
  Class 2 | membership=0: 750 total → 305 IN selected
  Class 2 | membership=1: 796 total → 305 IN selected
  Class 3 | membership=0: 783 total → 305 IN selected
  Class 3 | membership=1: 798 total → 305 IN selected
  Class 4 | membership=0: 688 total → 305 IN selected
  Class 4 | membership=1: 660 total → 305 IN selected
  Class 5 | membership=0: 897 total → 305 IN selected
  Class 5 | membership=1: 898 total → 305 IN selected
  Class 6 | membership=0: 612 total → 305 IN selected
  Class 6 | membership=1: 610 total → 305 IN selected
  Class 7 | membership=0: 740 total → 305 IN selected
  Class 7 | membership=1: 665 total → 305 IN selected
  Class 8 | membership=0: 995 total → 305 IN selected
  Class 8 | membership=1: 1045 total → 305 IN selected
Shadow Model 35/80, Epoch 1/30, Loss: 1.1824, Correct: 3110, Accuracy: 0.5665
Shadow Model 35/80, Epoch 2/30, Loss: 0.8003, Correct: 3922, Accuracy: 0.7144
Shadow Model 35/80, Epoch 3/30, Loss: 0.7187, Correct: 4072, Accuracy: 0.7417
Shadow Model 35/80, Epoch 4/30, Loss: 0.6102, Correct: 4312, Accuracy: 0.7854
Shadow Model 35/80, Epoch 5/30, Loss: 0.5398, Correct: 4415, Accuracy: 0.8042
Shadow Model 35/80, Epoch 6/30, Loss: 0.5077, Correct: 4483, Accuracy: 0.8166
Shadow Model 35/80, Epoch 7/30, Loss: 0.4167, Correct: 4669, Accuracy: 0.8505
Shadow Model 35/80, Epoch 8/30, Loss: 0.3811, Correct: 4750, Accuracy: 0.8652
Shadow Model 35/80, Epoch 9/30, Loss: 0.3098, Correct: 4889, Accuracy: 0.8905
Shadow Model 35/80, Epoch 10/30, Loss: 0.3254, Correct: 4851, Accuracy: 0.8836
Shadow Model 35/80, Epoch 11/30, Loss: 0.2844, Correct: 4968, Accuracy: 0.9049
Shadow Model 35/80, Epoch 12/30, Loss: 0.2434, Correct: 5027, Accuracy: 0.9157
Shadow Model 35/80, Epoch 13/30, Loss: 0.2010, Correct: 5108, Accuracy: 0.9304
Shadow Model 35/80, Epoch 14/30, Loss: 0.1732, Correct: 5160, Accuracy: 0.9399
Shadow Model 35/80, Epoch 15/30, Loss: 0.1249, Correct: 5257, Accuracy: 0.9576
Shadow Model 35/80, Epoch 16/30, Loss: 0.1142, Correct: 5300, Accuracy: 0.9654
Shadow Model 35/80, Epoch 17/30, Loss: 0.0928, Correct: 5320, Accuracy: 0.9690
Shadow Model 35/80, Epoch 18/30, Loss: 0.1181, Correct: 5269, Accuracy: 0.9597
Shadow Model 35/80, Epoch 19/30, Loss: 0.0728, Correct: 5355, Accuracy: 0.9754
Shadow Model 35/80, Epoch 20/30, Loss: 0.1043, Correct: 5289, Accuracy: 0.9634
Shadow Model 35/80, Epoch 21/30, Loss: 0.0576, Correct: 5385, Accuracy: 0.9809
Shadow Model 35/80, Epoch 22/30, Loss: 0.0604, Correct: 5383, Accuracy: 0.9805
Shadow Model 35/80, Epoch 23/30, Loss: 0.0476, Correct: 5419, Accuracy: 0.9871
Shadow Model 35/80, Epoch 24/30, Loss: 0.0290, Correct: 5431, Accuracy: 0.9893
Shadow Model 35/80, Epoch 25/30, Loss: 0.0597, Correct: 5382, Accuracy: 0.9803
Shadow Model 35/80, Epoch 26/30, Loss: 0.0585, Correct: 5387, Accuracy: 0.9812
Shadow Model 35/80, Epoch 27/30, Loss: 0.0322, Correct: 5427, Accuracy: 0.9885
Shadow Model 35/80, Epoch 28/30, Loss: 0.0173, Correct: 5465, Accuracy: 0.9954
Shadow Model 35/80, Epoch 29/30, Loss: 0.0275, Correct: 5434, Accuracy: 0.9898
Shadow Model 35/80, Epoch 30/30, Loss: 0.0536, Correct: 5392, Accuracy: 0.9821
  Min count per (class, membership) group: 610
  Samples per group selected as IN: 305
  Class 0 | membership=0: 761 total → 305 IN selected
  Class 0 | membership=1: 754 total → 305 IN selected
  Class 1 | membership=0: 774 total → 305 IN selected
  Class 1 | membership=1: 774 total → 305 IN selected
  Class 2 | membership=0: 750 total → 305 IN selected
  Class 2 | membership=1: 796 total → 305 IN selected
  Class 3 | membership=0: 783 total → 305 IN selected
  Class 3 | membership=1: 798 total → 305 IN selected
  Class 4 | membership=0: 688 total → 305 IN selected
  Class 4 | membership=1: 660 total → 305 IN selected
  Class 5 | membership=0: 897 total → 305 IN selected
  Class 5 | membership=1: 898 total → 305 IN selected
  Class 6 | membership=0: 612 total → 305 IN selected
  Class 6 | membership=1: 610 total → 305 IN selected
  Class 7 | membership=0: 740 total → 305 IN selected
  Class 7 | membership=1: 665 total → 305 IN selected
  Class 8 | membership=0: 995 total → 305 IN selected
  Class 8 | membership=1: 1045 total → 305 IN selected
Shadow Model 36/80, Epoch 1/30, Loss: 1.1924, Correct: 3058, Accuracy: 0.5570
Shadow Model 36/80, Epoch 2/30, Loss: 0.9028, Correct: 3689, Accuracy: 0.6719
Shadow Model 36/80, Epoch 3/30, Loss: 0.7966, Correct: 3949, Accuracy: 0.7193
Shadow Model 36/80, Epoch 4/30, Loss: 0.6773, Correct: 4142, Accuracy: 0.7545
Shadow Model 36/80, Epoch 5/30, Loss: 0.5908, Correct: 4324, Accuracy: 0.7876
Shadow Model 36/80, Epoch 6/30, Loss: 0.5290, Correct: 4474, Accuracy: 0.8149
Shadow Model 36/80, Epoch 7/30, Loss: 0.4687, Correct: 4547, Accuracy: 0.8282
Shadow Model 36/80, Epoch 8/30, Loss: 0.4222, Correct: 4675, Accuracy: 0.8515
Shadow Model 36/80, Epoch 9/30, Loss: 0.3600, Correct: 4776, Accuracy: 0.8699
Shadow Model 36/80, Epoch 10/30, Loss: 0.3345, Correct: 4856, Accuracy: 0.8845
Shadow Model 36/80, Epoch 11/30, Loss: 0.3377, Correct: 4830, Accuracy: 0.8798
Shadow Model 36/80, Epoch 12/30, Loss: 0.2716, Correct: 4969, Accuracy: 0.9051
Shadow Model 36/80, Epoch 13/30, Loss: 0.2519, Correct: 4985, Accuracy: 0.9080
Shadow Model 36/80, Epoch 14/30, Loss: 0.2020, Correct: 5099, Accuracy: 0.9288
Shadow Model 36/80, Epoch 15/30, Loss: 0.1965, Correct: 5126, Accuracy: 0.9337
Shadow Model 36/80, Epoch 16/30, Loss: 0.1685, Correct: 5172, Accuracy: 0.9421
Shadow Model 36/80, Epoch 17/30, Loss: 0.1387, Correct: 5215, Accuracy: 0.9499
Shadow Model 36/80, Epoch 18/30, Loss: 0.1573, Correct: 5204, Accuracy: 0.9479
Shadow Model 36/80, Epoch 19/30, Loss: 0.1123, Correct: 5278, Accuracy: 0.9614
Shadow Model 36/80, Epoch 20/30, Loss: 0.0719, Correct: 5340, Accuracy: 0.9727
Shadow Model 36/80, Epoch 21/30, Loss: 0.1276, Correct: 5259, Accuracy: 0.9579
Shadow Model 36/80, Epoch 22/30, Loss: 0.0841, Correct: 5334, Accuracy: 0.9716
Shadow Model 36/80, Epoch 23/30, Loss: 0.0647, Correct: 5366, Accuracy: 0.9774
Shadow Model 36/80, Epoch 24/30, Loss: 0.0373, Correct: 5410, Accuracy: 0.9854
Shadow Model 36/80, Epoch 25/30, Loss: 0.0537, Correct: 5403, Accuracy: 0.9842
Shadow Model 36/80, Epoch 26/30, Loss: 0.0579, Correct: 5379, Accuracy: 0.9798
Shadow Model 36/80, Epoch 27/30, Loss: 0.0780, Correct: 5340, Accuracy: 0.9727
Shadow Model 36/80, Epoch 28/30, Loss: 0.0506, Correct: 5398, Accuracy: 0.9832
Shadow Model 36/80, Epoch 29/30, Loss: 0.0495, Correct: 5417, Accuracy: 0.9867
Shadow Model 36/80, Epoch 30/30, Loss: 0.0322, Correct: 5430, Accuracy: 0.9891
  Min count per (class, membership) group: 610
  Samples per group selected as IN: 305
  Class 0 | membership=0: 761 total → 305 IN selected
  Class 0 | membership=1: 754 total → 305 IN selected
  Class 1 | membership=0: 774 total → 305 IN selected
  Class 1 | membership=1: 774 total → 305 IN selected
  Class 2 | membership=0: 750 total → 305 IN selected
  Class 2 | membership=1: 796 total → 305 IN selected
  Class 3 | membership=0: 783 total → 305 IN selected
  Class 3 | membership=1: 798 total → 305 IN selected
  Class 4 | membership=0: 688 total → 305 IN selected
  Class 4 | membership=1: 660 total → 305 IN selected
  Class 5 | membership=0: 897 total → 305 IN selected
  Class 5 | membership=1: 898 total → 305 IN selected
  Class 6 | membership=0: 612 total → 305 IN selected
  Class 6 | membership=1: 610 total → 305 IN selected
  Class 7 | membership=0: 740 total → 305 IN selected
  Class 7 | membership=1: 665 total → 305 IN selected
  Class 8 | membership=0: 995 total → 305 IN selected
  Class 8 | membership=1: 1045 total → 305 IN selected
Shadow Model 37/80, Epoch 1/30, Loss: 1.1545, Correct: 3120, Accuracy: 0.5683
Shadow Model 37/80, Epoch 2/30, Loss: 0.8638, Correct: 3743, Accuracy: 0.6818
Shadow Model 37/80, Epoch 3/30, Loss: 0.7567, Correct: 3977, Accuracy: 0.7244
Shadow Model 37/80, Epoch 4/30, Loss: 0.6509, Correct: 4209, Accuracy: 0.7667
Shadow Model 37/80, Epoch 5/30, Loss: 0.5509, Correct: 4427, Accuracy: 0.8064
Shadow Model 37/80, Epoch 6/30, Loss: 0.4988, Correct: 4495, Accuracy: 0.8188
Shadow Model 37/80, Epoch 7/30, Loss: 0.4558, Correct: 4577, Accuracy: 0.8337
Shadow Model 37/80, Epoch 8/30, Loss: 0.4053, Correct: 4657, Accuracy: 0.8483
Shadow Model 37/80, Epoch 9/30, Loss: 0.3869, Correct: 4710, Accuracy: 0.8579
Shadow Model 37/80, Epoch 10/30, Loss: 0.3362, Correct: 4817, Accuracy: 0.8774
Shadow Model 37/80, Epoch 11/30, Loss: 0.3311, Correct: 4856, Accuracy: 0.8845
Shadow Model 37/80, Epoch 12/30, Loss: 0.2550, Correct: 4988, Accuracy: 0.9086
Shadow Model 37/80, Epoch 13/30, Loss: 0.2490, Correct: 4975, Accuracy: 0.9062
Shadow Model 37/80, Epoch 14/30, Loss: 0.2226, Correct: 5072, Accuracy: 0.9239
Shadow Model 37/80, Epoch 15/30, Loss: 0.1756, Correct: 5160, Accuracy: 0.9399
Shadow Model 37/80, Epoch 16/30, Loss: 0.1674, Correct: 5154, Accuracy: 0.9388
Shadow Model 37/80, Epoch 17/30, Loss: 0.1388, Correct: 5221, Accuracy: 0.9510
Shadow Model 37/80, Epoch 18/30, Loss: 0.1461, Correct: 5231, Accuracy: 0.9528
Shadow Model 37/80, Epoch 19/30, Loss: 0.1219, Correct: 5251, Accuracy: 0.9565
Shadow Model 37/80, Epoch 20/30, Loss: 0.0696, Correct: 5364, Accuracy: 0.9770
Shadow Model 37/80, Epoch 21/30, Loss: 0.1848, Correct: 5165, Accuracy: 0.9408
Shadow Model 37/80, Epoch 22/30, Loss: 0.1366, Correct: 5249, Accuracy: 0.9561
Shadow Model 37/80, Epoch 23/30, Loss: 0.0622, Correct: 5391, Accuracy: 0.9820
Shadow Model 37/80, Epoch 24/30, Loss: 0.0536, Correct: 5406, Accuracy: 0.9847
Shadow Model 37/80, Epoch 25/30, Loss: 0.0571, Correct: 5400, Accuracy: 0.9836
Shadow Model 37/80, Epoch 26/30, Loss: 0.0414, Correct: 5414, Accuracy: 0.9862
Shadow Model 37/80, Epoch 27/30, Loss: 0.0487, Correct: 5398, Accuracy: 0.9832
Shadow Model 37/80, Epoch 28/30, Loss: 0.0500, Correct: 5401, Accuracy: 0.9838
Shadow Model 37/80, Epoch 29/30, Loss: 0.0617, Correct: 5386, Accuracy: 0.9811
Shadow Model 37/80, Epoch 30/30, Loss: 0.0210, Correct: 5456, Accuracy: 0.9938
  Min count per (class, membership) group: 610
  Samples per group selected as IN: 305
  Class 0 | membership=0: 761 total → 305 IN selected
  Class 0 | membership=1: 754 total → 305 IN selected
  Class 1 | membership=0: 774 total → 305 IN selected
  Class 1 | membership=1: 774 total → 305 IN selected
  Class 2 | membership=0: 750 total → 305 IN selected
  Class 2 | membership=1: 796 total → 305 IN selected
  Class 3 | membership=0: 783 total → 305 IN selected
  Class 3 | membership=1: 798 total → 305 IN selected
  Class 4 | membership=0: 688 total → 305 IN selected
  Class 4 | membership=1: 660 total → 305 IN selected
  Class 5 | membership=0: 897 total → 305 IN selected
  Class 5 | membership=1: 898 total → 305 IN selected
  Class 6 | membership=0: 612 total → 305 IN selected
  Class 6 | membership=1: 610 total → 305 IN selected
  Class 7 | membership=0: 740 total → 305 IN selected
  Class 7 | membership=1: 665 total → 305 IN selected
  Class 8 | membership=0: 995 total → 305 IN selected
  Class 8 | membership=1: 1045 total → 305 IN selected
Shadow Model 38/80, Epoch 1/30, Loss: 1.1846, Correct: 3150, Accuracy: 0.5738
Shadow Model 38/80, Epoch 2/30, Loss: 0.8708, Correct: 3749, Accuracy: 0.6829
Shadow Model 38/80, Epoch 3/30, Loss: 0.7149, Correct: 4083, Accuracy: 0.7437
Shadow Model 38/80, Epoch 4/30, Loss: 0.5877, Correct: 4381, Accuracy: 0.7980
Shadow Model 38/80, Epoch 5/30, Loss: 0.5469, Correct: 4455, Accuracy: 0.8115
Shadow Model 38/80, Epoch 6/30, Loss: 0.4699, Correct: 4576, Accuracy: 0.8335
Shadow Model 38/80, Epoch 7/30, Loss: 0.4265, Correct: 4659, Accuracy: 0.8486
Shadow Model 38/80, Epoch 8/30, Loss: 0.4045, Correct: 4678, Accuracy: 0.8521
Shadow Model 38/80, Epoch 9/30, Loss: 0.3336, Correct: 4841, Accuracy: 0.8818
Shadow Model 38/80, Epoch 10/30, Loss: 0.2940, Correct: 4945, Accuracy: 0.9007
Shadow Model 38/80, Epoch 11/30, Loss: 0.2629, Correct: 4976, Accuracy: 0.9064
Shadow Model 38/80, Epoch 12/30, Loss: 0.2293, Correct: 5037, Accuracy: 0.9175
Shadow Model 38/80, Epoch 13/30, Loss: 0.2159, Correct: 5086, Accuracy: 0.9264
Shadow Model 38/80, Epoch 14/30, Loss: 0.1712, Correct: 5149, Accuracy: 0.9379
Shadow Model 38/80, Epoch 15/30, Loss: 0.1420, Correct: 5223, Accuracy: 0.9514
Shadow Model 38/80, Epoch 16/30, Loss: 0.1674, Correct: 5208, Accuracy: 0.9486
Shadow Model 38/80, Epoch 17/30, Loss: 0.1206, Correct: 5268, Accuracy: 0.9596
Shadow Model 38/80, Epoch 18/30, Loss: 0.1149, Correct: 5270, Accuracy: 0.9599
Shadow Model 38/80, Epoch 19/30, Loss: 0.0871, Correct: 5336, Accuracy: 0.9719
Shadow Model 38/80, Epoch 20/30, Loss: 0.0919, Correct: 5337, Accuracy: 0.9721
Shadow Model 38/80, Epoch 21/30, Loss: 0.0742, Correct: 5352, Accuracy: 0.9749
Shadow Model 38/80, Epoch 22/30, Loss: 0.0743, Correct: 5356, Accuracy: 0.9756
Shadow Model 38/80, Epoch 23/30, Loss: 0.0769, Correct: 5367, Accuracy: 0.9776
Shadow Model 38/80, Epoch 24/30, Loss: 0.0411, Correct: 5420, Accuracy: 0.9872
Shadow Model 38/80, Epoch 25/30, Loss: 0.0309, Correct: 5436, Accuracy: 0.9902
Shadow Model 38/80, Epoch 26/30, Loss: 0.0287, Correct: 5435, Accuracy: 0.9900
Shadow Model 38/80, Epoch 27/30, Loss: 0.0421, Correct: 5421, Accuracy: 0.9874
Shadow Model 38/80, Epoch 28/30, Loss: 0.0703, Correct: 5364, Accuracy: 0.9770
Shadow Model 38/80, Epoch 29/30, Loss: 0.0436, Correct: 5412, Accuracy: 0.9858
Shadow Model 38/80, Epoch 30/30, Loss: 0.0816, Correct: 5345, Accuracy: 0.9736
  Min count per (class, membership) group: 610
  Samples per group selected as IN: 305
  Class 0 | membership=0: 761 total → 305 IN selected
  Class 0 | membership=1: 754 total → 305 IN selected
  Class 1 | membership=0: 774 total → 305 IN selected
  Class 1 | membership=1: 774 total → 305 IN selected
  Class 2 | membership=0: 750 total → 305 IN selected
  Class 2 | membership=1: 796 total → 305 IN selected
  Class 3 | membership=0: 783 total → 305 IN selected
  Class 3 | membership=1: 798 total → 305 IN selected
  Class 4 | membership=0: 688 total → 305 IN selected
  Class 4 | membership=1: 660 total → 305 IN selected
  Class 5 | membership=0: 897 total → 305 IN selected
  Class 5 | membership=1: 898 total → 305 IN selected
  Class 6 | membership=0: 612 total → 305 IN selected
  Class 6 | membership=1: 610 total → 305 IN selected
  Class 7 | membership=0: 740 total → 305 IN selected
  Class 7 | membership=1: 665 total → 305 IN selected
  Class 8 | membership=0: 995 total → 305 IN selected
  Class 8 | membership=1: 1045 total → 305 IN selected
Shadow Model 39/80, Epoch 1/30, Loss: 1.1634, Correct: 3123, Accuracy: 0.5689
Shadow Model 39/80, Epoch 2/30, Loss: 0.8736, Correct: 3713, Accuracy: 0.6763
Shadow Model 39/80, Epoch 3/30, Loss: 0.7444, Correct: 3978, Accuracy: 0.7246
Shadow Model 39/80, Epoch 4/30, Loss: 0.6596, Correct: 4194, Accuracy: 0.7639
Shadow Model 39/80, Epoch 5/30, Loss: 0.5819, Correct: 4352, Accuracy: 0.7927
Shadow Model 39/80, Epoch 6/30, Loss: 0.5591, Correct: 4365, Accuracy: 0.7951
Shadow Model 39/80, Epoch 7/30, Loss: 0.4660, Correct: 4576, Accuracy: 0.8335
Shadow Model 39/80, Epoch 8/30, Loss: 0.4223, Correct: 4639, Accuracy: 0.8450
Shadow Model 39/80, Epoch 9/30, Loss: 0.3784, Correct: 4770, Accuracy: 0.8689
Shadow Model 39/80, Epoch 10/30, Loss: 0.3263, Correct: 4838, Accuracy: 0.8812
Shadow Model 39/80, Epoch 11/30, Loss: 0.2991, Correct: 4904, Accuracy: 0.8933
Shadow Model 39/80, Epoch 12/30, Loss: 0.2626, Correct: 4962, Accuracy: 0.9038
Shadow Model 39/80, Epoch 13/30, Loss: 0.2340, Correct: 5056, Accuracy: 0.9209
Shadow Model 39/80, Epoch 14/30, Loss: 0.2216, Correct: 5036, Accuracy: 0.9173
Shadow Model 39/80, Epoch 15/30, Loss: 0.1550, Correct: 5195, Accuracy: 0.9463
Shadow Model 39/80, Epoch 16/30, Loss: 0.1249, Correct: 5252, Accuracy: 0.9566
Shadow Model 39/80, Epoch 17/30, Loss: 0.0994, Correct: 5314, Accuracy: 0.9679
Shadow Model 39/80, Epoch 18/30, Loss: 0.0793, Correct: 5351, Accuracy: 0.9747
Shadow Model 39/80, Epoch 19/30, Loss: 0.0903, Correct: 5323, Accuracy: 0.9696
Shadow Model 39/80, Epoch 20/30, Loss: 0.0732, Correct: 5364, Accuracy: 0.9770
Shadow Model 39/80, Epoch 21/30, Loss: 0.0599, Correct: 5394, Accuracy: 0.9825
Shadow Model 39/80, Epoch 22/30, Loss: 0.0795, Correct: 5332, Accuracy: 0.9712
Shadow Model 39/80, Epoch 23/30, Loss: 0.0838, Correct: 5335, Accuracy: 0.9718
Shadow Model 39/80, Epoch 24/30, Loss: 0.0748, Correct: 5347, Accuracy: 0.9740
Shadow Model 39/80, Epoch 25/30, Loss: 0.0367, Correct: 5429, Accuracy: 0.9889
Shadow Model 39/80, Epoch 26/30, Loss: 0.0234, Correct: 5447, Accuracy: 0.9922
Shadow Model 39/80, Epoch 27/30, Loss: 0.0139, Correct: 5465, Accuracy: 0.9954
Shadow Model 39/80, Epoch 28/30, Loss: 0.1479, Correct: 5237, Accuracy: 0.9539
Shadow Model 39/80, Epoch 29/30, Loss: 0.0772, Correct: 5357, Accuracy: 0.9758
Shadow Model 39/80, Epoch 30/30, Loss: 0.0394, Correct: 5418, Accuracy: 0.9869
  Min count per (class, membership) group: 610
  Samples per group selected as IN: 305
  Class 0 | membership=0: 761 total → 305 IN selected
  Class 0 | membership=1: 754 total → 305 IN selected
  Class 1 | membership=0: 774 total → 305 IN selected
  Class 1 | membership=1: 774 total → 305 IN selected
  Class 2 | membership=0: 750 total → 305 IN selected
  Class 2 | membership=1: 796 total → 305 IN selected
  Class 3 | membership=0: 783 total → 305 IN selected
  Class 3 | membership=1: 798 total → 305 IN selected
  Class 4 | membership=0: 688 total → 305 IN selected
  Class 4 | membership=1: 660 total → 305 IN selected
  Class 5 | membership=0: 897 total → 305 IN selected
  Class 5 | membership=1: 898 total → 305 IN selected
  Class 6 | membership=0: 612 total → 305 IN selected
  Class 6 | membership=1: 610 total → 305 IN selected
  Class 7 | membership=0: 740 total → 305 IN selected
  Class 7 | membership=1: 665 total → 305 IN selected
  Class 8 | membership=0: 995 total → 305 IN selected
  Class 8 | membership=1: 1045 total → 305 IN selected
Shadow Model 40/80, Epoch 1/30, Loss: 1.1889, Correct: 3028, Accuracy: 0.5515
Shadow Model 40/80, Epoch 2/30, Loss: 0.7953, Correct: 3897, Accuracy: 0.7098
Shadow Model 40/80, Epoch 3/30, Loss: 0.7209, Correct: 4084, Accuracy: 0.7439
Shadow Model 40/80, Epoch 4/30, Loss: 0.6130, Correct: 4303, Accuracy: 0.7838
Shadow Model 40/80, Epoch 5/30, Loss: 0.5683, Correct: 4401, Accuracy: 0.8016
Shadow Model 40/80, Epoch 6/30, Loss: 0.4621, Correct: 4590, Accuracy: 0.8361
Shadow Model 40/80, Epoch 7/30, Loss: 0.4294, Correct: 4649, Accuracy: 0.8468
Shadow Model 40/80, Epoch 8/30, Loss: 0.3785, Correct: 4772, Accuracy: 0.8692
Shadow Model 40/80, Epoch 9/30, Loss: 0.3114, Correct: 4901, Accuracy: 0.8927
Shadow Model 40/80, Epoch 10/30, Loss: 0.2952, Correct: 4917, Accuracy: 0.8956
Shadow Model 40/80, Epoch 11/30, Loss: 0.2684, Correct: 4983, Accuracy: 0.9077
Shadow Model 40/80, Epoch 12/30, Loss: 0.2437, Correct: 4996, Accuracy: 0.9100
Shadow Model 40/80, Epoch 13/30, Loss: 0.1725, Correct: 5162, Accuracy: 0.9403
Shadow Model 40/80, Epoch 14/30, Loss: 0.1733, Correct: 5172, Accuracy: 0.9421
Shadow Model 40/80, Epoch 15/30, Loss: 0.1360, Correct: 5231, Accuracy: 0.9528
Shadow Model 40/80, Epoch 16/30, Loss: 0.1070, Correct: 5288, Accuracy: 0.9632
Shadow Model 40/80, Epoch 17/30, Loss: 0.1271, Correct: 5231, Accuracy: 0.9528
Shadow Model 40/80, Epoch 18/30, Loss: 0.0626, Correct: 5371, Accuracy: 0.9783
Shadow Model 40/80, Epoch 19/30, Loss: 0.1036, Correct: 5297, Accuracy: 0.9648
Shadow Model 40/80, Epoch 20/30, Loss: 0.0641, Correct: 5369, Accuracy: 0.9780
Shadow Model 40/80, Epoch 21/30, Loss: 0.0539, Correct: 5386, Accuracy: 0.9811
Shadow Model 40/80, Epoch 22/30, Loss: 0.0737, Correct: 5355, Accuracy: 0.9754
Shadow Model 40/80, Epoch 23/30, Loss: 0.0519, Correct: 5390, Accuracy: 0.9818
Shadow Model 40/80, Epoch 24/30, Loss: 0.0885, Correct: 5334, Accuracy: 0.9716
Shadow Model 40/80, Epoch 25/30, Loss: 0.0385, Correct: 5412, Accuracy: 0.9858
Shadow Model 40/80, Epoch 26/30, Loss: 0.0588, Correct: 5389, Accuracy: 0.9816
Shadow Model 40/80, Epoch 27/30, Loss: 0.0469, Correct: 5396, Accuracy: 0.9829
Shadow Model 40/80, Epoch 28/30, Loss: 0.0245, Correct: 5453, Accuracy: 0.9933
Shadow Model 40/80, Epoch 29/30, Loss: 0.0411, Correct: 5427, Accuracy: 0.9885
Shadow Model 40/80, Epoch 30/30, Loss: 0.1044, Correct: 5299, Accuracy: 0.9652
  Min count per (class, membership) group: 610
  Samples per group selected as IN: 305
  Class 0 | membership=0: 761 total → 305 IN selected
  Class 0 | membership=1: 754 total → 305 IN selected
  Class 1 | membership=0: 774 total → 305 IN selected
  Class 1 | membership=1: 774 total → 305 IN selected
  Class 2 | membership=0: 750 total → 305 IN selected
  Class 2 | membership=1: 796 total → 305 IN selected
  Class 3 | membership=0: 783 total → 305 IN selected
  Class 3 | membership=1: 798 total → 305 IN selected
  Class 4 | membership=0: 688 total → 305 IN selected
  Class 4 | membership=1: 660 total → 305 IN selected
  Class 5 | membership=0: 897 total → 305 IN selected
  Class 5 | membership=1: 898 total → 305 IN selected
  Class 6 | membership=0: 612 total → 305 IN selected
  Class 6 | membership=1: 610 total → 305 IN selected
  Class 7 | membership=0: 740 total → 305 IN selected
  Class 7 | membership=1: 665 total → 305 IN selected
  Class 8 | membership=0: 995 total → 305 IN selected
  Class 8 | membership=1: 1045 total → 305 IN selected
Shadow Model 41/80, Epoch 1/30, Loss: 1.1747, Correct: 3097, Accuracy: 0.5641
Shadow Model 41/80, Epoch 2/30, Loss: 0.8510, Correct: 3723, Accuracy: 0.6781
Shadow Model 41/80, Epoch 3/30, Loss: 0.7237, Correct: 4010, Accuracy: 0.7304
Shadow Model 41/80, Epoch 4/30, Loss: 0.6415, Correct: 4206, Accuracy: 0.7661
Shadow Model 41/80, Epoch 5/30, Loss: 0.5686, Correct: 4391, Accuracy: 0.7998
Shadow Model 41/80, Epoch 6/30, Loss: 0.4834, Correct: 4566, Accuracy: 0.8317
Shadow Model 41/80, Epoch 7/30, Loss: 0.4460, Correct: 4632, Accuracy: 0.8437
Shadow Model 41/80, Epoch 8/30, Loss: 0.4231, Correct: 4684, Accuracy: 0.8532
Shadow Model 41/80, Epoch 9/30, Loss: 0.4065, Correct: 4689, Accuracy: 0.8541
Shadow Model 41/80, Epoch 10/30, Loss: 0.3220, Correct: 4861, Accuracy: 0.8854
Shadow Model 41/80, Epoch 11/30, Loss: 0.2922, Correct: 4913, Accuracy: 0.8949
Shadow Model 41/80, Epoch 12/30, Loss: 0.3220, Correct: 4888, Accuracy: 0.8903
Shadow Model 41/80, Epoch 13/30, Loss: 0.2027, Correct: 5114, Accuracy: 0.9315
Shadow Model 41/80, Epoch 14/30, Loss: 0.1706, Correct: 5144, Accuracy: 0.9370
Shadow Model 41/80, Epoch 15/30, Loss: 0.1526, Correct: 5188, Accuracy: 0.9450
Shadow Model 41/80, Epoch 16/30, Loss: 0.1371, Correct: 5223, Accuracy: 0.9514
Shadow Model 41/80, Epoch 17/30, Loss: 0.1540, Correct: 5216, Accuracy: 0.9501
Shadow Model 41/80, Epoch 18/30, Loss: 0.1009, Correct: 5300, Accuracy: 0.9654
Shadow Model 41/80, Epoch 19/30, Loss: 0.0788, Correct: 5344, Accuracy: 0.9734
Shadow Model 41/80, Epoch 20/30, Loss: 0.0920, Correct: 5319, Accuracy: 0.9689
Shadow Model 41/80, Epoch 21/30, Loss: 0.0580, Correct: 5386, Accuracy: 0.9811
Shadow Model 41/80, Epoch 22/30, Loss: 0.1023, Correct: 5302, Accuracy: 0.9658
Shadow Model 41/80, Epoch 23/30, Loss: 0.0722, Correct: 5353, Accuracy: 0.9750
Shadow Model 41/80, Epoch 24/30, Loss: 0.0443, Correct: 5400, Accuracy: 0.9836
Shadow Model 41/80, Epoch 25/30, Loss: 0.0403, Correct: 5413, Accuracy: 0.9860
Shadow Model 41/80, Epoch 26/30, Loss: 0.0459, Correct: 5406, Accuracy: 0.9847
Shadow Model 41/80, Epoch 27/30, Loss: 0.0548, Correct: 5389, Accuracy: 0.9816
Shadow Model 41/80, Epoch 28/30, Loss: 0.0420, Correct: 5427, Accuracy: 0.9885
Shadow Model 41/80, Epoch 29/30, Loss: 0.0125, Correct: 5472, Accuracy: 0.9967
Shadow Model 41/80, Epoch 30/30, Loss: 0.0567, Correct: 5393, Accuracy: 0.9823
  Min count per (class, membership) group: 610
  Samples per group selected as IN: 305
  Class 0 | membership=0: 761 total → 305 IN selected
  Class 0 | membership=1: 754 total → 305 IN selected
  Class 1 | membership=0: 774 total → 305 IN selected
  Class 1 | membership=1: 774 total → 305 IN selected
  Class 2 | membership=0: 750 total → 305 IN selected
  Class 2 | membership=1: 796 total → 305 IN selected
  Class 3 | membership=0: 783 total → 305 IN selected
  Class 3 | membership=1: 798 total → 305 IN selected
  Class 4 | membership=0: 688 total → 305 IN selected
  Class 4 | membership=1: 660 total → 305 IN selected
  Class 5 | membership=0: 897 total → 305 IN selected
  Class 5 | membership=1: 898 total → 305 IN selected
  Class 6 | membership=0: 612 total → 305 IN selected
  Class 6 | membership=1: 610 total → 305 IN selected
  Class 7 | membership=0: 740 total → 305 IN selected
  Class 7 | membership=1: 665 total → 305 IN selected
  Class 8 | membership=0: 995 total → 305 IN selected
  Class 8 | membership=1: 1045 total → 305 IN selected
Shadow Model 42/80, Epoch 1/30, Loss: 1.1684, Correct: 3134, Accuracy: 0.5709
Shadow Model 42/80, Epoch 2/30, Loss: 0.8482, Correct: 3801, Accuracy: 0.6923
Shadow Model 42/80, Epoch 3/30, Loss: 0.7138, Correct: 4062, Accuracy: 0.7399
Shadow Model 42/80, Epoch 4/30, Loss: 0.6082, Correct: 4302, Accuracy: 0.7836
Shadow Model 42/80, Epoch 5/30, Loss: 0.5441, Correct: 4424, Accuracy: 0.8058
Shadow Model 42/80, Epoch 6/30, Loss: 0.4586, Correct: 4605, Accuracy: 0.8388
Shadow Model 42/80, Epoch 7/30, Loss: 0.4447, Correct: 4623, Accuracy: 0.8421
Shadow Model 42/80, Epoch 8/30, Loss: 0.4072, Correct: 4696, Accuracy: 0.8554
Shadow Model 42/80, Epoch 9/30, Loss: 0.3358, Correct: 4817, Accuracy: 0.8774
Shadow Model 42/80, Epoch 10/30, Loss: 0.3103, Correct: 4912, Accuracy: 0.8947
Shadow Model 42/80, Epoch 11/30, Loss: 0.2979, Correct: 4921, Accuracy: 0.8964
Shadow Model 42/80, Epoch 12/30, Loss: 0.2910, Correct: 4951, Accuracy: 0.9018
Shadow Model 42/80, Epoch 13/30, Loss: 0.2002, Correct: 5115, Accuracy: 0.9317
Shadow Model 42/80, Epoch 14/30, Loss: 0.1785, Correct: 5134, Accuracy: 0.9352
Shadow Model 42/80, Epoch 15/30, Loss: 0.1356, Correct: 5242, Accuracy: 0.9548
Shadow Model 42/80, Epoch 16/30, Loss: 0.1351, Correct: 5244, Accuracy: 0.9552
Shadow Model 42/80, Epoch 17/30, Loss: 0.1307, Correct: 5255, Accuracy: 0.9572
Shadow Model 42/80, Epoch 18/30, Loss: 0.0898, Correct: 5319, Accuracy: 0.9689
Shadow Model 42/80, Epoch 19/30, Loss: 0.0594, Correct: 5375, Accuracy: 0.9791
Shadow Model 42/80, Epoch 20/30, Loss: 0.0827, Correct: 5347, Accuracy: 0.9740
Shadow Model 42/80, Epoch 21/30, Loss: 0.0439, Correct: 5407, Accuracy: 0.9849
Shadow Model 42/80, Epoch 22/30, Loss: 0.0345, Correct: 5443, Accuracy: 0.9914
Shadow Model 42/80, Epoch 23/30, Loss: 0.0800, Correct: 5338, Accuracy: 0.9723
Shadow Model 42/80, Epoch 24/30, Loss: 0.0535, Correct: 5394, Accuracy: 0.9825
Shadow Model 42/80, Epoch 25/30, Loss: 0.0657, Correct: 5366, Accuracy: 0.9774
Shadow Model 42/80, Epoch 26/30, Loss: 0.0589, Correct: 5381, Accuracy: 0.9801
Shadow Model 42/80, Epoch 27/30, Loss: 0.0275, Correct: 5447, Accuracy: 0.9922
Shadow Model 42/80, Epoch 28/30, Loss: 0.0341, Correct: 5427, Accuracy: 0.9885
Shadow Model 42/80, Epoch 29/30, Loss: 0.0685, Correct: 5368, Accuracy: 0.9778
Shadow Model 42/80, Epoch 30/30, Loss: 0.0546, Correct: 5390, Accuracy: 0.9818
  Min count per (class, membership) group: 610
  Samples per group selected as IN: 305
  Class 0 | membership=0: 761 total → 305 IN selected
  Class 0 | membership=1: 754 total → 305 IN selected
  Class 1 | membership=0: 774 total → 305 IN selected
  Class 1 | membership=1: 774 total → 305 IN selected
  Class 2 | membership=0: 750 total → 305 IN selected
  Class 2 | membership=1: 796 total → 305 IN selected
  Class 3 | membership=0: 783 total → 305 IN selected
  Class 3 | membership=1: 798 total → 305 IN selected
  Class 4 | membership=0: 688 total → 305 IN selected
  Class 4 | membership=1: 660 total → 305 IN selected
  Class 5 | membership=0: 897 total → 305 IN selected
  Class 5 | membership=1: 898 total → 305 IN selected
  Class 6 | membership=0: 612 total → 305 IN selected
  Class 6 | membership=1: 610 total → 305 IN selected
  Class 7 | membership=0: 740 total → 305 IN selected
  Class 7 | membership=1: 665 total → 305 IN selected
  Class 8 | membership=0: 995 total → 305 IN selected
  Class 8 | membership=1: 1045 total → 305 IN selected
Shadow Model 43/80, Epoch 1/30, Loss: 1.1834, Correct: 3108, Accuracy: 0.5661
Shadow Model 43/80, Epoch 2/30, Loss: 0.8506, Correct: 3789, Accuracy: 0.6902
Shadow Model 43/80, Epoch 3/30, Loss: 0.7396, Correct: 4029, Accuracy: 0.7339
Shadow Model 43/80, Epoch 4/30, Loss: 0.6327, Correct: 4251, Accuracy: 0.7743
Shadow Model 43/80, Epoch 5/30, Loss: 0.5503, Correct: 4415, Accuracy: 0.8042
Shadow Model 43/80, Epoch 6/30, Loss: 0.4964, Correct: 4542, Accuracy: 0.8273
Shadow Model 43/80, Epoch 7/30, Loss: 0.4604, Correct: 4573, Accuracy: 0.8330
Shadow Model 43/80, Epoch 8/30, Loss: 0.3778, Correct: 4754, Accuracy: 0.8659
Shadow Model 43/80, Epoch 9/30, Loss: 0.3251, Correct: 4857, Accuracy: 0.8847
Shadow Model 43/80, Epoch 10/30, Loss: 0.3136, Correct: 4888, Accuracy: 0.8903
Shadow Model 43/80, Epoch 11/30, Loss: 0.3274, Correct: 4854, Accuracy: 0.8842
Shadow Model 43/80, Epoch 12/30, Loss: 0.2469, Correct: 5023, Accuracy: 0.9149
Shadow Model 43/80, Epoch 13/30, Loss: 0.2268, Correct: 5062, Accuracy: 0.9220
Shadow Model 43/80, Epoch 14/30, Loss: 0.1827, Correct: 5128, Accuracy: 0.9341
Shadow Model 43/80, Epoch 15/30, Loss: 0.1693, Correct: 5181, Accuracy: 0.9437
Shadow Model 43/80, Epoch 16/30, Loss: 0.1098, Correct: 5281, Accuracy: 0.9619
Shadow Model 43/80, Epoch 17/30, Loss: 0.1021, Correct: 5310, Accuracy: 0.9672
Shadow Model 43/80, Epoch 18/30, Loss: 0.0942, Correct: 5310, Accuracy: 0.9672
Shadow Model 43/80, Epoch 19/30, Loss: 0.0713, Correct: 5359, Accuracy: 0.9761
Shadow Model 43/80, Epoch 20/30, Loss: 0.0801, Correct: 5336, Accuracy: 0.9719
Shadow Model 43/80, Epoch 21/30, Loss: 0.0638, Correct: 5390, Accuracy: 0.9818
Shadow Model 43/80, Epoch 22/30, Loss: 0.0421, Correct: 5421, Accuracy: 0.9874
Shadow Model 43/80, Epoch 23/30, Loss: 0.0384, Correct: 5432, Accuracy: 0.9894
Shadow Model 43/80, Epoch 24/30, Loss: 0.0906, Correct: 5340, Accuracy: 0.9727
Shadow Model 43/80, Epoch 25/30, Loss: 0.0488, Correct: 5387, Accuracy: 0.9812
Shadow Model 43/80, Epoch 26/30, Loss: 0.0476, Correct: 5392, Accuracy: 0.9821
Shadow Model 43/80, Epoch 27/30, Loss: 0.0421, Correct: 5414, Accuracy: 0.9862
Shadow Model 43/80, Epoch 28/30, Loss: 0.0551, Correct: 5386, Accuracy: 0.9811
Shadow Model 43/80, Epoch 29/30, Loss: 0.0291, Correct: 5445, Accuracy: 0.9918
Shadow Model 43/80, Epoch 30/30, Loss: 0.0359, Correct: 5433, Accuracy: 0.9896
  Min count per (class, membership) group: 610
  Samples per group selected as IN: 305
  Class 0 | membership=0: 761 total → 305 IN selected
  Class 0 | membership=1: 754 total → 305 IN selected
  Class 1 | membership=0: 774 total → 305 IN selected
  Class 1 | membership=1: 774 total → 305 IN selected
  Class 2 | membership=0: 750 total → 305 IN selected
  Class 2 | membership=1: 796 total → 305 IN selected
  Class 3 | membership=0: 783 total → 305 IN selected
  Class 3 | membership=1: 798 total → 305 IN selected
  Class 4 | membership=0: 688 total → 305 IN selected
  Class 4 | membership=1: 660 total → 305 IN selected
  Class 5 | membership=0: 897 total → 305 IN selected
  Class 5 | membership=1: 898 total → 305 IN selected
  Class 6 | membership=0: 612 total → 305 IN selected
  Class 6 | membership=1: 610 total → 305 IN selected
  Class 7 | membership=0: 740 total → 305 IN selected
  Class 7 | membership=1: 665 total → 305 IN selected
  Class 8 | membership=0: 995 total → 305 IN selected
  Class 8 | membership=1: 1045 total → 305 IN selected
Shadow Model 44/80, Epoch 1/30, Loss: 1.1520, Correct: 3179, Accuracy: 0.5791
Shadow Model 44/80, Epoch 2/30, Loss: 0.8686, Correct: 3757, Accuracy: 0.6843
Shadow Model 44/80, Epoch 3/30, Loss: 0.7221, Correct: 4066, Accuracy: 0.7406
Shadow Model 44/80, Epoch 4/30, Loss: 0.6420, Correct: 4210, Accuracy: 0.7668
Shadow Model 44/80, Epoch 5/30, Loss: 0.5966, Correct: 4283, Accuracy: 0.7801
Shadow Model 44/80, Epoch 6/30, Loss: 0.4802, Correct: 4525, Accuracy: 0.8242
Shadow Model 44/80, Epoch 7/30, Loss: 0.4652, Correct: 4606, Accuracy: 0.8390
Shadow Model 44/80, Epoch 8/30, Loss: 0.4035, Correct: 4725, Accuracy: 0.8607
Shadow Model 44/80, Epoch 9/30, Loss: 0.3564, Correct: 4793, Accuracy: 0.8730
Shadow Model 44/80, Epoch 10/30, Loss: 0.3542, Correct: 4801, Accuracy: 0.8745
Shadow Model 44/80, Epoch 11/30, Loss: 0.2765, Correct: 4970, Accuracy: 0.9053
Shadow Model 44/80, Epoch 12/30, Loss: 0.2471, Correct: 5023, Accuracy: 0.9149
Shadow Model 44/80, Epoch 13/30, Loss: 0.2106, Correct: 5050, Accuracy: 0.9199
Shadow Model 44/80, Epoch 14/30, Loss: 0.1629, Correct: 5178, Accuracy: 0.9432
Shadow Model 44/80, Epoch 15/30, Loss: 0.1686, Correct: 5160, Accuracy: 0.9399
Shadow Model 44/80, Epoch 16/30, Loss: 0.1468, Correct: 5234, Accuracy: 0.9534
Shadow Model 44/80, Epoch 17/30, Loss: 0.1442, Correct: 5222, Accuracy: 0.9512
Shadow Model 44/80, Epoch 18/30, Loss: 0.1144, Correct: 5291, Accuracy: 0.9638
Shadow Model 44/80, Epoch 19/30, Loss: 0.0859, Correct: 5335, Accuracy: 0.9718
Shadow Model 44/80, Epoch 20/30, Loss: 0.1338, Correct: 5263, Accuracy: 0.9587
Shadow Model 44/80, Epoch 21/30, Loss: 0.0950, Correct: 5315, Accuracy: 0.9681
Shadow Model 44/80, Epoch 22/30, Loss: 0.0662, Correct: 5375, Accuracy: 0.9791
Shadow Model 44/80, Epoch 23/30, Loss: 0.0430, Correct: 5412, Accuracy: 0.9858
Shadow Model 44/80, Epoch 24/30, Loss: 0.0671, Correct: 5374, Accuracy: 0.9789
Shadow Model 44/80, Epoch 25/30, Loss: 0.0622, Correct: 5374, Accuracy: 0.9789
Shadow Model 44/80, Epoch 26/30, Loss: 0.0289, Correct: 5455, Accuracy: 0.9936
Shadow Model 44/80, Epoch 27/30, Loss: 0.0286, Correct: 5440, Accuracy: 0.9909
Shadow Model 44/80, Epoch 28/30, Loss: 0.0573, Correct: 5385, Accuracy: 0.9809
Shadow Model 44/80, Epoch 29/30, Loss: 0.0492, Correct: 5408, Accuracy: 0.9851
Shadow Model 44/80, Epoch 30/30, Loss: 0.0256, Correct: 5440, Accuracy: 0.9909
  Min count per (class, membership) group: 610
  Samples per group selected as IN: 305
  Class 0 | membership=0: 761 total → 305 IN selected
  Class 0 | membership=1: 754 total → 305 IN selected
  Class 1 | membership=0: 774 total → 305 IN selected
  Class 1 | membership=1: 774 total → 305 IN selected
  Class 2 | membership=0: 750 total → 305 IN selected
  Class 2 | membership=1: 796 total → 305 IN selected
  Class 3 | membership=0: 783 total → 305 IN selected
  Class 3 | membership=1: 798 total → 305 IN selected
  Class 4 | membership=0: 688 total → 305 IN selected
  Class 4 | membership=1: 660 total → 305 IN selected
  Class 5 | membership=0: 897 total → 305 IN selected
  Class 5 | membership=1: 898 total → 305 IN selected
  Class 6 | membership=0: 612 total → 305 IN selected
  Class 6 | membership=1: 610 total → 305 IN selected
  Class 7 | membership=0: 740 total → 305 IN selected
  Class 7 | membership=1: 665 total → 305 IN selected
  Class 8 | membership=0: 995 total → 305 IN selected
  Class 8 | membership=1: 1045 total → 305 IN selected
Shadow Model 45/80, Epoch 1/30, Loss: 1.1469, Correct: 3157, Accuracy: 0.5750
Shadow Model 45/80, Epoch 2/30, Loss: 0.9124, Correct: 3592, Accuracy: 0.6543
Shadow Model 45/80, Epoch 3/30, Loss: 0.7249, Correct: 4042, Accuracy: 0.7362
Shadow Model 45/80, Epoch 4/30, Loss: 0.6703, Correct: 4142, Accuracy: 0.7545
Shadow Model 45/80, Epoch 5/30, Loss: 0.6046, Correct: 4255, Accuracy: 0.7750
Shadow Model 45/80, Epoch 6/30, Loss: 0.4923, Correct: 4486, Accuracy: 0.8171
Shadow Model 45/80, Epoch 7/30, Loss: 0.4269, Correct: 4640, Accuracy: 0.8452
Shadow Model 45/80, Epoch 8/30, Loss: 0.3992, Correct: 4713, Accuracy: 0.8585
Shadow Model 45/80, Epoch 9/30, Loss: 0.3603, Correct: 4824, Accuracy: 0.8787
Shadow Model 45/80, Epoch 10/30, Loss: 0.3109, Correct: 4894, Accuracy: 0.8914
Shadow Model 45/80, Epoch 11/30, Loss: 0.3131, Correct: 4873, Accuracy: 0.8876
Shadow Model 45/80, Epoch 12/30, Loss: 0.2564, Correct: 4982, Accuracy: 0.9075
Shadow Model 45/80, Epoch 13/30, Loss: 0.1913, Correct: 5119, Accuracy: 0.9324
Shadow Model 45/80, Epoch 14/30, Loss: 0.2255, Correct: 5057, Accuracy: 0.9211
Shadow Model 45/80, Epoch 15/30, Loss: 0.1554, Correct: 5197, Accuracy: 0.9466
Shadow Model 45/80, Epoch 16/30, Loss: 0.1460, Correct: 5219, Accuracy: 0.9506
Shadow Model 45/80, Epoch 17/30, Loss: 0.1251, Correct: 5248, Accuracy: 0.9559
Shadow Model 45/80, Epoch 18/30, Loss: 0.0942, Correct: 5311, Accuracy: 0.9674
Shadow Model 45/80, Epoch 19/30, Loss: 0.1052, Correct: 5291, Accuracy: 0.9638
Shadow Model 45/80, Epoch 20/30, Loss: 0.0713, Correct: 5352, Accuracy: 0.9749
Shadow Model 45/80, Epoch 21/30, Loss: 0.0635, Correct: 5377, Accuracy: 0.9794
Shadow Model 45/80, Epoch 22/30, Loss: 0.0681, Correct: 5378, Accuracy: 0.9796
Shadow Model 45/80, Epoch 23/30, Loss: 0.0700, Correct: 5341, Accuracy: 0.9729
Shadow Model 45/80, Epoch 24/30, Loss: 0.0402, Correct: 5414, Accuracy: 0.9862
Shadow Model 45/80, Epoch 25/30, Loss: 0.0449, Correct: 5405, Accuracy: 0.9845
Shadow Model 45/80, Epoch 26/30, Loss: 0.0317, Correct: 5429, Accuracy: 0.9889
Shadow Model 45/80, Epoch 27/30, Loss: 0.0741, Correct: 5354, Accuracy: 0.9752
Shadow Model 45/80, Epoch 28/30, Loss: 0.0622, Correct: 5379, Accuracy: 0.9798
Shadow Model 45/80, Epoch 29/30, Loss: 0.0291, Correct: 5438, Accuracy: 0.9905
Shadow Model 45/80, Epoch 30/30, Loss: 0.0188, Correct: 5458, Accuracy: 0.9942
  Min count per (class, membership) group: 610
  Samples per group selected as IN: 305
  Class 0 | membership=0: 761 total → 305 IN selected
  Class 0 | membership=1: 754 total → 305 IN selected
  Class 1 | membership=0: 774 total → 305 IN selected
  Class 1 | membership=1: 774 total → 305 IN selected
  Class 2 | membership=0: 750 total → 305 IN selected
  Class 2 | membership=1: 796 total → 305 IN selected
  Class 3 | membership=0: 783 total → 305 IN selected
  Class 3 | membership=1: 798 total → 305 IN selected
  Class 4 | membership=0: 688 total → 305 IN selected
  Class 4 | membership=1: 660 total → 305 IN selected
  Class 5 | membership=0: 897 total → 305 IN selected
  Class 5 | membership=1: 898 total → 305 IN selected
  Class 6 | membership=0: 612 total → 305 IN selected
  Class 6 | membership=1: 610 total → 305 IN selected
  Class 7 | membership=0: 740 total → 305 IN selected
  Class 7 | membership=1: 665 total → 305 IN selected
  Class 8 | membership=0: 995 total → 305 IN selected
  Class 8 | membership=1: 1045 total → 305 IN selected
Shadow Model 46/80, Epoch 1/30, Loss: 1.1478, Correct: 3176, Accuracy: 0.5785
Shadow Model 46/80, Epoch 2/30, Loss: 0.8656, Correct: 3744, Accuracy: 0.6820
Shadow Model 46/80, Epoch 3/30, Loss: 0.7339, Correct: 3993, Accuracy: 0.7273
Shadow Model 46/80, Epoch 4/30, Loss: 0.6448, Correct: 4231, Accuracy: 0.7707
Shadow Model 46/80, Epoch 5/30, Loss: 0.6038, Correct: 4276, Accuracy: 0.7789
Shadow Model 46/80, Epoch 6/30, Loss: 0.5200, Correct: 4504, Accuracy: 0.8204
Shadow Model 46/80, Epoch 7/30, Loss: 0.4405, Correct: 4617, Accuracy: 0.8410
Shadow Model 46/80, Epoch 8/30, Loss: 0.4102, Correct: 4681, Accuracy: 0.8526
Shadow Model 46/80, Epoch 9/30, Loss: 0.4057, Correct: 4710, Accuracy: 0.8579
Shadow Model 46/80, Epoch 10/30, Loss: 0.3562, Correct: 4789, Accuracy: 0.8723
Shadow Model 46/80, Epoch 11/30, Loss: 0.3212, Correct: 4854, Accuracy: 0.8842
Shadow Model 46/80, Epoch 12/30, Loss: 0.3114, Correct: 4883, Accuracy: 0.8894
Shadow Model 46/80, Epoch 13/30, Loss: 0.2848, Correct: 4949, Accuracy: 0.9015
Shadow Model 46/80, Epoch 14/30, Loss: 0.2246, Correct: 5038, Accuracy: 0.9177
Shadow Model 46/80, Epoch 15/30, Loss: 0.1650, Correct: 5186, Accuracy: 0.9446
Shadow Model 46/80, Epoch 16/30, Loss: 0.1803, Correct: 5154, Accuracy: 0.9388
Shadow Model 46/80, Epoch 17/30, Loss: 0.1233, Correct: 5258, Accuracy: 0.9577
Shadow Model 46/80, Epoch 18/30, Loss: 0.1366, Correct: 5213, Accuracy: 0.9495
Shadow Model 46/80, Epoch 19/30, Loss: 0.1184, Correct: 5263, Accuracy: 0.9587
Shadow Model 46/80, Epoch 20/30, Loss: 0.0890, Correct: 5333, Accuracy: 0.9714
Shadow Model 46/80, Epoch 21/30, Loss: 0.1309, Correct: 5241, Accuracy: 0.9546
Shadow Model 46/80, Epoch 22/30, Loss: 0.0586, Correct: 5386, Accuracy: 0.9811
Shadow Model 46/80, Epoch 23/30, Loss: 0.1064, Correct: 5310, Accuracy: 0.9672
Shadow Model 46/80, Epoch 24/30, Loss: 0.1138, Correct: 5292, Accuracy: 0.9639
Shadow Model 46/80, Epoch 25/30, Loss: 0.0618, Correct: 5379, Accuracy: 0.9798
Shadow Model 46/80, Epoch 26/30, Loss: 0.0360, Correct: 5419, Accuracy: 0.9871
Shadow Model 46/80, Epoch 27/30, Loss: 0.0389, Correct: 5425, Accuracy: 0.9882
Shadow Model 46/80, Epoch 28/30, Loss: 0.0629, Correct: 5382, Accuracy: 0.9803
Shadow Model 46/80, Epoch 29/30, Loss: 0.0229, Correct: 5461, Accuracy: 0.9947
Shadow Model 46/80, Epoch 30/30, Loss: 0.0215, Correct: 5456, Accuracy: 0.9938
  Min count per (class, membership) group: 610
  Samples per group selected as IN: 305
  Class 0 | membership=0: 761 total → 305 IN selected
  Class 0 | membership=1: 754 total → 305 IN selected
  Class 1 | membership=0: 774 total → 305 IN selected
  Class 1 | membership=1: 774 total → 305 IN selected
  Class 2 | membership=0: 750 total → 305 IN selected
  Class 2 | membership=1: 796 total → 305 IN selected
  Class 3 | membership=0: 783 total → 305 IN selected
  Class 3 | membership=1: 798 total → 305 IN selected
  Class 4 | membership=0: 688 total → 305 IN selected
  Class 4 | membership=1: 660 total → 305 IN selected
  Class 5 | membership=0: 897 total → 305 IN selected
  Class 5 | membership=1: 898 total → 305 IN selected
  Class 6 | membership=0: 612 total → 305 IN selected
  Class 6 | membership=1: 610 total → 305 IN selected
  Class 7 | membership=0: 740 total → 305 IN selected
  Class 7 | membership=1: 665 total → 305 IN selected
  Class 8 | membership=0: 995 total → 305 IN selected
  Class 8 | membership=1: 1045 total → 305 IN selected
Shadow Model 47/80, Epoch 1/30, Loss: 1.1495, Correct: 3163, Accuracy: 0.5761
Shadow Model 47/80, Epoch 2/30, Loss: 0.8487, Correct: 3806, Accuracy: 0.6933
Shadow Model 47/80, Epoch 3/30, Loss: 0.6848, Correct: 4140, Accuracy: 0.7541
Shadow Model 47/80, Epoch 4/30, Loss: 0.6288, Correct: 4277, Accuracy: 0.7791
Shadow Model 47/80, Epoch 5/30, Loss: 0.5315, Correct: 4460, Accuracy: 0.8124
Shadow Model 47/80, Epoch 6/30, Loss: 0.4892, Correct: 4553, Accuracy: 0.8293
Shadow Model 47/80, Epoch 7/30, Loss: 0.4102, Correct: 4678, Accuracy: 0.8521
Shadow Model 47/80, Epoch 8/30, Loss: 0.3671, Correct: 4775, Accuracy: 0.8698
Shadow Model 47/80, Epoch 9/30, Loss: 0.3396, Correct: 4832, Accuracy: 0.8801
Shadow Model 47/80, Epoch 10/30, Loss: 0.2597, Correct: 5011, Accuracy: 0.9128
Shadow Model 47/80, Epoch 11/30, Loss: 0.2348, Correct: 5038, Accuracy: 0.9177
Shadow Model 47/80, Epoch 12/30, Loss: 0.2130, Correct: 5077, Accuracy: 0.9248
Shadow Model 47/80, Epoch 13/30, Loss: 0.2047, Correct: 5109, Accuracy: 0.9306
Shadow Model 47/80, Epoch 14/30, Loss: 0.1688, Correct: 5179, Accuracy: 0.9434
Shadow Model 47/80, Epoch 15/30, Loss: 0.1569, Correct: 5198, Accuracy: 0.9468
Shadow Model 47/80, Epoch 16/30, Loss: 0.1110, Correct: 5267, Accuracy: 0.9594
Shadow Model 47/80, Epoch 17/30, Loss: 0.1100, Correct: 5294, Accuracy: 0.9643
Shadow Model 47/80, Epoch 18/30, Loss: 0.0760, Correct: 5352, Accuracy: 0.9749
Shadow Model 47/80, Epoch 19/30, Loss: 0.0653, Correct: 5367, Accuracy: 0.9776
Shadow Model 47/80, Epoch 20/30, Loss: 0.0382, Correct: 5419, Accuracy: 0.9871
Shadow Model 47/80, Epoch 21/30, Loss: 0.0592, Correct: 5383, Accuracy: 0.9805
Shadow Model 47/80, Epoch 22/30, Loss: 0.0997, Correct: 5313, Accuracy: 0.9678
Shadow Model 47/80, Epoch 23/30, Loss: 0.0613, Correct: 5372, Accuracy: 0.9785
Shadow Model 47/80, Epoch 24/30, Loss: 0.0323, Correct: 5441, Accuracy: 0.9911
Shadow Model 47/80, Epoch 25/30, Loss: 0.0133, Correct: 5475, Accuracy: 0.9973
Shadow Model 47/80, Epoch 26/30, Loss: 0.0119, Correct: 5470, Accuracy: 0.9964
Shadow Model 47/80, Epoch 27/30, Loss: 0.0443, Correct: 5407, Accuracy: 0.9849
Shadow Model 47/80, Epoch 28/30, Loss: 0.0605, Correct: 5373, Accuracy: 0.9787
Shadow Model 47/80, Epoch 29/30, Loss: 0.0552, Correct: 5396, Accuracy: 0.9829
Shadow Model 47/80, Epoch 30/30, Loss: 0.0362, Correct: 5417, Accuracy: 0.9867
  Min count per (class, membership) group: 610
  Samples per group selected as IN: 305
  Class 0 | membership=0: 761 total → 305 IN selected
  Class 0 | membership=1: 754 total → 305 IN selected
  Class 1 | membership=0: 774 total → 305 IN selected
  Class 1 | membership=1: 774 total → 305 IN selected
  Class 2 | membership=0: 750 total → 305 IN selected
  Class 2 | membership=1: 796 total → 305 IN selected
  Class 3 | membership=0: 783 total → 305 IN selected
  Class 3 | membership=1: 798 total → 305 IN selected
  Class 4 | membership=0: 688 total → 305 IN selected
  Class 4 | membership=1: 660 total → 305 IN selected
  Class 5 | membership=0: 897 total → 305 IN selected
  Class 5 | membership=1: 898 total → 305 IN selected
  Class 6 | membership=0: 612 total → 305 IN selected
  Class 6 | membership=1: 610 total → 305 IN selected
  Class 7 | membership=0: 740 total → 305 IN selected
  Class 7 | membership=1: 665 total → 305 IN selected
  Class 8 | membership=0: 995 total → 305 IN selected
  Class 8 | membership=1: 1045 total → 305 IN selected
Shadow Model 48/80, Epoch 1/30, Loss: 1.1621, Correct: 3128, Accuracy: 0.5698
Shadow Model 48/80, Epoch 2/30, Loss: 0.8901, Correct: 3707, Accuracy: 0.6752
Shadow Model 48/80, Epoch 3/30, Loss: 0.7564, Correct: 4027, Accuracy: 0.7335
Shadow Model 48/80, Epoch 4/30, Loss: 0.6907, Correct: 4174, Accuracy: 0.7603
Shadow Model 48/80, Epoch 5/30, Loss: 0.5638, Correct: 4411, Accuracy: 0.8035
Shadow Model 48/80, Epoch 6/30, Loss: 0.5438, Correct: 4413, Accuracy: 0.8038
Shadow Model 48/80, Epoch 7/30, Loss: 0.4551, Correct: 4630, Accuracy: 0.8434
Shadow Model 48/80, Epoch 8/30, Loss: 0.4209, Correct: 4672, Accuracy: 0.8510
Shadow Model 48/80, Epoch 9/30, Loss: 0.3835, Correct: 4757, Accuracy: 0.8665
Shadow Model 48/80, Epoch 10/30, Loss: 0.3756, Correct: 4806, Accuracy: 0.8754
Shadow Model 48/80, Epoch 11/30, Loss: 0.3223, Correct: 4884, Accuracy: 0.8896
Shadow Model 48/80, Epoch 12/30, Loss: 0.2808, Correct: 4961, Accuracy: 0.9036
Shadow Model 48/80, Epoch 13/30, Loss: 0.2698, Correct: 4972, Accuracy: 0.9056
Shadow Model 48/80, Epoch 14/30, Loss: 0.2289, Correct: 5084, Accuracy: 0.9260
Shadow Model 48/80, Epoch 15/30, Loss: 0.1716, Correct: 5156, Accuracy: 0.9392
Shadow Model 48/80, Epoch 16/30, Loss: 0.1486, Correct: 5210, Accuracy: 0.9490
Shadow Model 48/80, Epoch 17/30, Loss: 0.1221, Correct: 5262, Accuracy: 0.9585
Shadow Model 48/80, Epoch 18/30, Loss: 0.1174, Correct: 5269, Accuracy: 0.9597
Shadow Model 48/80, Epoch 19/30, Loss: 0.0998, Correct: 5309, Accuracy: 0.9670
Shadow Model 48/80, Epoch 20/30, Loss: 0.1323, Correct: 5252, Accuracy: 0.9566
Shadow Model 48/80, Epoch 21/30, Loss: 0.0654, Correct: 5385, Accuracy: 0.9809
Shadow Model 48/80, Epoch 22/30, Loss: 0.0486, Correct: 5402, Accuracy: 0.9840
Shadow Model 48/80, Epoch 23/30, Loss: 0.0468, Correct: 5408, Accuracy: 0.9851
Shadow Model 48/80, Epoch 24/30, Loss: 0.0692, Correct: 5363, Accuracy: 0.9769
Shadow Model 48/80, Epoch 25/30, Loss: 0.0661, Correct: 5374, Accuracy: 0.9789
Shadow Model 48/80, Epoch 26/30, Loss: 0.0343, Correct: 5432, Accuracy: 0.9894
Shadow Model 48/80, Epoch 27/30, Loss: 0.0340, Correct: 5431, Accuracy: 0.9893
Shadow Model 48/80, Epoch 28/30, Loss: 0.0528, Correct: 5391, Accuracy: 0.9820
Shadow Model 48/80, Epoch 29/30, Loss: 0.0591, Correct: 5398, Accuracy: 0.9832
Shadow Model 48/80, Epoch 30/30, Loss: 0.0749, Correct: 5354, Accuracy: 0.9752
  Min count per (class, membership) group: 610
  Samples per group selected as IN: 305
  Class 0 | membership=0: 761 total → 305 IN selected
  Class 0 | membership=1: 754 total → 305 IN selected
  Class 1 | membership=0: 774 total → 305 IN selected
  Class 1 | membership=1: 774 total → 305 IN selected
  Class 2 | membership=0: 750 total → 305 IN selected
  Class 2 | membership=1: 796 total → 305 IN selected
  Class 3 | membership=0: 783 total → 305 IN selected
  Class 3 | membership=1: 798 total → 305 IN selected
  Class 4 | membership=0: 688 total → 305 IN selected
  Class 4 | membership=1: 660 total → 305 IN selected
  Class 5 | membership=0: 897 total → 305 IN selected
  Class 5 | membership=1: 898 total → 305 IN selected
  Class 6 | membership=0: 612 total → 305 IN selected
  Class 6 | membership=1: 610 total → 305 IN selected
  Class 7 | membership=0: 740 total → 305 IN selected
  Class 7 | membership=1: 665 total → 305 IN selected
  Class 8 | membership=0: 995 total → 305 IN selected
  Class 8 | membership=1: 1045 total → 305 IN selected
Shadow Model 49/80, Epoch 1/30, Loss: 1.1999, Correct: 3036, Accuracy: 0.5530
Shadow Model 49/80, Epoch 2/30, Loss: 0.8949, Correct: 3652, Accuracy: 0.6652
Shadow Model 49/80, Epoch 3/30, Loss: 0.7548, Correct: 3957, Accuracy: 0.7208
Shadow Model 49/80, Epoch 4/30, Loss: 0.6429, Correct: 4181, Accuracy: 0.7616
Shadow Model 49/80, Epoch 5/30, Loss: 0.5694, Correct: 4390, Accuracy: 0.7996
Shadow Model 49/80, Epoch 6/30, Loss: 0.4953, Correct: 4501, Accuracy: 0.8199
Shadow Model 49/80, Epoch 7/30, Loss: 0.4486, Correct: 4606, Accuracy: 0.8390
Shadow Model 49/80, Epoch 8/30, Loss: 0.3978, Correct: 4688, Accuracy: 0.8539
Shadow Model 49/80, Epoch 9/30, Loss: 0.3729, Correct: 4749, Accuracy: 0.8650
Shadow Model 49/80, Epoch 10/30, Loss: 0.3709, Correct: 4779, Accuracy: 0.8705
Shadow Model 49/80, Epoch 11/30, Loss: 0.2927, Correct: 4917, Accuracy: 0.8956
Shadow Model 49/80, Epoch 12/30, Loss: 0.2771, Correct: 4977, Accuracy: 0.9066
Shadow Model 49/80, Epoch 13/30, Loss: 0.2257, Correct: 5046, Accuracy: 0.9191
Shadow Model 49/80, Epoch 14/30, Loss: 0.1920, Correct: 5131, Accuracy: 0.9346
Shadow Model 49/80, Epoch 15/30, Loss: 0.1704, Correct: 5176, Accuracy: 0.9428
Shadow Model 49/80, Epoch 16/30, Loss: 0.1600, Correct: 5202, Accuracy: 0.9475
Shadow Model 49/80, Epoch 17/30, Loss: 0.1189, Correct: 5272, Accuracy: 0.9603
Shadow Model 49/80, Epoch 18/30, Loss: 0.1167, Correct: 5261, Accuracy: 0.9583
Shadow Model 49/80, Epoch 19/30, Loss: 0.1049, Correct: 5297, Accuracy: 0.9648
Shadow Model 49/80, Epoch 20/30, Loss: 0.0905, Correct: 5314, Accuracy: 0.9679
Shadow Model 49/80, Epoch 21/30, Loss: 0.0914, Correct: 5334, Accuracy: 0.9716
Shadow Model 49/80, Epoch 22/30, Loss: 0.0701, Correct: 5358, Accuracy: 0.9760
Shadow Model 49/80, Epoch 23/30, Loss: 0.0501, Correct: 5394, Accuracy: 0.9825
Shadow Model 49/80, Epoch 24/30, Loss: 0.0670, Correct: 5375, Accuracy: 0.9791
Shadow Model 49/80, Epoch 25/30, Loss: 0.0394, Correct: 5420, Accuracy: 0.9872
Shadow Model 49/80, Epoch 26/30, Loss: 0.0668, Correct: 5381, Accuracy: 0.9801
Shadow Model 49/80, Epoch 27/30, Loss: 0.0478, Correct: 5410, Accuracy: 0.9854
Shadow Model 49/80, Epoch 28/30, Loss: 0.0399, Correct: 5408, Accuracy: 0.9851
Shadow Model 49/80, Epoch 29/30, Loss: 0.0379, Correct: 5421, Accuracy: 0.9874
Shadow Model 49/80, Epoch 30/30, Loss: 0.0728, Correct: 5362, Accuracy: 0.9767
  Min count per (class, membership) group: 610
  Samples per group selected as IN: 305
  Class 0 | membership=0: 761 total → 305 IN selected
  Class 0 | membership=1: 754 total → 305 IN selected
  Class 1 | membership=0: 774 total → 305 IN selected
  Class 1 | membership=1: 774 total → 305 IN selected
  Class 2 | membership=0: 750 total → 305 IN selected
  Class 2 | membership=1: 796 total → 305 IN selected
  Class 3 | membership=0: 783 total → 305 IN selected
  Class 3 | membership=1: 798 total → 305 IN selected
  Class 4 | membership=0: 688 total → 305 IN selected
  Class 4 | membership=1: 660 total → 305 IN selected
  Class 5 | membership=0: 897 total → 305 IN selected
  Class 5 | membership=1: 898 total → 305 IN selected
  Class 6 | membership=0: 612 total → 305 IN selected
  Class 6 | membership=1: 610 total → 305 IN selected
  Class 7 | membership=0: 740 total → 305 IN selected
  Class 7 | membership=1: 665 total → 305 IN selected
  Class 8 | membership=0: 995 total → 305 IN selected
  Class 8 | membership=1: 1045 total → 305 IN selected
Shadow Model 50/80, Epoch 1/30, Loss: 1.1419, Correct: 3199, Accuracy: 0.5827
Shadow Model 50/80, Epoch 2/30, Loss: 0.8834, Correct: 3695, Accuracy: 0.6730
Shadow Model 50/80, Epoch 3/30, Loss: 0.7839, Correct: 3980, Accuracy: 0.7250
Shadow Model 50/80, Epoch 4/30, Loss: 0.6718, Correct: 4168, Accuracy: 0.7592
Shadow Model 50/80, Epoch 5/30, Loss: 0.6044, Correct: 4297, Accuracy: 0.7827
Shadow Model 50/80, Epoch 6/30, Loss: 0.5665, Correct: 4374, Accuracy: 0.7967
Shadow Model 50/80, Epoch 7/30, Loss: 0.5120, Correct: 4478, Accuracy: 0.8157
Shadow Model 50/80, Epoch 8/30, Loss: 0.4493, Correct: 4605, Accuracy: 0.8388
Shadow Model 50/80, Epoch 9/30, Loss: 0.4023, Correct: 4719, Accuracy: 0.8596
Shadow Model 50/80, Epoch 10/30, Loss: 0.3652, Correct: 4776, Accuracy: 0.8699
Shadow Model 50/80, Epoch 11/30, Loss: 0.3052, Correct: 4896, Accuracy: 0.8918
Shadow Model 50/80, Epoch 12/30, Loss: 0.2835, Correct: 4933, Accuracy: 0.8985
Shadow Model 50/80, Epoch 13/30, Loss: 0.2678, Correct: 4956, Accuracy: 0.9027
Shadow Model 50/80, Epoch 14/30, Loss: 0.2052, Correct: 5092, Accuracy: 0.9275
Shadow Model 50/80, Epoch 15/30, Loss: 0.1986, Correct: 5127, Accuracy: 0.9339
Shadow Model 50/80, Epoch 16/30, Loss: 0.1704, Correct: 5168, Accuracy: 0.9413
Shadow Model 50/80, Epoch 17/30, Loss: 0.1408, Correct: 5218, Accuracy: 0.9505
Shadow Model 50/80, Epoch 18/30, Loss: 0.1502, Correct: 5225, Accuracy: 0.9517
Shadow Model 50/80, Epoch 19/30, Loss: 0.1023, Correct: 5308, Accuracy: 0.9668
Shadow Model 50/80, Epoch 20/30, Loss: 0.0993, Correct: 5313, Accuracy: 0.9678
Shadow Model 50/80, Epoch 21/30, Loss: 0.1014, Correct: 5307, Accuracy: 0.9667
Shadow Model 50/80, Epoch 22/30, Loss: 0.0682, Correct: 5372, Accuracy: 0.9785
Shadow Model 50/80, Epoch 23/30, Loss: 0.0653, Correct: 5378, Accuracy: 0.9796
Shadow Model 50/80, Epoch 24/30, Loss: 0.0475, Correct: 5405, Accuracy: 0.9845
Shadow Model 50/80, Epoch 25/30, Loss: 0.0342, Correct: 5431, Accuracy: 0.9893
Shadow Model 50/80, Epoch 26/30, Loss: 0.0484, Correct: 5390, Accuracy: 0.9818
Shadow Model 50/80, Epoch 27/30, Loss: 0.0512, Correct: 5397, Accuracy: 0.9831
Shadow Model 50/80, Epoch 28/30, Loss: 0.0671, Correct: 5363, Accuracy: 0.9769
Shadow Model 50/80, Epoch 29/30, Loss: 0.0412, Correct: 5416, Accuracy: 0.9865
Shadow Model 50/80, Epoch 30/30, Loss: 0.0451, Correct: 5406, Accuracy: 0.9847
  Min count per (class, membership) group: 610
  Samples per group selected as IN: 305
  Class 0 | membership=0: 761 total → 305 IN selected
  Class 0 | membership=1: 754 total → 305 IN selected
  Class 1 | membership=0: 774 total → 305 IN selected
  Class 1 | membership=1: 774 total → 305 IN selected
  Class 2 | membership=0: 750 total → 305 IN selected
  Class 2 | membership=1: 796 total → 305 IN selected
  Class 3 | membership=0: 783 total → 305 IN selected
  Class 3 | membership=1: 798 total → 305 IN selected
  Class 4 | membership=0: 688 total → 305 IN selected
  Class 4 | membership=1: 660 total → 305 IN selected
  Class 5 | membership=0: 897 total → 305 IN selected
  Class 5 | membership=1: 898 total → 305 IN selected
  Class 6 | membership=0: 612 total → 305 IN selected
  Class 6 | membership=1: 610 total → 305 IN selected
  Class 7 | membership=0: 740 total → 305 IN selected
  Class 7 | membership=1: 665 total → 305 IN selected
  Class 8 | membership=0: 995 total → 305 IN selected
  Class 8 | membership=1: 1045 total → 305 IN selected
Shadow Model 51/80, Epoch 1/30, Loss: 1.1637, Correct: 3192, Accuracy: 0.5814
Shadow Model 51/80, Epoch 2/30, Loss: 0.8413, Correct: 3802, Accuracy: 0.6925
Shadow Model 51/80, Epoch 3/30, Loss: 0.7696, Correct: 4036, Accuracy: 0.7352
Shadow Model 51/80, Epoch 4/30, Loss: 0.6412, Correct: 4228, Accuracy: 0.7701
Shadow Model 51/80, Epoch 5/30, Loss: 0.5237, Correct: 4422, Accuracy: 0.8055
Shadow Model 51/80, Epoch 6/30, Loss: 0.4786, Correct: 4565, Accuracy: 0.8315
Shadow Model 51/80, Epoch 7/30, Loss: 0.4411, Correct: 4607, Accuracy: 0.8392
Shadow Model 51/80, Epoch 8/30, Loss: 0.3865, Correct: 4717, Accuracy: 0.8592
Shadow Model 51/80, Epoch 9/30, Loss: 0.3495, Correct: 4810, Accuracy: 0.8761
Shadow Model 51/80, Epoch 10/30, Loss: 0.3353, Correct: 4834, Accuracy: 0.8805
Shadow Model 51/80, Epoch 11/30, Loss: 0.3424, Correct: 4823, Accuracy: 0.8785
Shadow Model 51/80, Epoch 12/30, Loss: 0.2823, Correct: 4915, Accuracy: 0.8953
Shadow Model 51/80, Epoch 13/30, Loss: 0.2218, Correct: 5059, Accuracy: 0.9215
Shadow Model 51/80, Epoch 14/30, Loss: 0.1860, Correct: 5140, Accuracy: 0.9362
Shadow Model 51/80, Epoch 15/30, Loss: 0.1678, Correct: 5181, Accuracy: 0.9437
Shadow Model 51/80, Epoch 16/30, Loss: 0.1690, Correct: 5156, Accuracy: 0.9392
Shadow Model 51/80, Epoch 17/30, Loss: 0.1059, Correct: 5295, Accuracy: 0.9645
Shadow Model 51/80, Epoch 18/30, Loss: 0.0970, Correct: 5321, Accuracy: 0.9692
Shadow Model 51/80, Epoch 19/30, Loss: 0.0843, Correct: 5329, Accuracy: 0.9707
Shadow Model 51/80, Epoch 20/30, Loss: 0.1094, Correct: 5279, Accuracy: 0.9616
Shadow Model 51/80, Epoch 21/30, Loss: 0.0863, Correct: 5321, Accuracy: 0.9692
Shadow Model 51/80, Epoch 22/30, Loss: 0.0591, Correct: 5394, Accuracy: 0.9825
Shadow Model 51/80, Epoch 23/30, Loss: 0.0651, Correct: 5368, Accuracy: 0.9778
Shadow Model 51/80, Epoch 24/30, Loss: 0.0486, Correct: 5405, Accuracy: 0.9845
Shadow Model 51/80, Epoch 25/30, Loss: 0.0521, Correct: 5394, Accuracy: 0.9825
Shadow Model 51/80, Epoch 26/30, Loss: 0.0519, Correct: 5405, Accuracy: 0.9845
Shadow Model 51/80, Epoch 27/30, Loss: 0.0531, Correct: 5396, Accuracy: 0.9829
Shadow Model 51/80, Epoch 28/30, Loss: 0.0453, Correct: 5412, Accuracy: 0.9858
Shadow Model 51/80, Epoch 29/30, Loss: 0.0391, Correct: 5427, Accuracy: 0.9885
Shadow Model 51/80, Epoch 30/30, Loss: 0.0215, Correct: 5456, Accuracy: 0.9938
  Min count per (class, membership) group: 610
  Samples per group selected as IN: 305
  Class 0 | membership=0: 761 total → 305 IN selected
  Class 0 | membership=1: 754 total → 305 IN selected
  Class 1 | membership=0: 774 total → 305 IN selected
  Class 1 | membership=1: 774 total → 305 IN selected
  Class 2 | membership=0: 750 total → 305 IN selected
  Class 2 | membership=1: 796 total → 305 IN selected
  Class 3 | membership=0: 783 total → 305 IN selected
  Class 3 | membership=1: 798 total → 305 IN selected
  Class 4 | membership=0: 688 total → 305 IN selected
  Class 4 | membership=1: 660 total → 305 IN selected
  Class 5 | membership=0: 897 total → 305 IN selected
  Class 5 | membership=1: 898 total → 305 IN selected
  Class 6 | membership=0: 612 total → 305 IN selected
  Class 6 | membership=1: 610 total → 305 IN selected
  Class 7 | membership=0: 740 total → 305 IN selected
  Class 7 | membership=1: 665 total → 305 IN selected
  Class 8 | membership=0: 995 total → 305 IN selected
  Class 8 | membership=1: 1045 total → 305 IN selected
Shadow Model 52/80, Epoch 1/30, Loss: 1.1717, Correct: 3079, Accuracy: 0.5608
Shadow Model 52/80, Epoch 2/30, Loss: 0.8706, Correct: 3727, Accuracy: 0.6789
Shadow Model 52/80, Epoch 3/30, Loss: 0.7424, Correct: 3979, Accuracy: 0.7248
Shadow Model 52/80, Epoch 4/30, Loss: 0.6138, Correct: 4258, Accuracy: 0.7756
Shadow Model 52/80, Epoch 5/30, Loss: 0.5598, Correct: 4338, Accuracy: 0.7902
Shadow Model 52/80, Epoch 6/30, Loss: 0.4835, Correct: 4531, Accuracy: 0.8253
Shadow Model 52/80, Epoch 7/30, Loss: 0.4249, Correct: 4642, Accuracy: 0.8455
Shadow Model 52/80, Epoch 8/30, Loss: 0.3924, Correct: 4737, Accuracy: 0.8628
Shadow Model 52/80, Epoch 9/30, Loss: 0.3386, Correct: 4827, Accuracy: 0.8792
Shadow Model 52/80, Epoch 10/30, Loss: 0.2934, Correct: 4891, Accuracy: 0.8909
Shadow Model 52/80, Epoch 11/30, Loss: 0.2702, Correct: 4975, Accuracy: 0.9062
Shadow Model 52/80, Epoch 12/30, Loss: 0.2007, Correct: 5111, Accuracy: 0.9310
Shadow Model 52/80, Epoch 13/30, Loss: 0.1985, Correct: 5097, Accuracy: 0.9284
Shadow Model 52/80, Epoch 14/30, Loss: 0.1640, Correct: 5171, Accuracy: 0.9419
Shadow Model 52/80, Epoch 15/30, Loss: 0.1540, Correct: 5212, Accuracy: 0.9494
Shadow Model 52/80, Epoch 16/30, Loss: 0.1219, Correct: 5255, Accuracy: 0.9572
Shadow Model 52/80, Epoch 17/30, Loss: 0.1242, Correct: 5265, Accuracy: 0.9590
Shadow Model 52/80, Epoch 18/30, Loss: 0.0703, Correct: 5374, Accuracy: 0.9789
Shadow Model 52/80, Epoch 19/30, Loss: 0.0816, Correct: 5327, Accuracy: 0.9703
Shadow Model 52/80, Epoch 20/30, Loss: 0.0917, Correct: 5326, Accuracy: 0.9701
Shadow Model 52/80, Epoch 21/30, Loss: 0.1388, Correct: 5231, Accuracy: 0.9528
Shadow Model 52/80, Epoch 22/30, Loss: 0.1162, Correct: 5278, Accuracy: 0.9614
Shadow Model 52/80, Epoch 23/30, Loss: 0.0520, Correct: 5392, Accuracy: 0.9821
Shadow Model 52/80, Epoch 24/30, Loss: 0.0320, Correct: 5431, Accuracy: 0.9893
Shadow Model 52/80, Epoch 25/30, Loss: 0.0335, Correct: 5435, Accuracy: 0.9900
Shadow Model 52/80, Epoch 26/30, Loss: 0.0290, Correct: 5437, Accuracy: 0.9903
Shadow Model 52/80, Epoch 27/30, Loss: 0.0198, Correct: 5456, Accuracy: 0.9938
Shadow Model 52/80, Epoch 28/30, Loss: 0.0409, Correct: 5431, Accuracy: 0.9893
Shadow Model 52/80, Epoch 29/30, Loss: 0.0295, Correct: 5439, Accuracy: 0.9907
Shadow Model 52/80, Epoch 30/30, Loss: 0.0606, Correct: 5393, Accuracy: 0.9823
  Min count per (class, membership) group: 610
  Samples per group selected as IN: 305
  Class 0 | membership=0: 761 total → 305 IN selected
  Class 0 | membership=1: 754 total → 305 IN selected
  Class 1 | membership=0: 774 total → 305 IN selected
  Class 1 | membership=1: 774 total → 305 IN selected
  Class 2 | membership=0: 750 total → 305 IN selected
  Class 2 | membership=1: 796 total → 305 IN selected
  Class 3 | membership=0: 783 total → 305 IN selected
  Class 3 | membership=1: 798 total → 305 IN selected
  Class 4 | membership=0: 688 total → 305 IN selected
  Class 4 | membership=1: 660 total → 305 IN selected
  Class 5 | membership=0: 897 total → 305 IN selected
  Class 5 | membership=1: 898 total → 305 IN selected
  Class 6 | membership=0: 612 total → 305 IN selected
  Class 6 | membership=1: 610 total → 305 IN selected
  Class 7 | membership=0: 740 total → 305 IN selected
  Class 7 | membership=1: 665 total → 305 IN selected
  Class 8 | membership=0: 995 total → 305 IN selected
  Class 8 | membership=1: 1045 total → 305 IN selected
Shadow Model 53/80, Epoch 1/30, Loss: 1.1395, Correct: 3193, Accuracy: 0.5816
Shadow Model 53/80, Epoch 2/30, Loss: 0.8696, Correct: 3773, Accuracy: 0.6872
Shadow Model 53/80, Epoch 3/30, Loss: 0.7034, Correct: 4106, Accuracy: 0.7479
Shadow Model 53/80, Epoch 4/30, Loss: 0.6258, Correct: 4239, Accuracy: 0.7721
Shadow Model 53/80, Epoch 5/30, Loss: 0.5429, Correct: 4441, Accuracy: 0.8089
Shadow Model 53/80, Epoch 6/30, Loss: 0.4967, Correct: 4527, Accuracy: 0.8246
Shadow Model 53/80, Epoch 7/30, Loss: 0.4833, Correct: 4557, Accuracy: 0.8301
Shadow Model 53/80, Epoch 8/30, Loss: 0.4266, Correct: 4652, Accuracy: 0.8474
Shadow Model 53/80, Epoch 9/30, Loss: 0.4000, Correct: 4699, Accuracy: 0.8559
Shadow Model 53/80, Epoch 10/30, Loss: 0.3158, Correct: 4893, Accuracy: 0.8913
Shadow Model 53/80, Epoch 11/30, Loss: 0.2866, Correct: 4928, Accuracy: 0.8976
Shadow Model 53/80, Epoch 12/30, Loss: 0.2843, Correct: 4942, Accuracy: 0.9002
Shadow Model 53/80, Epoch 13/30, Loss: 0.2555, Correct: 5014, Accuracy: 0.9133
Shadow Model 53/80, Epoch 14/30, Loss: 0.2121, Correct: 5067, Accuracy: 0.9230
Shadow Model 53/80, Epoch 15/30, Loss: 0.1986, Correct: 5098, Accuracy: 0.9286
Shadow Model 53/80, Epoch 16/30, Loss: 0.1709, Correct: 5177, Accuracy: 0.9430
Shadow Model 53/80, Epoch 17/30, Loss: 0.1326, Correct: 5236, Accuracy: 0.9537
Shadow Model 53/80, Epoch 18/30, Loss: 0.1169, Correct: 5270, Accuracy: 0.9599
Shadow Model 53/80, Epoch 19/30, Loss: 0.1129, Correct: 5312, Accuracy: 0.9676
Shadow Model 53/80, Epoch 20/30, Loss: 0.0757, Correct: 5348, Accuracy: 0.9741
Shadow Model 53/80, Epoch 21/30, Loss: 0.0787, Correct: 5343, Accuracy: 0.9732
Shadow Model 53/80, Epoch 22/30, Loss: 0.0705, Correct: 5350, Accuracy: 0.9745
Shadow Model 53/80, Epoch 23/30, Loss: 0.0639, Correct: 5377, Accuracy: 0.9794
Shadow Model 53/80, Epoch 24/30, Loss: 0.0565, Correct: 5378, Accuracy: 0.9796
Shadow Model 53/80, Epoch 25/30, Loss: 0.0376, Correct: 5421, Accuracy: 0.9874
Shadow Model 53/80, Epoch 26/30, Loss: 0.0665, Correct: 5374, Accuracy: 0.9789
Shadow Model 53/80, Epoch 27/30, Loss: 0.0369, Correct: 5421, Accuracy: 0.9874
Shadow Model 53/80, Epoch 28/30, Loss: 0.0604, Correct: 5396, Accuracy: 0.9829
Shadow Model 53/80, Epoch 29/30, Loss: 0.0450, Correct: 5404, Accuracy: 0.9843
Shadow Model 53/80, Epoch 30/30, Loss: 0.0269, Correct: 5446, Accuracy: 0.9920
  Min count per (class, membership) group: 610
  Samples per group selected as IN: 305
  Class 0 | membership=0: 761 total → 305 IN selected
  Class 0 | membership=1: 754 total → 305 IN selected
  Class 1 | membership=0: 774 total → 305 IN selected
  Class 1 | membership=1: 774 total → 305 IN selected
  Class 2 | membership=0: 750 total → 305 IN selected
  Class 2 | membership=1: 796 total → 305 IN selected
  Class 3 | membership=0: 783 total → 305 IN selected
  Class 3 | membership=1: 798 total → 305 IN selected
  Class 4 | membership=0: 688 total → 305 IN selected
  Class 4 | membership=1: 660 total → 305 IN selected
  Class 5 | membership=0: 897 total → 305 IN selected
  Class 5 | membership=1: 898 total → 305 IN selected
  Class 6 | membership=0: 612 total → 305 IN selected
  Class 6 | membership=1: 610 total → 305 IN selected
  Class 7 | membership=0: 740 total → 305 IN selected
  Class 7 | membership=1: 665 total → 305 IN selected
  Class 8 | membership=0: 995 total → 305 IN selected
  Class 8 | membership=1: 1045 total → 305 IN selected
Shadow Model 54/80, Epoch 1/30, Loss: 1.1813, Correct: 3061, Accuracy: 0.5576
Shadow Model 54/80, Epoch 2/30, Loss: 0.9073, Correct: 3619, Accuracy: 0.6592
Shadow Model 54/80, Epoch 3/30, Loss: 0.7486, Correct: 3931, Accuracy: 0.7160
Shadow Model 54/80, Epoch 4/30, Loss: 0.6578, Correct: 4211, Accuracy: 0.7670
Shadow Model 54/80, Epoch 5/30, Loss: 0.5864, Correct: 4328, Accuracy: 0.7883
Shadow Model 54/80, Epoch 6/30, Loss: 0.5187, Correct: 4522, Accuracy: 0.8237
Shadow Model 54/80, Epoch 7/30, Loss: 0.4662, Correct: 4557, Accuracy: 0.8301
Shadow Model 54/80, Epoch 8/30, Loss: 0.4242, Correct: 4663, Accuracy: 0.8494
Shadow Model 54/80, Epoch 9/30, Loss: 0.3997, Correct: 4731, Accuracy: 0.8617
Shadow Model 54/80, Epoch 10/30, Loss: 0.3244, Correct: 4849, Accuracy: 0.8832
Shadow Model 54/80, Epoch 11/30, Loss: 0.3076, Correct: 4894, Accuracy: 0.8914
Shadow Model 54/80, Epoch 12/30, Loss: 0.2682, Correct: 4964, Accuracy: 0.9042
Shadow Model 54/80, Epoch 13/30, Loss: 0.2145, Correct: 5077, Accuracy: 0.9248
Shadow Model 54/80, Epoch 14/30, Loss: 0.1741, Correct: 5169, Accuracy: 0.9415
Shadow Model 54/80, Epoch 15/30, Loss: 0.2025, Correct: 5088, Accuracy: 0.9268
Shadow Model 54/80, Epoch 16/30, Loss: 0.2132, Correct: 5084, Accuracy: 0.9260
Shadow Model 54/80, Epoch 17/30, Loss: 0.1236, Correct: 5276, Accuracy: 0.9610
Shadow Model 54/80, Epoch 18/30, Loss: 0.1139, Correct: 5289, Accuracy: 0.9634
Shadow Model 54/80, Epoch 19/30, Loss: 0.1288, Correct: 5260, Accuracy: 0.9581
Shadow Model 54/80, Epoch 20/30, Loss: 0.0955, Correct: 5320, Accuracy: 0.9690
Shadow Model 54/80, Epoch 21/30, Loss: 0.0578, Correct: 5395, Accuracy: 0.9827
Shadow Model 54/80, Epoch 22/30, Loss: 0.0706, Correct: 5354, Accuracy: 0.9752
Shadow Model 54/80, Epoch 23/30, Loss: 0.0384, Correct: 5426, Accuracy: 0.9883
Shadow Model 54/80, Epoch 24/30, Loss: 0.0893, Correct: 5330, Accuracy: 0.9709
Shadow Model 54/80, Epoch 25/30, Loss: 0.0986, Correct: 5316, Accuracy: 0.9683
Shadow Model 54/80, Epoch 26/30, Loss: 0.0526, Correct: 5401, Accuracy: 0.9838
Shadow Model 54/80, Epoch 27/30, Loss: 0.0381, Correct: 5418, Accuracy: 0.9869
Shadow Model 54/80, Epoch 28/30, Loss: 0.0307, Correct: 5441, Accuracy: 0.9911
Shadow Model 54/80, Epoch 29/30, Loss: 0.0463, Correct: 5411, Accuracy: 0.9856
Shadow Model 54/80, Epoch 30/30, Loss: 0.0247, Correct: 5440, Accuracy: 0.9909
  Min count per (class, membership) group: 610
  Samples per group selected as IN: 305
  Class 0 | membership=0: 761 total → 305 IN selected
  Class 0 | membership=1: 754 total → 305 IN selected
  Class 1 | membership=0: 774 total → 305 IN selected
  Class 1 | membership=1: 774 total → 305 IN selected
  Class 2 | membership=0: 750 total → 305 IN selected
  Class 2 | membership=1: 796 total → 305 IN selected
  Class 3 | membership=0: 783 total → 305 IN selected
  Class 3 | membership=1: 798 total → 305 IN selected
  Class 4 | membership=0: 688 total → 305 IN selected
  Class 4 | membership=1: 660 total → 305 IN selected
  Class 5 | membership=0: 897 total → 305 IN selected
  Class 5 | membership=1: 898 total → 305 IN selected
  Class 6 | membership=0: 612 total → 305 IN selected
  Class 6 | membership=1: 610 total → 305 IN selected
  Class 7 | membership=0: 740 total → 305 IN selected
  Class 7 | membership=1: 665 total → 305 IN selected
  Class 8 | membership=0: 995 total → 305 IN selected
  Class 8 | membership=1: 1045 total → 305 IN selected
Shadow Model 55/80, Epoch 1/30, Loss: 1.1531, Correct: 3187, Accuracy: 0.5805
Shadow Model 55/80, Epoch 2/30, Loss: 0.8288, Correct: 3821, Accuracy: 0.6960
Shadow Model 55/80, Epoch 3/30, Loss: 0.7437, Correct: 4015, Accuracy: 0.7313
Shadow Model 55/80, Epoch 4/30, Loss: 0.6324, Correct: 4290, Accuracy: 0.7814
Shadow Model 55/80, Epoch 5/30, Loss: 0.5269, Correct: 4449, Accuracy: 0.8104
Shadow Model 55/80, Epoch 6/30, Loss: 0.4799, Correct: 4579, Accuracy: 0.8341
Shadow Model 55/80, Epoch 7/30, Loss: 0.4352, Correct: 4651, Accuracy: 0.8472
Shadow Model 55/80, Epoch 8/30, Loss: 0.3793, Correct: 4751, Accuracy: 0.8654
Shadow Model 55/80, Epoch 9/30, Loss: 0.3378, Correct: 4821, Accuracy: 0.8781
Shadow Model 55/80, Epoch 10/30, Loss: 0.3070, Correct: 4898, Accuracy: 0.8922
Shadow Model 55/80, Epoch 11/30, Loss: 0.2607, Correct: 5012, Accuracy: 0.9129
Shadow Model 55/80, Epoch 12/30, Loss: 0.2915, Correct: 4955, Accuracy: 0.9026
Shadow Model 55/80, Epoch 13/30, Loss: 0.2012, Correct: 5094, Accuracy: 0.9279
Shadow Model 55/80, Epoch 14/30, Loss: 0.1632, Correct: 5190, Accuracy: 0.9454
Shadow Model 55/80, Epoch 15/30, Loss: 0.1231, Correct: 5266, Accuracy: 0.9592
Shadow Model 55/80, Epoch 16/30, Loss: 0.1823, Correct: 5136, Accuracy: 0.9355
Shadow Model 55/80, Epoch 17/30, Loss: 0.1170, Correct: 5295, Accuracy: 0.9645
Shadow Model 55/80, Epoch 18/30, Loss: 0.0840, Correct: 5323, Accuracy: 0.9696
Shadow Model 55/80, Epoch 19/30, Loss: 0.0940, Correct: 5317, Accuracy: 0.9685
Shadow Model 55/80, Epoch 20/30, Loss: 0.0701, Correct: 5375, Accuracy: 0.9791
Shadow Model 55/80, Epoch 21/30, Loss: 0.0645, Correct: 5356, Accuracy: 0.9756
Shadow Model 55/80, Epoch 22/30, Loss: 0.0279, Correct: 5444, Accuracy: 0.9916
Shadow Model 55/80, Epoch 23/30, Loss: 0.0622, Correct: 5380, Accuracy: 0.9800
Shadow Model 55/80, Epoch 24/30, Loss: 0.1066, Correct: 5297, Accuracy: 0.9648
Shadow Model 55/80, Epoch 25/30, Loss: 0.0411, Correct: 5422, Accuracy: 0.9876
Shadow Model 55/80, Epoch 26/30, Loss: 0.0371, Correct: 5428, Accuracy: 0.9887
Shadow Model 55/80, Epoch 27/30, Loss: 0.0452, Correct: 5402, Accuracy: 0.9840
Shadow Model 55/80, Epoch 28/30, Loss: 0.0282, Correct: 5446, Accuracy: 0.9920
Shadow Model 55/80, Epoch 29/30, Loss: 0.0419, Correct: 5412, Accuracy: 0.9858
Shadow Model 55/80, Epoch 30/30, Loss: 0.0250, Correct: 5438, Accuracy: 0.9905
  Min count per (class, membership) group: 610
  Samples per group selected as IN: 305
  Class 0 | membership=0: 761 total → 305 IN selected
  Class 0 | membership=1: 754 total → 305 IN selected
  Class 1 | membership=0: 774 total → 305 IN selected
  Class 1 | membership=1: 774 total → 305 IN selected
  Class 2 | membership=0: 750 total → 305 IN selected
  Class 2 | membership=1: 796 total → 305 IN selected
  Class 3 | membership=0: 783 total → 305 IN selected
  Class 3 | membership=1: 798 total → 305 IN selected
  Class 4 | membership=0: 688 total → 305 IN selected
  Class 4 | membership=1: 660 total → 305 IN selected
  Class 5 | membership=0: 897 total → 305 IN selected
  Class 5 | membership=1: 898 total → 305 IN selected
  Class 6 | membership=0: 612 total → 305 IN selected
  Class 6 | membership=1: 610 total → 305 IN selected
  Class 7 | membership=0: 740 total → 305 IN selected
  Class 7 | membership=1: 665 total → 305 IN selected
  Class 8 | membership=0: 995 total → 305 IN selected
  Class 8 | membership=1: 1045 total → 305 IN selected
Shadow Model 56/80, Epoch 1/30, Loss: 1.1777, Correct: 3171, Accuracy: 0.5776
Shadow Model 56/80, Epoch 2/30, Loss: 0.8764, Correct: 3731, Accuracy: 0.6796
Shadow Model 56/80, Epoch 3/30, Loss: 0.7395, Correct: 4043, Accuracy: 0.7364
Shadow Model 56/80, Epoch 4/30, Loss: 0.6621, Correct: 4192, Accuracy: 0.7636
Shadow Model 56/80, Epoch 5/30, Loss: 0.5899, Correct: 4337, Accuracy: 0.7900
Shadow Model 56/80, Epoch 6/30, Loss: 0.5491, Correct: 4415, Accuracy: 0.8042
Shadow Model 56/80, Epoch 7/30, Loss: 0.4637, Correct: 4590, Accuracy: 0.8361
Shadow Model 56/80, Epoch 8/30, Loss: 0.4002, Correct: 4702, Accuracy: 0.8565
Shadow Model 56/80, Epoch 9/30, Loss: 0.4029, Correct: 4721, Accuracy: 0.8599
Shadow Model 56/80, Epoch 10/30, Loss: 0.3441, Correct: 4837, Accuracy: 0.8811
Shadow Model 56/80, Epoch 11/30, Loss: 0.3041, Correct: 4894, Accuracy: 0.8914
Shadow Model 56/80, Epoch 12/30, Loss: 0.3817, Correct: 4785, Accuracy: 0.8716
Shadow Model 56/80, Epoch 13/30, Loss: 0.2722, Correct: 4954, Accuracy: 0.9024
Shadow Model 56/80, Epoch 14/30, Loss: 0.2315, Correct: 5038, Accuracy: 0.9177
Shadow Model 56/80, Epoch 15/30, Loss: 0.2344, Correct: 5031, Accuracy: 0.9164
Shadow Model 56/80, Epoch 16/30, Loss: 0.2267, Correct: 5048, Accuracy: 0.9195
Shadow Model 56/80, Epoch 17/30, Loss: 0.1484, Correct: 5210, Accuracy: 0.9490
Shadow Model 56/80, Epoch 18/30, Loss: 0.1322, Correct: 5234, Accuracy: 0.9534
Shadow Model 56/80, Epoch 19/30, Loss: 0.1088, Correct: 5286, Accuracy: 0.9628
Shadow Model 56/80, Epoch 20/30, Loss: 0.1050, Correct: 5288, Accuracy: 0.9632
Shadow Model 56/80, Epoch 21/30, Loss: 0.0807, Correct: 5342, Accuracy: 0.9730
Shadow Model 56/80, Epoch 22/30, Loss: 0.0934, Correct: 5321, Accuracy: 0.9692
Shadow Model 56/80, Epoch 23/30, Loss: 0.0578, Correct: 5403, Accuracy: 0.9842
Shadow Model 56/80, Epoch 24/30, Loss: 0.0698, Correct: 5360, Accuracy: 0.9763
Shadow Model 56/80, Epoch 25/30, Loss: 0.0791, Correct: 5341, Accuracy: 0.9729
Shadow Model 56/80, Epoch 26/30, Loss: 0.0668, Correct: 5367, Accuracy: 0.9776
Shadow Model 56/80, Epoch 27/30, Loss: 0.0571, Correct: 5397, Accuracy: 0.9831
Shadow Model 56/80, Epoch 28/30, Loss: 0.0484, Correct: 5407, Accuracy: 0.9849
Shadow Model 56/80, Epoch 29/30, Loss: 0.0306, Correct: 5438, Accuracy: 0.9905
Shadow Model 56/80, Epoch 30/30, Loss: 0.0301, Correct: 5438, Accuracy: 0.9905
  Min count per (class, membership) group: 610
  Samples per group selected as IN: 305
  Class 0 | membership=0: 761 total → 305 IN selected
  Class 0 | membership=1: 754 total → 305 IN selected
  Class 1 | membership=0: 774 total → 305 IN selected
  Class 1 | membership=1: 774 total → 305 IN selected
  Class 2 | membership=0: 750 total → 305 IN selected
  Class 2 | membership=1: 796 total → 305 IN selected
  Class 3 | membership=0: 783 total → 305 IN selected
  Class 3 | membership=1: 798 total → 305 IN selected
  Class 4 | membership=0: 688 total → 305 IN selected
  Class 4 | membership=1: 660 total → 305 IN selected
  Class 5 | membership=0: 897 total → 305 IN selected
  Class 5 | membership=1: 898 total → 305 IN selected
  Class 6 | membership=0: 612 total → 305 IN selected
  Class 6 | membership=1: 610 total → 305 IN selected
  Class 7 | membership=0: 740 total → 305 IN selected
  Class 7 | membership=1: 665 total → 305 IN selected
  Class 8 | membership=0: 995 total → 305 IN selected
  Class 8 | membership=1: 1045 total → 305 IN selected
Shadow Model 57/80, Epoch 1/30, Loss: 1.1356, Correct: 3189, Accuracy: 0.5809
Shadow Model 57/80, Epoch 2/30, Loss: 0.8471, Correct: 3775, Accuracy: 0.6876
Shadow Model 57/80, Epoch 3/30, Loss: 0.7179, Correct: 4011, Accuracy: 0.7306
Shadow Model 57/80, Epoch 4/30, Loss: 0.6064, Correct: 4318, Accuracy: 0.7865
Shadow Model 57/80, Epoch 5/30, Loss: 0.5418, Correct: 4461, Accuracy: 0.8126
Shadow Model 57/80, Epoch 6/30, Loss: 0.4519, Correct: 4603, Accuracy: 0.8384
Shadow Model 57/80, Epoch 7/30, Loss: 0.4463, Correct: 4645, Accuracy: 0.8461
Shadow Model 57/80, Epoch 8/30, Loss: 0.3679, Correct: 4760, Accuracy: 0.8670
Shadow Model 57/80, Epoch 9/30, Loss: 0.3334, Correct: 4861, Accuracy: 0.8854
Shadow Model 57/80, Epoch 10/30, Loss: 0.4058, Correct: 4703, Accuracy: 0.8566
Shadow Model 57/80, Epoch 11/30, Loss: 0.3037, Correct: 4886, Accuracy: 0.8900
Shadow Model 57/80, Epoch 12/30, Loss: 0.2437, Correct: 5016, Accuracy: 0.9137
Shadow Model 57/80, Epoch 13/30, Loss: 0.2008, Correct: 5094, Accuracy: 0.9279
Shadow Model 57/80, Epoch 14/30, Loss: 0.1440, Correct: 5218, Accuracy: 0.9505
Shadow Model 57/80, Epoch 15/30, Loss: 0.1679, Correct: 5185, Accuracy: 0.9444
Shadow Model 57/80, Epoch 16/30, Loss: 0.1268, Correct: 5262, Accuracy: 0.9585
Shadow Model 57/80, Epoch 17/30, Loss: 0.0892, Correct: 5322, Accuracy: 0.9694
Shadow Model 57/80, Epoch 18/30, Loss: 0.1205, Correct: 5272, Accuracy: 0.9603
Shadow Model 57/80, Epoch 19/30, Loss: 0.0964, Correct: 5310, Accuracy: 0.9672
Shadow Model 57/80, Epoch 20/30, Loss: 0.0849, Correct: 5332, Accuracy: 0.9712
Shadow Model 57/80, Epoch 21/30, Loss: 0.0548, Correct: 5397, Accuracy: 0.9831
Shadow Model 57/80, Epoch 22/30, Loss: 0.0527, Correct: 5393, Accuracy: 0.9823
Shadow Model 57/80, Epoch 23/30, Loss: 0.0531, Correct: 5399, Accuracy: 0.9834
Shadow Model 57/80, Epoch 24/30, Loss: 0.0437, Correct: 5409, Accuracy: 0.9852
Shadow Model 57/80, Epoch 25/30, Loss: 0.0728, Correct: 5365, Accuracy: 0.9772
Shadow Model 57/80, Epoch 26/30, Loss: 0.0446, Correct: 5413, Accuracy: 0.9860
Shadow Model 57/80, Epoch 27/30, Loss: 0.0427, Correct: 5415, Accuracy: 0.9863
Shadow Model 57/80, Epoch 28/30, Loss: 0.0425, Correct: 5397, Accuracy: 0.9831
Shadow Model 57/80, Epoch 29/30, Loss: 0.0318, Correct: 5430, Accuracy: 0.9891
Shadow Model 57/80, Epoch 30/30, Loss: 0.0444, Correct: 5420, Accuracy: 0.9872
  Min count per (class, membership) group: 610
  Samples per group selected as IN: 305
  Class 0 | membership=0: 761 total → 305 IN selected
  Class 0 | membership=1: 754 total → 305 IN selected
  Class 1 | membership=0: 774 total → 305 IN selected
  Class 1 | membership=1: 774 total → 305 IN selected
  Class 2 | membership=0: 750 total → 305 IN selected
  Class 2 | membership=1: 796 total → 305 IN selected
  Class 3 | membership=0: 783 total → 305 IN selected
  Class 3 | membership=1: 798 total → 305 IN selected
  Class 4 | membership=0: 688 total → 305 IN selected
  Class 4 | membership=1: 660 total → 305 IN selected
  Class 5 | membership=0: 897 total → 305 IN selected
  Class 5 | membership=1: 898 total → 305 IN selected
  Class 6 | membership=0: 612 total → 305 IN selected
  Class 6 | membership=1: 610 total → 305 IN selected
  Class 7 | membership=0: 740 total → 305 IN selected
  Class 7 | membership=1: 665 total → 305 IN selected
  Class 8 | membership=0: 995 total → 305 IN selected
  Class 8 | membership=1: 1045 total → 305 IN selected
Shadow Model 58/80, Epoch 1/30, Loss: 1.2262, Correct: 3033, Accuracy: 0.5525
Shadow Model 58/80, Epoch 2/30, Loss: 0.8848, Correct: 3688, Accuracy: 0.6718
Shadow Model 58/80, Epoch 3/30, Loss: 0.7392, Correct: 4028, Accuracy: 0.7337
Shadow Model 58/80, Epoch 4/30, Loss: 0.6259, Correct: 4258, Accuracy: 0.7756
Shadow Model 58/80, Epoch 5/30, Loss: 0.5682, Correct: 4406, Accuracy: 0.8026
Shadow Model 58/80, Epoch 6/30, Loss: 0.5041, Correct: 4507, Accuracy: 0.8209
Shadow Model 58/80, Epoch 7/30, Loss: 0.4317, Correct: 4652, Accuracy: 0.8474
Shadow Model 58/80, Epoch 8/30, Loss: 0.4232, Correct: 4661, Accuracy: 0.8490
Shadow Model 58/80, Epoch 9/30, Loss: 0.3308, Correct: 4830, Accuracy: 0.8798
Shadow Model 58/80, Epoch 10/30, Loss: 0.3113, Correct: 4890, Accuracy: 0.8907
Shadow Model 58/80, Epoch 11/30, Loss: 0.3073, Correct: 4878, Accuracy: 0.8885
Shadow Model 58/80, Epoch 12/30, Loss: 0.2833, Correct: 4959, Accuracy: 0.9033
Shadow Model 58/80, Epoch 13/30, Loss: 0.2301, Correct: 5052, Accuracy: 0.9202
Shadow Model 58/80, Epoch 14/30, Loss: 0.1970, Correct: 5115, Accuracy: 0.9317
Shadow Model 58/80, Epoch 15/30, Loss: 0.1489, Correct: 5203, Accuracy: 0.9477
Shadow Model 58/80, Epoch 16/30, Loss: 0.1481, Correct: 5210, Accuracy: 0.9490
Shadow Model 58/80, Epoch 17/30, Loss: 0.1363, Correct: 5235, Accuracy: 0.9536
Shadow Model 58/80, Epoch 18/30, Loss: 0.1024, Correct: 5312, Accuracy: 0.9676
Shadow Model 58/80, Epoch 19/30, Loss: 0.0745, Correct: 5357, Accuracy: 0.9758
Shadow Model 58/80, Epoch 20/30, Loss: 0.0779, Correct: 5365, Accuracy: 0.9772
Shadow Model 58/80, Epoch 21/30, Loss: 0.0751, Correct: 5335, Accuracy: 0.9718
Shadow Model 58/80, Epoch 22/30, Loss: 0.0774, Correct: 5349, Accuracy: 0.9743
Shadow Model 58/80, Epoch 23/30, Loss: 0.0504, Correct: 5406, Accuracy: 0.9847
Shadow Model 58/80, Epoch 24/30, Loss: 0.0431, Correct: 5406, Accuracy: 0.9847
Shadow Model 58/80, Epoch 25/30, Loss: 0.0283, Correct: 5442, Accuracy: 0.9913
Shadow Model 58/80, Epoch 26/30, Loss: 0.1008, Correct: 5300, Accuracy: 0.9654
Shadow Model 58/80, Epoch 27/30, Loss: 0.0591, Correct: 5376, Accuracy: 0.9792
Shadow Model 58/80, Epoch 28/30, Loss: 0.0220, Correct: 5457, Accuracy: 0.9940
Shadow Model 58/80, Epoch 29/30, Loss: 0.0278, Correct: 5442, Accuracy: 0.9913
Shadow Model 58/80, Epoch 30/30, Loss: 0.0309, Correct: 5433, Accuracy: 0.9896
  Min count per (class, membership) group: 610
  Samples per group selected as IN: 305
  Class 0 | membership=0: 761 total → 305 IN selected
  Class 0 | membership=1: 754 total → 305 IN selected
  Class 1 | membership=0: 774 total → 305 IN selected
  Class 1 | membership=1: 774 total → 305 IN selected
  Class 2 | membership=0: 750 total → 305 IN selected
  Class 2 | membership=1: 796 total → 305 IN selected
  Class 3 | membership=0: 783 total → 305 IN selected
  Class 3 | membership=1: 798 total → 305 IN selected
  Class 4 | membership=0: 688 total → 305 IN selected
  Class 4 | membership=1: 660 total → 305 IN selected
  Class 5 | membership=0: 897 total → 305 IN selected
  Class 5 | membership=1: 898 total → 305 IN selected
  Class 6 | membership=0: 612 total → 305 IN selected
  Class 6 | membership=1: 610 total → 305 IN selected
  Class 7 | membership=0: 740 total → 305 IN selected
  Class 7 | membership=1: 665 total → 305 IN selected
  Class 8 | membership=0: 995 total → 305 IN selected
  Class 8 | membership=1: 1045 total → 305 IN selected
Shadow Model 59/80, Epoch 1/30, Loss: 1.1410, Correct: 3146, Accuracy: 0.5730
Shadow Model 59/80, Epoch 2/30, Loss: 0.8884, Correct: 3659, Accuracy: 0.6665
Shadow Model 59/80, Epoch 3/30, Loss: 0.7832, Correct: 3914, Accuracy: 0.7129
Shadow Model 59/80, Epoch 4/30, Loss: 0.6501, Correct: 4186, Accuracy: 0.7625
Shadow Model 59/80, Epoch 5/30, Loss: 0.5522, Correct: 4391, Accuracy: 0.7998
Shadow Model 59/80, Epoch 6/30, Loss: 0.5236, Correct: 4474, Accuracy: 0.8149
Shadow Model 59/80, Epoch 7/30, Loss: 0.4462, Correct: 4592, Accuracy: 0.8364
Shadow Model 59/80, Epoch 8/30, Loss: 0.3977, Correct: 4687, Accuracy: 0.8537
Shadow Model 59/80, Epoch 9/30, Loss: 0.3668, Correct: 4750, Accuracy: 0.8652
Shadow Model 59/80, Epoch 10/30, Loss: 0.3384, Correct: 4820, Accuracy: 0.8780
Shadow Model 59/80, Epoch 11/30, Loss: 0.2970, Correct: 4920, Accuracy: 0.8962
Shadow Model 59/80, Epoch 12/30, Loss: 0.2701, Correct: 4944, Accuracy: 0.9005
Shadow Model 59/80, Epoch 13/30, Loss: 0.2061, Correct: 5105, Accuracy: 0.9299
Shadow Model 59/80, Epoch 14/30, Loss: 0.2142, Correct: 5100, Accuracy: 0.9290
Shadow Model 59/80, Epoch 15/30, Loss: 0.1708, Correct: 5135, Accuracy: 0.9353
Shadow Model 59/80, Epoch 16/30, Loss: 0.1380, Correct: 5228, Accuracy: 0.9523
Shadow Model 59/80, Epoch 17/30, Loss: 0.1087, Correct: 5297, Accuracy: 0.9648
Shadow Model 59/80, Epoch 18/30, Loss: 0.1113, Correct: 5283, Accuracy: 0.9623
Shadow Model 59/80, Epoch 19/30, Loss: 0.0890, Correct: 5314, Accuracy: 0.9679
Shadow Model 59/80, Epoch 20/30, Loss: 0.0851, Correct: 5336, Accuracy: 0.9719
Shadow Model 59/80, Epoch 21/30, Loss: 0.0583, Correct: 5385, Accuracy: 0.9809
Shadow Model 59/80, Epoch 22/30, Loss: 0.0586, Correct: 5382, Accuracy: 0.9803
Shadow Model 59/80, Epoch 23/30, Loss: 0.0668, Correct: 5367, Accuracy: 0.9776
Shadow Model 59/80, Epoch 24/30, Loss: 0.0670, Correct: 5380, Accuracy: 0.9800
Shadow Model 59/80, Epoch 25/30, Loss: 0.0634, Correct: 5377, Accuracy: 0.9794
Shadow Model 59/80, Epoch 26/30, Loss: 0.0648, Correct: 5366, Accuracy: 0.9774
Shadow Model 59/80, Epoch 27/30, Loss: 0.0327, Correct: 5439, Accuracy: 0.9907
Shadow Model 59/80, Epoch 28/30, Loss: 0.0417, Correct: 5417, Accuracy: 0.9867
Shadow Model 59/80, Epoch 29/30, Loss: 0.0527, Correct: 5400, Accuracy: 0.9836
Shadow Model 59/80, Epoch 30/30, Loss: 0.0417, Correct: 5411, Accuracy: 0.9856
  Min count per (class, membership) group: 610
  Samples per group selected as IN: 305
  Class 0 | membership=0: 761 total → 305 IN selected
  Class 0 | membership=1: 754 total → 305 IN selected
  Class 1 | membership=0: 774 total → 305 IN selected
  Class 1 | membership=1: 774 total → 305 IN selected
  Class 2 | membership=0: 750 total → 305 IN selected
  Class 2 | membership=1: 796 total → 305 IN selected
  Class 3 | membership=0: 783 total → 305 IN selected
  Class 3 | membership=1: 798 total → 305 IN selected
  Class 4 | membership=0: 688 total → 305 IN selected
  Class 4 | membership=1: 660 total → 305 IN selected
  Class 5 | membership=0: 897 total → 305 IN selected
  Class 5 | membership=1: 898 total → 305 IN selected
  Class 6 | membership=0: 612 total → 305 IN selected
  Class 6 | membership=1: 610 total → 305 IN selected
  Class 7 | membership=0: 740 total → 305 IN selected
  Class 7 | membership=1: 665 total → 305 IN selected
  Class 8 | membership=0: 995 total → 305 IN selected
  Class 8 | membership=1: 1045 total → 305 IN selected
Shadow Model 60/80, Epoch 1/30, Loss: 1.1840, Correct: 3069, Accuracy: 0.5590
Shadow Model 60/80, Epoch 2/30, Loss: 0.9129, Correct: 3636, Accuracy: 0.6623
Shadow Model 60/80, Epoch 3/30, Loss: 0.7383, Correct: 4047, Accuracy: 0.7372
Shadow Model 60/80, Epoch 4/30, Loss: 0.6365, Correct: 4220, Accuracy: 0.7687
Shadow Model 60/80, Epoch 5/30, Loss: 0.5449, Correct: 4413, Accuracy: 0.8038
Shadow Model 60/80, Epoch 6/30, Loss: 0.5106, Correct: 4517, Accuracy: 0.8228
Shadow Model 60/80, Epoch 7/30, Loss: 0.4537, Correct: 4593, Accuracy: 0.8366
Shadow Model 60/80, Epoch 8/30, Loss: 0.4232, Correct: 4639, Accuracy: 0.8450
Shadow Model 60/80, Epoch 9/30, Loss: 0.3779, Correct: 4758, Accuracy: 0.8667
Shadow Model 60/80, Epoch 10/30, Loss: 0.3513, Correct: 4826, Accuracy: 0.8791
Shadow Model 60/80, Epoch 11/30, Loss: 0.2895, Correct: 4916, Accuracy: 0.8954
Shadow Model 60/80, Epoch 12/30, Loss: 0.2585, Correct: 5005, Accuracy: 0.9117
Shadow Model 60/80, Epoch 13/30, Loss: 0.2452, Correct: 5010, Accuracy: 0.9126
Shadow Model 60/80, Epoch 14/30, Loss: 0.1807, Correct: 5143, Accuracy: 0.9368
Shadow Model 60/80, Epoch 15/30, Loss: 0.1516, Correct: 5202, Accuracy: 0.9475
Shadow Model 60/80, Epoch 16/30, Loss: 0.1291, Correct: 5246, Accuracy: 0.9556
Shadow Model 60/80, Epoch 17/30, Loss: 0.1563, Correct: 5190, Accuracy: 0.9454
Shadow Model 60/80, Epoch 18/30, Loss: 0.1448, Correct: 5226, Accuracy: 0.9519
Shadow Model 60/80, Epoch 19/30, Loss: 0.0987, Correct: 5298, Accuracy: 0.9650
Shadow Model 60/80, Epoch 20/30, Loss: 0.0938, Correct: 5314, Accuracy: 0.9679
Shadow Model 60/80, Epoch 21/30, Loss: 0.0789, Correct: 5345, Accuracy: 0.9736
Shadow Model 60/80, Epoch 22/30, Loss: 0.0907, Correct: 5333, Accuracy: 0.9714
Shadow Model 60/80, Epoch 23/30, Loss: 0.0777, Correct: 5359, Accuracy: 0.9761
Shadow Model 60/80, Epoch 24/30, Loss: 0.1264, Correct: 5253, Accuracy: 0.9568
Shadow Model 60/80, Epoch 25/30, Loss: 0.0351, Correct: 5431, Accuracy: 0.9893
Shadow Model 60/80, Epoch 26/30, Loss: 0.0537, Correct: 5398, Accuracy: 0.9832
Shadow Model 60/80, Epoch 27/30, Loss: 0.0408, Correct: 5426, Accuracy: 0.9883
Shadow Model 60/80, Epoch 28/30, Loss: 0.0235, Correct: 5451, Accuracy: 0.9929
Shadow Model 60/80, Epoch 29/30, Loss: 0.0331, Correct: 5435, Accuracy: 0.9900
Shadow Model 60/80, Epoch 30/30, Loss: 0.0287, Correct: 5437, Accuracy: 0.9903
  Min count per (class, membership) group: 610
  Samples per group selected as IN: 305
  Class 0 | membership=0: 761 total → 305 IN selected
  Class 0 | membership=1: 754 total → 305 IN selected
  Class 1 | membership=0: 774 total → 305 IN selected
  Class 1 | membership=1: 774 total → 305 IN selected
  Class 2 | membership=0: 750 total → 305 IN selected
  Class 2 | membership=1: 796 total → 305 IN selected
  Class 3 | membership=0: 783 total → 305 IN selected
  Class 3 | membership=1: 798 total → 305 IN selected
  Class 4 | membership=0: 688 total → 305 IN selected
  Class 4 | membership=1: 660 total → 305 IN selected
  Class 5 | membership=0: 897 total → 305 IN selected
  Class 5 | membership=1: 898 total → 305 IN selected
  Class 6 | membership=0: 612 total → 305 IN selected
  Class 6 | membership=1: 610 total → 305 IN selected
  Class 7 | membership=0: 740 total → 305 IN selected
  Class 7 | membership=1: 665 total → 305 IN selected
  Class 8 | membership=0: 995 total → 305 IN selected
  Class 8 | membership=1: 1045 total → 305 IN selected
Shadow Model 61/80, Epoch 1/30, Loss: 1.1590, Correct: 3165, Accuracy: 0.5765
Shadow Model 61/80, Epoch 2/30, Loss: 0.8366, Correct: 3854, Accuracy: 0.7020
Shadow Model 61/80, Epoch 3/30, Loss: 0.7204, Correct: 4082, Accuracy: 0.7435
Shadow Model 61/80, Epoch 4/30, Loss: 0.6077, Correct: 4310, Accuracy: 0.7851
Shadow Model 61/80, Epoch 5/30, Loss: 0.5444, Correct: 4428, Accuracy: 0.8066
Shadow Model 61/80, Epoch 6/30, Loss: 0.5081, Correct: 4533, Accuracy: 0.8257
Shadow Model 61/80, Epoch 7/30, Loss: 0.4783, Correct: 4594, Accuracy: 0.8368
Shadow Model 61/80, Epoch 8/30, Loss: 0.4065, Correct: 4698, Accuracy: 0.8557
Shadow Model 61/80, Epoch 9/30, Loss: 0.3485, Correct: 4828, Accuracy: 0.8794
Shadow Model 61/80, Epoch 10/30, Loss: 0.3280, Correct: 4857, Accuracy: 0.8847
Shadow Model 61/80, Epoch 11/30, Loss: 0.2895, Correct: 4926, Accuracy: 0.8973
Shadow Model 61/80, Epoch 12/30, Loss: 0.2631, Correct: 5008, Accuracy: 0.9122
Shadow Model 61/80, Epoch 13/30, Loss: 0.2045, Correct: 5083, Accuracy: 0.9259
Shadow Model 61/80, Epoch 14/30, Loss: 0.1647, Correct: 5172, Accuracy: 0.9421
Shadow Model 61/80, Epoch 15/30, Loss: 0.1522, Correct: 5192, Accuracy: 0.9457
Shadow Model 61/80, Epoch 16/30, Loss: 0.1652, Correct: 5208, Accuracy: 0.9486
Shadow Model 61/80, Epoch 17/30, Loss: 0.1408, Correct: 5236, Accuracy: 0.9537
Shadow Model 61/80, Epoch 18/30, Loss: 0.0979, Correct: 5310, Accuracy: 0.9672
Shadow Model 61/80, Epoch 19/30, Loss: 0.0895, Correct: 5332, Accuracy: 0.9712
Shadow Model 61/80, Epoch 20/30, Loss: 0.0500, Correct: 5404, Accuracy: 0.9843
Shadow Model 61/80, Epoch 21/30, Loss: 0.0617, Correct: 5374, Accuracy: 0.9789
Shadow Model 61/80, Epoch 22/30, Loss: 0.0834, Correct: 5342, Accuracy: 0.9730
Shadow Model 61/80, Epoch 23/30, Loss: 0.0626, Correct: 5387, Accuracy: 0.9812
Shadow Model 61/80, Epoch 24/30, Loss: 0.0586, Correct: 5385, Accuracy: 0.9809
Shadow Model 61/80, Epoch 25/30, Loss: 0.0423, Correct: 5413, Accuracy: 0.9860
Shadow Model 61/80, Epoch 26/30, Loss: 0.0392, Correct: 5420, Accuracy: 0.9872
Shadow Model 61/80, Epoch 27/30, Loss: 0.0463, Correct: 5401, Accuracy: 0.9838
Shadow Model 61/80, Epoch 28/30, Loss: 0.0649, Correct: 5370, Accuracy: 0.9781
Shadow Model 61/80, Epoch 29/30, Loss: 0.0304, Correct: 5436, Accuracy: 0.9902
Shadow Model 61/80, Epoch 30/30, Loss: 0.0231, Correct: 5451, Accuracy: 0.9929
  Min count per (class, membership) group: 610
  Samples per group selected as IN: 305
  Class 0 | membership=0: 761 total → 305 IN selected
  Class 0 | membership=1: 754 total → 305 IN selected
  Class 1 | membership=0: 774 total → 305 IN selected
  Class 1 | membership=1: 774 total → 305 IN selected
  Class 2 | membership=0: 750 total → 305 IN selected
  Class 2 | membership=1: 796 total → 305 IN selected
  Class 3 | membership=0: 783 total → 305 IN selected
  Class 3 | membership=1: 798 total → 305 IN selected
  Class 4 | membership=0: 688 total → 305 IN selected
  Class 4 | membership=1: 660 total → 305 IN selected
  Class 5 | membership=0: 897 total → 305 IN selected
  Class 5 | membership=1: 898 total → 305 IN selected
  Class 6 | membership=0: 612 total → 305 IN selected
  Class 6 | membership=1: 610 total → 305 IN selected
  Class 7 | membership=0: 740 total → 305 IN selected
  Class 7 | membership=1: 665 total → 305 IN selected
  Class 8 | membership=0: 995 total → 305 IN selected
  Class 8 | membership=1: 1045 total → 305 IN selected
Shadow Model 62/80, Epoch 1/30, Loss: 1.1484, Correct: 3154, Accuracy: 0.5745
Shadow Model 62/80, Epoch 2/30, Loss: 0.9039, Correct: 3713, Accuracy: 0.6763
Shadow Model 62/80, Epoch 3/30, Loss: 0.7518, Correct: 4022, Accuracy: 0.7326
Shadow Model 62/80, Epoch 4/30, Loss: 0.6367, Correct: 4245, Accuracy: 0.7732
Shadow Model 62/80, Epoch 5/30, Loss: 0.5794, Correct: 4383, Accuracy: 0.7984
Shadow Model 62/80, Epoch 6/30, Loss: 0.5032, Correct: 4536, Accuracy: 0.8262
Shadow Model 62/80, Epoch 7/30, Loss: 0.4344, Correct: 4642, Accuracy: 0.8455
Shadow Model 62/80, Epoch 8/30, Loss: 0.3888, Correct: 4716, Accuracy: 0.8590
Shadow Model 62/80, Epoch 9/30, Loss: 0.3796, Correct: 4766, Accuracy: 0.8681
Shadow Model 62/80, Epoch 10/30, Loss: 0.3139, Correct: 4884, Accuracy: 0.8896
Shadow Model 62/80, Epoch 11/30, Loss: 0.2658, Correct: 4986, Accuracy: 0.9082
Shadow Model 62/80, Epoch 12/30, Loss: 0.2677, Correct: 4988, Accuracy: 0.9086
Shadow Model 62/80, Epoch 13/30, Loss: 0.1986, Correct: 5097, Accuracy: 0.9284
Shadow Model 62/80, Epoch 14/30, Loss: 0.2260, Correct: 5057, Accuracy: 0.9211
Shadow Model 62/80, Epoch 15/30, Loss: 0.1571, Correct: 5199, Accuracy: 0.9470
Shadow Model 62/80, Epoch 16/30, Loss: 0.1567, Correct: 5195, Accuracy: 0.9463
Shadow Model 62/80, Epoch 17/30, Loss: 0.1251, Correct: 5263, Accuracy: 0.9587
Shadow Model 62/80, Epoch 18/30, Loss: 0.1057, Correct: 5283, Accuracy: 0.9623
Shadow Model 62/80, Epoch 19/30, Loss: 0.0775, Correct: 5345, Accuracy: 0.9736
Shadow Model 62/80, Epoch 20/30, Loss: 0.0497, Correct: 5403, Accuracy: 0.9842
Shadow Model 62/80, Epoch 21/30, Loss: 0.0502, Correct: 5405, Accuracy: 0.9845
Shadow Model 62/80, Epoch 22/30, Loss: 0.0398, Correct: 5423, Accuracy: 0.9878
Shadow Model 62/80, Epoch 23/30, Loss: 0.0666, Correct: 5365, Accuracy: 0.9772
Shadow Model 62/80, Epoch 24/30, Loss: 0.1083, Correct: 5305, Accuracy: 0.9663
Shadow Model 62/80, Epoch 25/30, Loss: 0.0486, Correct: 5409, Accuracy: 0.9852
Shadow Model 62/80, Epoch 26/30, Loss: 0.0359, Correct: 5425, Accuracy: 0.9882
Shadow Model 62/80, Epoch 27/30, Loss: 0.0671, Correct: 5386, Accuracy: 0.9811
Shadow Model 62/80, Epoch 28/30, Loss: 0.0386, Correct: 5417, Accuracy: 0.9867
Shadow Model 62/80, Epoch 29/30, Loss: 0.0329, Correct: 5429, Accuracy: 0.9889
Shadow Model 62/80, Epoch 30/30, Loss: 0.0548, Correct: 5401, Accuracy: 0.9838
  Min count per (class, membership) group: 610
  Samples per group selected as IN: 305
  Class 0 | membership=0: 761 total → 305 IN selected
  Class 0 | membership=1: 754 total → 305 IN selected
  Class 1 | membership=0: 774 total → 305 IN selected
  Class 1 | membership=1: 774 total → 305 IN selected
  Class 2 | membership=0: 750 total → 305 IN selected
  Class 2 | membership=1: 796 total → 305 IN selected
  Class 3 | membership=0: 783 total → 305 IN selected
  Class 3 | membership=1: 798 total → 305 IN selected
  Class 4 | membership=0: 688 total → 305 IN selected
  Class 4 | membership=1: 660 total → 305 IN selected
  Class 5 | membership=0: 897 total → 305 IN selected
  Class 5 | membership=1: 898 total → 305 IN selected
  Class 6 | membership=0: 612 total → 305 IN selected
  Class 6 | membership=1: 610 total → 305 IN selected
  Class 7 | membership=0: 740 total → 305 IN selected
  Class 7 | membership=1: 665 total → 305 IN selected
  Class 8 | membership=0: 995 total → 305 IN selected
  Class 8 | membership=1: 1045 total → 305 IN selected
Shadow Model 63/80, Epoch 1/30, Loss: 1.1112, Correct: 3190, Accuracy: 0.5811
Shadow Model 63/80, Epoch 2/30, Loss: 0.8758, Correct: 3761, Accuracy: 0.6851
Shadow Model 63/80, Epoch 3/30, Loss: 0.7498, Correct: 3977, Accuracy: 0.7244
Shadow Model 63/80, Epoch 4/30, Loss: 0.6203, Correct: 4256, Accuracy: 0.7752
Shadow Model 63/80, Epoch 5/30, Loss: 0.5261, Correct: 4449, Accuracy: 0.8104
Shadow Model 63/80, Epoch 6/30, Loss: 0.4898, Correct: 4515, Accuracy: 0.8224
Shadow Model 63/80, Epoch 7/30, Loss: 0.4724, Correct: 4596, Accuracy: 0.8372
Shadow Model 63/80, Epoch 8/30, Loss: 0.4008, Correct: 4715, Accuracy: 0.8588
Shadow Model 63/80, Epoch 9/30, Loss: 0.3682, Correct: 4795, Accuracy: 0.8734
Shadow Model 63/80, Epoch 10/30, Loss: 0.2957, Correct: 4912, Accuracy: 0.8947
Shadow Model 63/80, Epoch 11/30, Loss: 0.2787, Correct: 4946, Accuracy: 0.9009
Shadow Model 63/80, Epoch 12/30, Loss: 0.2720, Correct: 4981, Accuracy: 0.9073
Shadow Model 63/80, Epoch 13/30, Loss: 0.2405, Correct: 5052, Accuracy: 0.9202
Shadow Model 63/80, Epoch 14/30, Loss: 0.2174, Correct: 5062, Accuracy: 0.9220
Shadow Model 63/80, Epoch 15/30, Loss: 0.1694, Correct: 5166, Accuracy: 0.9410
Shadow Model 63/80, Epoch 16/30, Loss: 0.1326, Correct: 5246, Accuracy: 0.9556
Shadow Model 63/80, Epoch 17/30, Loss: 0.1181, Correct: 5264, Accuracy: 0.9588
Shadow Model 63/80, Epoch 18/30, Loss: 0.0910, Correct: 5316, Accuracy: 0.9683
Shadow Model 63/80, Epoch 19/30, Loss: 0.0892, Correct: 5327, Accuracy: 0.9703
Shadow Model 63/80, Epoch 20/30, Loss: 0.0657, Correct: 5366, Accuracy: 0.9774
Shadow Model 63/80, Epoch 21/30, Loss: 0.0561, Correct: 5382, Accuracy: 0.9803
Shadow Model 63/80, Epoch 22/30, Loss: 0.0591, Correct: 5394, Accuracy: 0.9825
Shadow Model 63/80, Epoch 23/30, Loss: 0.0441, Correct: 5409, Accuracy: 0.9852
Shadow Model 63/80, Epoch 24/30, Loss: 0.0455, Correct: 5401, Accuracy: 0.9838
Shadow Model 63/80, Epoch 25/30, Loss: 0.0635, Correct: 5367, Accuracy: 0.9776
Shadow Model 63/80, Epoch 26/30, Loss: 0.0354, Correct: 5426, Accuracy: 0.9883
Shadow Model 63/80, Epoch 27/30, Loss: 0.0366, Correct: 5427, Accuracy: 0.9885
Shadow Model 63/80, Epoch 28/30, Loss: 0.0362, Correct: 5427, Accuracy: 0.9885
Shadow Model 63/80, Epoch 29/30, Loss: 0.0345, Correct: 5428, Accuracy: 0.9887
Shadow Model 63/80, Epoch 30/30, Loss: 0.0142, Correct: 5467, Accuracy: 0.9958
  Min count per (class, membership) group: 610
  Samples per group selected as IN: 305
  Class 0 | membership=0: 761 total → 305 IN selected
  Class 0 | membership=1: 754 total → 305 IN selected
  Class 1 | membership=0: 774 total → 305 IN selected
  Class 1 | membership=1: 774 total → 305 IN selected
  Class 2 | membership=0: 750 total → 305 IN selected
  Class 2 | membership=1: 796 total → 305 IN selected
  Class 3 | membership=0: 783 total → 305 IN selected
  Class 3 | membership=1: 798 total → 305 IN selected
  Class 4 | membership=0: 688 total → 305 IN selected
  Class 4 | membership=1: 660 total → 305 IN selected
  Class 5 | membership=0: 897 total → 305 IN selected
  Class 5 | membership=1: 898 total → 305 IN selected
  Class 6 | membership=0: 612 total → 305 IN selected
  Class 6 | membership=1: 610 total → 305 IN selected
  Class 7 | membership=0: 740 total → 305 IN selected
  Class 7 | membership=1: 665 total → 305 IN selected
  Class 8 | membership=0: 995 total → 305 IN selected
  Class 8 | membership=1: 1045 total → 305 IN selected
Shadow Model 64/80, Epoch 1/30, Loss: 1.1749, Correct: 3098, Accuracy: 0.5643
Shadow Model 64/80, Epoch 2/30, Loss: 0.8866, Correct: 3705, Accuracy: 0.6749
Shadow Model 64/80, Epoch 3/30, Loss: 0.7612, Correct: 3976, Accuracy: 0.7242
Shadow Model 64/80, Epoch 4/30, Loss: 0.6586, Correct: 4195, Accuracy: 0.7641
Shadow Model 64/80, Epoch 5/30, Loss: 0.5774, Correct: 4347, Accuracy: 0.7918
Shadow Model 64/80, Epoch 6/30, Loss: 0.5124, Correct: 4501, Accuracy: 0.8199
Shadow Model 64/80, Epoch 7/30, Loss: 0.4914, Correct: 4543, Accuracy: 0.8275
Shadow Model 64/80, Epoch 8/30, Loss: 0.4182, Correct: 4658, Accuracy: 0.8485
Shadow Model 64/80, Epoch 9/30, Loss: 0.3704, Correct: 4789, Accuracy: 0.8723
Shadow Model 64/80, Epoch 10/30, Loss: 0.3612, Correct: 4780, Accuracy: 0.8707
Shadow Model 64/80, Epoch 11/30, Loss: 0.2894, Correct: 4935, Accuracy: 0.8989
Shadow Model 64/80, Epoch 12/30, Loss: 0.2668, Correct: 4980, Accuracy: 0.9071
Shadow Model 64/80, Epoch 13/30, Loss: 0.2349, Correct: 5027, Accuracy: 0.9157
Shadow Model 64/80, Epoch 14/30, Loss: 0.2420, Correct: 5020, Accuracy: 0.9144
Shadow Model 64/80, Epoch 15/30, Loss: 0.1749, Correct: 5174, Accuracy: 0.9424
Shadow Model 64/80, Epoch 16/30, Loss: 0.1665, Correct: 5158, Accuracy: 0.9395
Shadow Model 64/80, Epoch 17/30, Loss: 0.1532, Correct: 5200, Accuracy: 0.9472
Shadow Model 64/80, Epoch 18/30, Loss: 0.1033, Correct: 5321, Accuracy: 0.9692
Shadow Model 64/80, Epoch 19/30, Loss: 0.0929, Correct: 5316, Accuracy: 0.9683
Shadow Model 64/80, Epoch 20/30, Loss: 0.0804, Correct: 5352, Accuracy: 0.9749
Shadow Model 64/80, Epoch 21/30, Loss: 0.0932, Correct: 5309, Accuracy: 0.9670
Shadow Model 64/80, Epoch 22/30, Loss: 0.0613, Correct: 5381, Accuracy: 0.9801
Shadow Model 64/80, Epoch 23/30, Loss: 0.0597, Correct: 5379, Accuracy: 0.9798
Shadow Model 64/80, Epoch 24/30, Loss: 0.0831, Correct: 5339, Accuracy: 0.9725
Shadow Model 64/80, Epoch 25/30, Loss: 0.1129, Correct: 5298, Accuracy: 0.9650
Shadow Model 64/80, Epoch 26/30, Loss: 0.0399, Correct: 5419, Accuracy: 0.9871
Shadow Model 64/80, Epoch 27/30, Loss: 0.0472, Correct: 5407, Accuracy: 0.9849
Shadow Model 64/80, Epoch 28/30, Loss: 0.0449, Correct: 5395, Accuracy: 0.9827
Shadow Model 64/80, Epoch 29/30, Loss: 0.0343, Correct: 5430, Accuracy: 0.9891
Shadow Model 64/80, Epoch 30/30, Loss: 0.0311, Correct: 5430, Accuracy: 0.9891
  Min count per (class, membership) group: 610
  Samples per group selected as IN: 305
  Class 0 | membership=0: 761 total → 305 IN selected
  Class 0 | membership=1: 754 total → 305 IN selected
  Class 1 | membership=0: 774 total → 305 IN selected
  Class 1 | membership=1: 774 total → 305 IN selected
  Class 2 | membership=0: 750 total → 305 IN selected
  Class 2 | membership=1: 796 total → 305 IN selected
  Class 3 | membership=0: 783 total → 305 IN selected
  Class 3 | membership=1: 798 total → 305 IN selected
  Class 4 | membership=0: 688 total → 305 IN selected
  Class 4 | membership=1: 660 total → 305 IN selected
  Class 5 | membership=0: 897 total → 305 IN selected
  Class 5 | membership=1: 898 total → 305 IN selected
  Class 6 | membership=0: 612 total → 305 IN selected
  Class 6 | membership=1: 610 total → 305 IN selected
  Class 7 | membership=0: 740 total → 305 IN selected
  Class 7 | membership=1: 665 total → 305 IN selected
  Class 8 | membership=0: 995 total → 305 IN selected
  Class 8 | membership=1: 1045 total → 305 IN selected
Shadow Model 65/80, Epoch 1/30, Loss: 1.1820, Correct: 3125, Accuracy: 0.5692
Shadow Model 65/80, Epoch 2/30, Loss: 0.8853, Correct: 3750, Accuracy: 0.6831
Shadow Model 65/80, Epoch 3/30, Loss: 0.7866, Correct: 3940, Accuracy: 0.7177
Shadow Model 65/80, Epoch 4/30, Loss: 0.6685, Correct: 4212, Accuracy: 0.7672
Shadow Model 65/80, Epoch 5/30, Loss: 0.5624, Correct: 4396, Accuracy: 0.8007
Shadow Model 65/80, Epoch 6/30, Loss: 0.5161, Correct: 4451, Accuracy: 0.8107
Shadow Model 65/80, Epoch 7/30, Loss: 0.4747, Correct: 4560, Accuracy: 0.8306
Shadow Model 65/80, Epoch 8/30, Loss: 0.4165, Correct: 4674, Accuracy: 0.8514
Shadow Model 65/80, Epoch 9/30, Loss: 0.3686, Correct: 4758, Accuracy: 0.8667
Shadow Model 65/80, Epoch 10/30, Loss: 0.3448, Correct: 4808, Accuracy: 0.8758
Shadow Model 65/80, Epoch 11/30, Loss: 0.2946, Correct: 4909, Accuracy: 0.8942
Shadow Model 65/80, Epoch 12/30, Loss: 0.2540, Correct: 4991, Accuracy: 0.9091
Shadow Model 65/80, Epoch 13/30, Loss: 0.2137, Correct: 5059, Accuracy: 0.9215
Shadow Model 65/80, Epoch 14/30, Loss: 0.2565, Correct: 4983, Accuracy: 0.9077
Shadow Model 65/80, Epoch 15/30, Loss: 0.2080, Correct: 5101, Accuracy: 0.9291
Shadow Model 65/80, Epoch 16/30, Loss: 0.1614, Correct: 5203, Accuracy: 0.9477
Shadow Model 65/80, Epoch 17/30, Loss: 0.1243, Correct: 5254, Accuracy: 0.9570
Shadow Model 65/80, Epoch 18/30, Loss: 0.1067, Correct: 5301, Accuracy: 0.9656
Shadow Model 65/80, Epoch 19/30, Loss: 0.0906, Correct: 5310, Accuracy: 0.9672
Shadow Model 65/80, Epoch 20/30, Loss: 0.0996, Correct: 5313, Accuracy: 0.9678
Shadow Model 65/80, Epoch 21/30, Loss: 0.1195, Correct: 5292, Accuracy: 0.9639
Shadow Model 65/80, Epoch 22/30, Loss: 0.0737, Correct: 5351, Accuracy: 0.9747
Shadow Model 65/80, Epoch 23/30, Loss: 0.0650, Correct: 5367, Accuracy: 0.9776
Shadow Model 65/80, Epoch 24/30, Loss: 0.0500, Correct: 5404, Accuracy: 0.9843
Shadow Model 65/80, Epoch 25/30, Loss: 0.0605, Correct: 5367, Accuracy: 0.9776
Shadow Model 65/80, Epoch 26/30, Loss: 0.0475, Correct: 5409, Accuracy: 0.9852
Shadow Model 65/80, Epoch 27/30, Loss: 0.0444, Correct: 5410, Accuracy: 0.9854
Shadow Model 65/80, Epoch 28/30, Loss: 0.0277, Correct: 5440, Accuracy: 0.9909
Shadow Model 65/80, Epoch 29/30, Loss: 0.0398, Correct: 5424, Accuracy: 0.9880
Shadow Model 65/80, Epoch 30/30, Loss: 0.0323, Correct: 5436, Accuracy: 0.9902
  Min count per (class, membership) group: 610
  Samples per group selected as IN: 305
  Class 0 | membership=0: 761 total → 305 IN selected
  Class 0 | membership=1: 754 total → 305 IN selected
  Class 1 | membership=0: 774 total → 305 IN selected
  Class 1 | membership=1: 774 total → 305 IN selected
  Class 2 | membership=0: 750 total → 305 IN selected
  Class 2 | membership=1: 796 total → 305 IN selected
  Class 3 | membership=0: 783 total → 305 IN selected
  Class 3 | membership=1: 798 total → 305 IN selected
  Class 4 | membership=0: 688 total → 305 IN selected
  Class 4 | membership=1: 660 total → 305 IN selected
  Class 5 | membership=0: 897 total → 305 IN selected
  Class 5 | membership=1: 898 total → 305 IN selected
  Class 6 | membership=0: 612 total → 305 IN selected
  Class 6 | membership=1: 610 total → 305 IN selected
  Class 7 | membership=0: 740 total → 305 IN selected
  Class 7 | membership=1: 665 total → 305 IN selected
  Class 8 | membership=0: 995 total → 305 IN selected
  Class 8 | membership=1: 1045 total → 305 IN selected
Shadow Model 66/80, Epoch 1/30, Loss: 1.1394, Correct: 3205, Accuracy: 0.5838
Shadow Model 66/80, Epoch 2/30, Loss: 0.8430, Correct: 3802, Accuracy: 0.6925
Shadow Model 66/80, Epoch 3/30, Loss: 0.7470, Correct: 4061, Accuracy: 0.7397
Shadow Model 66/80, Epoch 4/30, Loss: 0.6326, Correct: 4272, Accuracy: 0.7781
Shadow Model 66/80, Epoch 5/30, Loss: 0.5561, Correct: 4439, Accuracy: 0.8086
Shadow Model 66/80, Epoch 6/30, Loss: 0.4937, Correct: 4507, Accuracy: 0.8209
Shadow Model 66/80, Epoch 7/30, Loss: 0.4519, Correct: 4583, Accuracy: 0.8348
Shadow Model 66/80, Epoch 8/30, Loss: 0.3806, Correct: 4758, Accuracy: 0.8667
Shadow Model 66/80, Epoch 9/30, Loss: 0.3832, Correct: 4786, Accuracy: 0.8718
Shadow Model 66/80, Epoch 10/30, Loss: 0.3609, Correct: 4779, Accuracy: 0.8705
Shadow Model 66/80, Epoch 11/30, Loss: 0.2962, Correct: 4893, Accuracy: 0.8913
Shadow Model 66/80, Epoch 12/30, Loss: 0.2538, Correct: 5010, Accuracy: 0.9126
Shadow Model 66/80, Epoch 13/30, Loss: 0.2122, Correct: 5090, Accuracy: 0.9271
Shadow Model 66/80, Epoch 14/30, Loss: 0.1888, Correct: 5127, Accuracy: 0.9339
Shadow Model 66/80, Epoch 15/30, Loss: 0.1865, Correct: 5143, Accuracy: 0.9368
Shadow Model 66/80, Epoch 16/30, Loss: 0.1518, Correct: 5201, Accuracy: 0.9474
Shadow Model 66/80, Epoch 17/30, Loss: 0.1379, Correct: 5241, Accuracy: 0.9546
Shadow Model 66/80, Epoch 18/30, Loss: 0.0807, Correct: 5342, Accuracy: 0.9730
Shadow Model 66/80, Epoch 19/30, Loss: 0.1102, Correct: 5281, Accuracy: 0.9619
Shadow Model 66/80, Epoch 20/30, Loss: 0.0731, Correct: 5351, Accuracy: 0.9747
Shadow Model 66/80, Epoch 21/30, Loss: 0.0881, Correct: 5326, Accuracy: 0.9701
Shadow Model 66/80, Epoch 22/30, Loss: 0.0930, Correct: 5307, Accuracy: 0.9667
Shadow Model 66/80, Epoch 23/30, Loss: 0.0784, Correct: 5340, Accuracy: 0.9727
Shadow Model 66/80, Epoch 24/30, Loss: 0.0322, Correct: 5430, Accuracy: 0.9891
Shadow Model 66/80, Epoch 25/30, Loss: 0.0236, Correct: 5450, Accuracy: 0.9927
Shadow Model 66/80, Epoch 26/30, Loss: 0.0317, Correct: 5427, Accuracy: 0.9885
Shadow Model 66/80, Epoch 27/30, Loss: 0.0429, Correct: 5412, Accuracy: 0.9858
Shadow Model 66/80, Epoch 28/30, Loss: 0.0513, Correct: 5384, Accuracy: 0.9807
Shadow Model 66/80, Epoch 29/30, Loss: 0.0308, Correct: 5431, Accuracy: 0.9893
Shadow Model 66/80, Epoch 30/30, Loss: 0.0514, Correct: 5393, Accuracy: 0.9823
  Min count per (class, membership) group: 610
  Samples per group selected as IN: 305
  Class 0 | membership=0: 761 total → 305 IN selected
  Class 0 | membership=1: 754 total → 305 IN selected
  Class 1 | membership=0: 774 total → 305 IN selected
  Class 1 | membership=1: 774 total → 305 IN selected
  Class 2 | membership=0: 750 total → 305 IN selected
  Class 2 | membership=1: 796 total → 305 IN selected
  Class 3 | membership=0: 783 total → 305 IN selected
  Class 3 | membership=1: 798 total → 305 IN selected
  Class 4 | membership=0: 688 total → 305 IN selected
  Class 4 | membership=1: 660 total → 305 IN selected
  Class 5 | membership=0: 897 total → 305 IN selected
  Class 5 | membership=1: 898 total → 305 IN selected
  Class 6 | membership=0: 612 total → 305 IN selected
  Class 6 | membership=1: 610 total → 305 IN selected
  Class 7 | membership=0: 740 total → 305 IN selected
  Class 7 | membership=1: 665 total → 305 IN selected
  Class 8 | membership=0: 995 total → 305 IN selected
  Class 8 | membership=1: 1045 total → 305 IN selected
Shadow Model 67/80, Epoch 1/30, Loss: 1.1504, Correct: 3151, Accuracy: 0.5740
Shadow Model 67/80, Epoch 2/30, Loss: 0.8540, Correct: 3752, Accuracy: 0.6834
Shadow Model 67/80, Epoch 3/30, Loss: 0.6977, Correct: 4096, Accuracy: 0.7461
Shadow Model 67/80, Epoch 4/30, Loss: 0.6261, Correct: 4270, Accuracy: 0.7778
Shadow Model 67/80, Epoch 5/30, Loss: 0.5484, Correct: 4416, Accuracy: 0.8044
Shadow Model 67/80, Epoch 6/30, Loss: 0.5069, Correct: 4482, Accuracy: 0.8164
Shadow Model 67/80, Epoch 7/30, Loss: 0.4646, Correct: 4544, Accuracy: 0.8277
Shadow Model 67/80, Epoch 8/30, Loss: 0.4030, Correct: 4699, Accuracy: 0.8559
Shadow Model 67/80, Epoch 9/30, Loss: 0.3759, Correct: 4783, Accuracy: 0.8712
Shadow Model 67/80, Epoch 10/30, Loss: 0.3245, Correct: 4873, Accuracy: 0.8876
Shadow Model 67/80, Epoch 11/30, Loss: 0.3300, Correct: 4872, Accuracy: 0.8874
Shadow Model 67/80, Epoch 12/30, Loss: 0.2455, Correct: 5017, Accuracy: 0.9138
Shadow Model 67/80, Epoch 13/30, Loss: 0.2245, Correct: 5056, Accuracy: 0.9209
Shadow Model 67/80, Epoch 14/30, Loss: 0.1835, Correct: 5130, Accuracy: 0.9344
Shadow Model 67/80, Epoch 15/30, Loss: 0.1489, Correct: 5223, Accuracy: 0.9514
Shadow Model 67/80, Epoch 16/30, Loss: 0.1162, Correct: 5278, Accuracy: 0.9614
Shadow Model 67/80, Epoch 17/30, Loss: 0.1083, Correct: 5294, Accuracy: 0.9643
Shadow Model 67/80, Epoch 18/30, Loss: 0.0784, Correct: 5355, Accuracy: 0.9754
Shadow Model 67/80, Epoch 19/30, Loss: 0.1034, Correct: 5300, Accuracy: 0.9654
Shadow Model 67/80, Epoch 20/30, Loss: 0.1026, Correct: 5329, Accuracy: 0.9707
Shadow Model 67/80, Epoch 21/30, Loss: 0.0735, Correct: 5352, Accuracy: 0.9749
Shadow Model 67/80, Epoch 22/30, Loss: 0.0770, Correct: 5349, Accuracy: 0.9743
Shadow Model 67/80, Epoch 23/30, Loss: 0.0455, Correct: 5418, Accuracy: 0.9869
Shadow Model 67/80, Epoch 24/30, Loss: 0.0484, Correct: 5403, Accuracy: 0.9842
Shadow Model 67/80, Epoch 25/30, Loss: 0.0257, Correct: 5448, Accuracy: 0.9923
Shadow Model 67/80, Epoch 26/30, Loss: 0.0353, Correct: 5424, Accuracy: 0.9880
Shadow Model 67/80, Epoch 27/30, Loss: 0.0669, Correct: 5367, Accuracy: 0.9776
Shadow Model 67/80, Epoch 28/30, Loss: 0.0727, Correct: 5365, Accuracy: 0.9772
Shadow Model 67/80, Epoch 29/30, Loss: 0.0504, Correct: 5399, Accuracy: 0.9834
Shadow Model 67/80, Epoch 30/30, Loss: 0.0316, Correct: 5436, Accuracy: 0.9902
  Min count per (class, membership) group: 610
  Samples per group selected as IN: 305
  Class 0 | membership=0: 761 total → 305 IN selected
  Class 0 | membership=1: 754 total → 305 IN selected
  Class 1 | membership=0: 774 total → 305 IN selected
  Class 1 | membership=1: 774 total → 305 IN selected
  Class 2 | membership=0: 750 total → 305 IN selected
  Class 2 | membership=1: 796 total → 305 IN selected
  Class 3 | membership=0: 783 total → 305 IN selected
  Class 3 | membership=1: 798 total → 305 IN selected
  Class 4 | membership=0: 688 total → 305 IN selected
  Class 4 | membership=1: 660 total → 305 IN selected
  Class 5 | membership=0: 897 total → 305 IN selected
  Class 5 | membership=1: 898 total → 305 IN selected
  Class 6 | membership=0: 612 total → 305 IN selected
  Class 6 | membership=1: 610 total → 305 IN selected
  Class 7 | membership=0: 740 total → 305 IN selected
  Class 7 | membership=1: 665 total → 305 IN selected
  Class 8 | membership=0: 995 total → 305 IN selected
  Class 8 | membership=1: 1045 total → 305 IN selected
Shadow Model 68/80, Epoch 1/30, Loss: 1.2002, Correct: 3078, Accuracy: 0.5607
Shadow Model 68/80, Epoch 2/30, Loss: 0.8652, Correct: 3720, Accuracy: 0.6776
Shadow Model 68/80, Epoch 3/30, Loss: 0.7713, Correct: 3937, Accuracy: 0.7171
Shadow Model 68/80, Epoch 4/30, Loss: 0.6141, Correct: 4317, Accuracy: 0.7863
Shadow Model 68/80, Epoch 5/30, Loss: 0.5470, Correct: 4433, Accuracy: 0.8075
Shadow Model 68/80, Epoch 6/30, Loss: 0.5102, Correct: 4512, Accuracy: 0.8219
Shadow Model 68/80, Epoch 7/30, Loss: 0.4290, Correct: 4669, Accuracy: 0.8505
Shadow Model 68/80, Epoch 8/30, Loss: 0.3747, Correct: 4773, Accuracy: 0.8694
Shadow Model 68/80, Epoch 9/30, Loss: 0.3638, Correct: 4777, Accuracy: 0.8701
Shadow Model 68/80, Epoch 10/30, Loss: 0.2779, Correct: 4978, Accuracy: 0.9067
Shadow Model 68/80, Epoch 11/30, Loss: 0.2555, Correct: 4982, Accuracy: 0.9075
Shadow Model 68/80, Epoch 12/30, Loss: 0.2340, Correct: 5041, Accuracy: 0.9182
Shadow Model 68/80, Epoch 13/30, Loss: 0.1833, Correct: 5133, Accuracy: 0.9350
Shadow Model 68/80, Epoch 14/30, Loss: 0.1570, Correct: 5191, Accuracy: 0.9455
Shadow Model 68/80, Epoch 15/30, Loss: 0.1202, Correct: 5269, Accuracy: 0.9597
Shadow Model 68/80, Epoch 16/30, Loss: 0.1114, Correct: 5293, Accuracy: 0.9641
Shadow Model 68/80, Epoch 17/30, Loss: 0.1046, Correct: 5292, Accuracy: 0.9639
Shadow Model 68/80, Epoch 18/30, Loss: 0.1025, Correct: 5298, Accuracy: 0.9650
Shadow Model 68/80, Epoch 19/30, Loss: 0.0864, Correct: 5338, Accuracy: 0.9723
Shadow Model 68/80, Epoch 20/30, Loss: 0.0688, Correct: 5365, Accuracy: 0.9772
Shadow Model 68/80, Epoch 21/30, Loss: 0.0594, Correct: 5381, Accuracy: 0.9801
Shadow Model 68/80, Epoch 22/30, Loss: 0.0474, Correct: 5407, Accuracy: 0.9849
Shadow Model 68/80, Epoch 23/30, Loss: 0.0896, Correct: 5336, Accuracy: 0.9719
Shadow Model 68/80, Epoch 24/30, Loss: 0.0812, Correct: 5341, Accuracy: 0.9729
Shadow Model 68/80, Epoch 25/30, Loss: 0.0281, Correct: 5448, Accuracy: 0.9923
Shadow Model 68/80, Epoch 26/30, Loss: 0.0202, Correct: 5457, Accuracy: 0.9940
Shadow Model 68/80, Epoch 27/30, Loss: 0.0309, Correct: 5441, Accuracy: 0.9911
Shadow Model 68/80, Epoch 28/30, Loss: 0.0405, Correct: 5420, Accuracy: 0.9872
Shadow Model 68/80, Epoch 29/30, Loss: 0.0336, Correct: 5431, Accuracy: 0.9893
Shadow Model 68/80, Epoch 30/30, Loss: 0.0210, Correct: 5454, Accuracy: 0.9934
  Min count per (class, membership) group: 610
  Samples per group selected as IN: 305
  Class 0 | membership=0: 761 total → 305 IN selected
  Class 0 | membership=1: 754 total → 305 IN selected
  Class 1 | membership=0: 774 total → 305 IN selected
  Class 1 | membership=1: 774 total → 305 IN selected
  Class 2 | membership=0: 750 total → 305 IN selected
  Class 2 | membership=1: 796 total → 305 IN selected
  Class 3 | membership=0: 783 total → 305 IN selected
  Class 3 | membership=1: 798 total → 305 IN selected
  Class 4 | membership=0: 688 total → 305 IN selected
  Class 4 | membership=1: 660 total → 305 IN selected
  Class 5 | membership=0: 897 total → 305 IN selected
  Class 5 | membership=1: 898 total → 305 IN selected
  Class 6 | membership=0: 612 total → 305 IN selected
  Class 6 | membership=1: 610 total → 305 IN selected
  Class 7 | membership=0: 740 total → 305 IN selected
  Class 7 | membership=1: 665 total → 305 IN selected
  Class 8 | membership=0: 995 total → 305 IN selected
  Class 8 | membership=1: 1045 total → 305 IN selected
Shadow Model 69/80, Epoch 1/30, Loss: 1.1533, Correct: 3174, Accuracy: 0.5781
Shadow Model 69/80, Epoch 2/30, Loss: 0.8374, Correct: 3773, Accuracy: 0.6872
Shadow Model 69/80, Epoch 3/30, Loss: 0.7074, Correct: 4124, Accuracy: 0.7512
Shadow Model 69/80, Epoch 4/30, Loss: 0.6152, Correct: 4271, Accuracy: 0.7780
Shadow Model 69/80, Epoch 5/30, Loss: 0.5238, Correct: 4486, Accuracy: 0.8171
Shadow Model 69/80, Epoch 6/30, Loss: 0.4574, Correct: 4582, Accuracy: 0.8346
Shadow Model 69/80, Epoch 7/30, Loss: 0.4343, Correct: 4666, Accuracy: 0.8499
Shadow Model 69/80, Epoch 8/30, Loss: 0.3827, Correct: 4758, Accuracy: 0.8667
Shadow Model 69/80, Epoch 9/30, Loss: 0.3566, Correct: 4769, Accuracy: 0.8687
Shadow Model 69/80, Epoch 10/30, Loss: 0.3089, Correct: 4894, Accuracy: 0.8914
Shadow Model 69/80, Epoch 11/30, Loss: 0.2730, Correct: 4967, Accuracy: 0.9047
Shadow Model 69/80, Epoch 12/30, Loss: 0.2434, Correct: 5036, Accuracy: 0.9173
Shadow Model 69/80, Epoch 13/30, Loss: 0.2077, Correct: 5084, Accuracy: 0.9260
Shadow Model 69/80, Epoch 14/30, Loss: 0.1842, Correct: 5143, Accuracy: 0.9368
Shadow Model 69/80, Epoch 15/30, Loss: 0.1593, Correct: 5182, Accuracy: 0.9439
Shadow Model 69/80, Epoch 16/30, Loss: 0.1130, Correct: 5265, Accuracy: 0.9590
Shadow Model 69/80, Epoch 17/30, Loss: 0.1156, Correct: 5278, Accuracy: 0.9614
Shadow Model 69/80, Epoch 18/30, Loss: 0.0973, Correct: 5310, Accuracy: 0.9672
Shadow Model 69/80, Epoch 19/30, Loss: 0.0821, Correct: 5340, Accuracy: 0.9727
Shadow Model 69/80, Epoch 20/30, Loss: 0.0689, Correct: 5367, Accuracy: 0.9776
Shadow Model 69/80, Epoch 21/30, Loss: 0.0811, Correct: 5341, Accuracy: 0.9729
Shadow Model 69/80, Epoch 22/30, Loss: 0.0913, Correct: 5331, Accuracy: 0.9710
Shadow Model 69/80, Epoch 23/30, Loss: 0.0877, Correct: 5342, Accuracy: 0.9730
Shadow Model 69/80, Epoch 24/30, Loss: 0.0761, Correct: 5356, Accuracy: 0.9756
Shadow Model 69/80, Epoch 25/30, Loss: 0.0407, Correct: 5418, Accuracy: 0.9869
Shadow Model 69/80, Epoch 26/30, Loss: 0.0226, Correct: 5458, Accuracy: 0.9942
Shadow Model 69/80, Epoch 27/30, Loss: 0.0351, Correct: 5429, Accuracy: 0.9889
Shadow Model 69/80, Epoch 28/30, Loss: 0.0284, Correct: 5438, Accuracy: 0.9905
Shadow Model 69/80, Epoch 29/30, Loss: 0.0188, Correct: 5462, Accuracy: 0.9949
Shadow Model 69/80, Epoch 30/30, Loss: 0.0733, Correct: 5365, Accuracy: 0.9772
  Min count per (class, membership) group: 610
  Samples per group selected as IN: 305
  Class 0 | membership=0: 761 total → 305 IN selected
  Class 0 | membership=1: 754 total → 305 IN selected
  Class 1 | membership=0: 774 total → 305 IN selected
  Class 1 | membership=1: 774 total → 305 IN selected
  Class 2 | membership=0: 750 total → 305 IN selected
  Class 2 | membership=1: 796 total → 305 IN selected
  Class 3 | membership=0: 783 total → 305 IN selected
  Class 3 | membership=1: 798 total → 305 IN selected
  Class 4 | membership=0: 688 total → 305 IN selected
  Class 4 | membership=1: 660 total → 305 IN selected
  Class 5 | membership=0: 897 total → 305 IN selected
  Class 5 | membership=1: 898 total → 305 IN selected
  Class 6 | membership=0: 612 total → 305 IN selected
  Class 6 | membership=1: 610 total → 305 IN selected
  Class 7 | membership=0: 740 total → 305 IN selected
  Class 7 | membership=1: 665 total → 305 IN selected
  Class 8 | membership=0: 995 total → 305 IN selected
  Class 8 | membership=1: 1045 total → 305 IN selected
Shadow Model 70/80, Epoch 1/30, Loss: 1.2130, Correct: 3056, Accuracy: 0.5566
Shadow Model 70/80, Epoch 2/30, Loss: 0.8678, Correct: 3721, Accuracy: 0.6778
Shadow Model 70/80, Epoch 3/30, Loss: 0.7529, Correct: 3965, Accuracy: 0.7222
Shadow Model 70/80, Epoch 4/30, Loss: 0.6586, Correct: 4206, Accuracy: 0.7661
Shadow Model 70/80, Epoch 5/30, Loss: 0.5454, Correct: 4418, Accuracy: 0.8047
Shadow Model 70/80, Epoch 6/30, Loss: 0.5429, Correct: 4472, Accuracy: 0.8146
Shadow Model 70/80, Epoch 7/30, Loss: 0.4544, Correct: 4606, Accuracy: 0.8390
Shadow Model 70/80, Epoch 8/30, Loss: 0.4583, Correct: 4598, Accuracy: 0.8375
Shadow Model 70/80, Epoch 9/30, Loss: 0.3757, Correct: 4737, Accuracy: 0.8628
Shadow Model 70/80, Epoch 10/30, Loss: 0.3328, Correct: 4825, Accuracy: 0.8789
Shadow Model 70/80, Epoch 11/30, Loss: 0.2927, Correct: 4924, Accuracy: 0.8969
Shadow Model 70/80, Epoch 12/30, Loss: 0.2747, Correct: 4956, Accuracy: 0.9027
Shadow Model 70/80, Epoch 13/30, Loss: 0.2080, Correct: 5094, Accuracy: 0.9279
Shadow Model 70/80, Epoch 14/30, Loss: 0.2288, Correct: 5043, Accuracy: 0.9186
Shadow Model 70/80, Epoch 15/30, Loss: 0.1956, Correct: 5114, Accuracy: 0.9315
Shadow Model 70/80, Epoch 16/30, Loss: 0.1760, Correct: 5155, Accuracy: 0.9390
Shadow Model 70/80, Epoch 17/30, Loss: 0.1251, Correct: 5246, Accuracy: 0.9556
Shadow Model 70/80, Epoch 18/30, Loss: 0.1188, Correct: 5264, Accuracy: 0.9588
Shadow Model 70/80, Epoch 19/30, Loss: 0.0878, Correct: 5329, Accuracy: 0.9707
Shadow Model 70/80, Epoch 20/30, Loss: 0.0590, Correct: 5377, Accuracy: 0.9794
Shadow Model 70/80, Epoch 21/30, Loss: 0.0713, Correct: 5362, Accuracy: 0.9767
Shadow Model 70/80, Epoch 22/30, Loss: 0.1051, Correct: 5305, Accuracy: 0.9663
Shadow Model 70/80, Epoch 23/30, Loss: 0.0563, Correct: 5387, Accuracy: 0.9812
Shadow Model 70/80, Epoch 24/30, Loss: 0.0488, Correct: 5400, Accuracy: 0.9836
Shadow Model 70/80, Epoch 25/30, Loss: 0.1678, Correct: 5184, Accuracy: 0.9443
Shadow Model 70/80, Epoch 26/30, Loss: 0.0727, Correct: 5370, Accuracy: 0.9781
Shadow Model 70/80, Epoch 27/30, Loss: 0.0357, Correct: 5438, Accuracy: 0.9905
Shadow Model 70/80, Epoch 28/30, Loss: 0.0363, Correct: 5432, Accuracy: 0.9894
Shadow Model 70/80, Epoch 29/30, Loss: 0.0533, Correct: 5399, Accuracy: 0.9834
Shadow Model 70/80, Epoch 30/30, Loss: 0.0303, Correct: 5439, Accuracy: 0.9907
  Min count per (class, membership) group: 610
  Samples per group selected as IN: 305
  Class 0 | membership=0: 761 total → 305 IN selected
  Class 0 | membership=1: 754 total → 305 IN selected
  Class 1 | membership=0: 774 total → 305 IN selected
  Class 1 | membership=1: 774 total → 305 IN selected
  Class 2 | membership=0: 750 total → 305 IN selected
  Class 2 | membership=1: 796 total → 305 IN selected
  Class 3 | membership=0: 783 total → 305 IN selected
  Class 3 | membership=1: 798 total → 305 IN selected
  Class 4 | membership=0: 688 total → 305 IN selected
  Class 4 | membership=1: 660 total → 305 IN selected
  Class 5 | membership=0: 897 total → 305 IN selected
  Class 5 | membership=1: 898 total → 305 IN selected
  Class 6 | membership=0: 612 total → 305 IN selected
  Class 6 | membership=1: 610 total → 305 IN selected
  Class 7 | membership=0: 740 total → 305 IN selected
  Class 7 | membership=1: 665 total → 305 IN selected
  Class 8 | membership=0: 995 total → 305 IN selected
  Class 8 | membership=1: 1045 total → 305 IN selected
Shadow Model 71/80, Epoch 1/30, Loss: 1.1301, Correct: 3172, Accuracy: 0.5778
Shadow Model 71/80, Epoch 2/30, Loss: 0.8726, Correct: 3728, Accuracy: 0.6791
Shadow Model 71/80, Epoch 3/30, Loss: 0.7848, Correct: 3953, Accuracy: 0.7200
Shadow Model 71/80, Epoch 4/30, Loss: 0.6347, Correct: 4235, Accuracy: 0.7714
Shadow Model 71/80, Epoch 5/30, Loss: 0.6004, Correct: 4291, Accuracy: 0.7816
Shadow Model 71/80, Epoch 6/30, Loss: 0.5386, Correct: 4461, Accuracy: 0.8126
Shadow Model 71/80, Epoch 7/30, Loss: 0.4996, Correct: 4493, Accuracy: 0.8184
Shadow Model 71/80, Epoch 8/30, Loss: 0.4469, Correct: 4632, Accuracy: 0.8437
Shadow Model 71/80, Epoch 9/30, Loss: 0.4188, Correct: 4673, Accuracy: 0.8512
Shadow Model 71/80, Epoch 10/30, Loss: 0.3477, Correct: 4808, Accuracy: 0.8758
Shadow Model 71/80, Epoch 11/30, Loss: 0.3260, Correct: 4848, Accuracy: 0.8831
Shadow Model 71/80, Epoch 12/30, Loss: 0.3022, Correct: 4914, Accuracy: 0.8951
Shadow Model 71/80, Epoch 13/30, Loss: 0.2359, Correct: 5010, Accuracy: 0.9126
Shadow Model 71/80, Epoch 14/30, Loss: 0.2019, Correct: 5096, Accuracy: 0.9282
Shadow Model 71/80, Epoch 15/30, Loss: 0.2143, Correct: 5099, Accuracy: 0.9288
Shadow Model 71/80, Epoch 16/30, Loss: 0.1937, Correct: 5149, Accuracy: 0.9379
Shadow Model 71/80, Epoch 17/30, Loss: 0.1237, Correct: 5260, Accuracy: 0.9581
Shadow Model 71/80, Epoch 18/30, Loss: 0.1127, Correct: 5272, Accuracy: 0.9603
Shadow Model 71/80, Epoch 19/30, Loss: 0.1072, Correct: 5282, Accuracy: 0.9621
Shadow Model 71/80, Epoch 20/30, Loss: 0.0957, Correct: 5306, Accuracy: 0.9665
Shadow Model 71/80, Epoch 21/30, Loss: 0.0843, Correct: 5332, Accuracy: 0.9712
Shadow Model 71/80, Epoch 22/30, Loss: 0.0699, Correct: 5370, Accuracy: 0.9781
Shadow Model 71/80, Epoch 23/30, Loss: 0.0750, Correct: 5359, Accuracy: 0.9761
Shadow Model 71/80, Epoch 24/30, Loss: 0.0466, Correct: 5419, Accuracy: 0.9871
Shadow Model 71/80, Epoch 25/30, Loss: 0.0516, Correct: 5398, Accuracy: 0.9832
Shadow Model 71/80, Epoch 26/30, Loss: 0.0473, Correct: 5416, Accuracy: 0.9865
Shadow Model 71/80, Epoch 27/30, Loss: 0.0482, Correct: 5402, Accuracy: 0.9840
Shadow Model 71/80, Epoch 28/30, Loss: 0.0795, Correct: 5352, Accuracy: 0.9749
Shadow Model 71/80, Epoch 29/30, Loss: 0.0880, Correct: 5328, Accuracy: 0.9705
Shadow Model 71/80, Epoch 30/30, Loss: 0.0326, Correct: 5436, Accuracy: 0.9902
  Min count per (class, membership) group: 610
  Samples per group selected as IN: 305
  Class 0 | membership=0: 761 total → 305 IN selected
  Class 0 | membership=1: 754 total → 305 IN selected
  Class 1 | membership=0: 774 total → 305 IN selected
  Class 1 | membership=1: 774 total → 305 IN selected
  Class 2 | membership=0: 750 total → 305 IN selected
  Class 2 | membership=1: 796 total → 305 IN selected
  Class 3 | membership=0: 783 total → 305 IN selected
  Class 3 | membership=1: 798 total → 305 IN selected
  Class 4 | membership=0: 688 total → 305 IN selected
  Class 4 | membership=1: 660 total → 305 IN selected
  Class 5 | membership=0: 897 total → 305 IN selected
  Class 5 | membership=1: 898 total → 305 IN selected
  Class 6 | membership=0: 612 total → 305 IN selected
  Class 6 | membership=1: 610 total → 305 IN selected
  Class 7 | membership=0: 740 total → 305 IN selected
  Class 7 | membership=1: 665 total → 305 IN selected
  Class 8 | membership=0: 995 total → 305 IN selected
  Class 8 | membership=1: 1045 total → 305 IN selected
Shadow Model 72/80, Epoch 1/30, Loss: 1.1593, Correct: 3143, Accuracy: 0.5725
Shadow Model 72/80, Epoch 2/30, Loss: 0.8463, Correct: 3765, Accuracy: 0.6858
Shadow Model 72/80, Epoch 3/30, Loss: 0.6896, Correct: 4143, Accuracy: 0.7546
Shadow Model 72/80, Epoch 4/30, Loss: 0.5651, Correct: 4405, Accuracy: 0.8024
Shadow Model 72/80, Epoch 5/30, Loss: 0.5324, Correct: 4461, Accuracy: 0.8126
Shadow Model 72/80, Epoch 6/30, Loss: 0.5453, Correct: 4435, Accuracy: 0.8078
Shadow Model 72/80, Epoch 7/30, Loss: 0.4293, Correct: 4619, Accuracy: 0.8413
Shadow Model 72/80, Epoch 8/30, Loss: 0.4174, Correct: 4657, Accuracy: 0.8483
Shadow Model 72/80, Epoch 9/30, Loss: 0.3363, Correct: 4829, Accuracy: 0.8796
Shadow Model 72/80, Epoch 10/30, Loss: 0.3121, Correct: 4889, Accuracy: 0.8905
Shadow Model 72/80, Epoch 11/30, Loss: 0.2850, Correct: 4934, Accuracy: 0.8987
Shadow Model 72/80, Epoch 12/30, Loss: 0.2263, Correct: 5050, Accuracy: 0.9199
Shadow Model 72/80, Epoch 13/30, Loss: 0.2759, Correct: 4985, Accuracy: 0.9080
Shadow Model 72/80, Epoch 14/30, Loss: 0.2005, Correct: 5113, Accuracy: 0.9313
Shadow Model 72/80, Epoch 15/30, Loss: 0.1644, Correct: 5190, Accuracy: 0.9454
Shadow Model 72/80, Epoch 16/30, Loss: 0.1390, Correct: 5239, Accuracy: 0.9543
Shadow Model 72/80, Epoch 17/30, Loss: 0.1714, Correct: 5180, Accuracy: 0.9435
Shadow Model 72/80, Epoch 18/30, Loss: 0.1016, Correct: 5295, Accuracy: 0.9645
Shadow Model 72/80, Epoch 19/30, Loss: 0.0723, Correct: 5355, Accuracy: 0.9754
Shadow Model 72/80, Epoch 20/30, Loss: 0.0568, Correct: 5384, Accuracy: 0.9807
Shadow Model 72/80, Epoch 21/30, Loss: 0.1226, Correct: 5261, Accuracy: 0.9583
Shadow Model 72/80, Epoch 22/30, Loss: 0.0614, Correct: 5387, Accuracy: 0.9812
Shadow Model 72/80, Epoch 23/30, Loss: 0.0366, Correct: 5426, Accuracy: 0.9883
Shadow Model 72/80, Epoch 24/30, Loss: 0.0382, Correct: 5414, Accuracy: 0.9862
Shadow Model 72/80, Epoch 25/30, Loss: 0.0835, Correct: 5323, Accuracy: 0.9696
Shadow Model 72/80, Epoch 26/30, Loss: 0.0423, Correct: 5414, Accuracy: 0.9862
Shadow Model 72/80, Epoch 27/30, Loss: 0.0251, Correct: 5455, Accuracy: 0.9936
Shadow Model 72/80, Epoch 28/30, Loss: 0.0280, Correct: 5439, Accuracy: 0.9907
Shadow Model 72/80, Epoch 29/30, Loss: 0.0466, Correct: 5411, Accuracy: 0.9856
Shadow Model 72/80, Epoch 30/30, Loss: 0.0350, Correct: 5430, Accuracy: 0.9891
  Min count per (class, membership) group: 610
  Samples per group selected as IN: 305
  Class 0 | membership=0: 761 total → 305 IN selected
  Class 0 | membership=1: 754 total → 305 IN selected
  Class 1 | membership=0: 774 total → 305 IN selected
  Class 1 | membership=1: 774 total → 305 IN selected
  Class 2 | membership=0: 750 total → 305 IN selected
  Class 2 | membership=1: 796 total → 305 IN selected
  Class 3 | membership=0: 783 total → 305 IN selected
  Class 3 | membership=1: 798 total → 305 IN selected
  Class 4 | membership=0: 688 total → 305 IN selected
  Class 4 | membership=1: 660 total → 305 IN selected
  Class 5 | membership=0: 897 total → 305 IN selected
  Class 5 | membership=1: 898 total → 305 IN selected
  Class 6 | membership=0: 612 total → 305 IN selected
  Class 6 | membership=1: 610 total → 305 IN selected
  Class 7 | membership=0: 740 total → 305 IN selected
  Class 7 | membership=1: 665 total → 305 IN selected
  Class 8 | membership=0: 995 total → 305 IN selected
  Class 8 | membership=1: 1045 total → 305 IN selected
Shadow Model 73/80, Epoch 1/30, Loss: 1.1797, Correct: 3137, Accuracy: 0.5714
Shadow Model 73/80, Epoch 2/30, Loss: 0.8347, Correct: 3827, Accuracy: 0.6971
Shadow Model 73/80, Epoch 3/30, Loss: 0.7268, Correct: 4075, Accuracy: 0.7423
Shadow Model 73/80, Epoch 4/30, Loss: 0.6108, Correct: 4276, Accuracy: 0.7789
Shadow Model 73/80, Epoch 5/30, Loss: 0.5521, Correct: 4415, Accuracy: 0.8042
Shadow Model 73/80, Epoch 6/30, Loss: 0.4867, Correct: 4532, Accuracy: 0.8255
Shadow Model 73/80, Epoch 7/30, Loss: 0.4345, Correct: 4666, Accuracy: 0.8499
Shadow Model 73/80, Epoch 8/30, Loss: 0.3920, Correct: 4746, Accuracy: 0.8645
Shadow Model 73/80, Epoch 9/30, Loss: 0.3960, Correct: 4704, Accuracy: 0.8568
Shadow Model 73/80, Epoch 10/30, Loss: 0.3251, Correct: 4848, Accuracy: 0.8831
Shadow Model 73/80, Epoch 11/30, Loss: 0.3013, Correct: 4910, Accuracy: 0.8944
Shadow Model 73/80, Epoch 12/30, Loss: 0.2567, Correct: 5027, Accuracy: 0.9157
Shadow Model 73/80, Epoch 13/30, Loss: 0.2414, Correct: 5052, Accuracy: 0.9202
Shadow Model 73/80, Epoch 14/30, Loss: 0.2055, Correct: 5105, Accuracy: 0.9299
Shadow Model 73/80, Epoch 15/30, Loss: 0.1921, Correct: 5140, Accuracy: 0.9362
Shadow Model 73/80, Epoch 16/30, Loss: 0.1245, Correct: 5272, Accuracy: 0.9603
Shadow Model 73/80, Epoch 17/30, Loss: 0.1068, Correct: 5294, Accuracy: 0.9643
Shadow Model 73/80, Epoch 18/30, Loss: 0.1351, Correct: 5242, Accuracy: 0.9548
Shadow Model 73/80, Epoch 19/30, Loss: 0.0900, Correct: 5313, Accuracy: 0.9678
Shadow Model 73/80, Epoch 20/30, Loss: 0.0543, Correct: 5384, Accuracy: 0.9807
Shadow Model 73/80, Epoch 21/30, Loss: 0.0742, Correct: 5356, Accuracy: 0.9756
Shadow Model 73/80, Epoch 22/30, Loss: 0.0614, Correct: 5378, Accuracy: 0.9796
Shadow Model 73/80, Epoch 23/30, Loss: 0.0561, Correct: 5409, Accuracy: 0.9852
Shadow Model 73/80, Epoch 24/30, Loss: 0.0480, Correct: 5400, Accuracy: 0.9836
Shadow Model 73/80, Epoch 25/30, Loss: 0.0450, Correct: 5410, Accuracy: 0.9854
Shadow Model 73/80, Epoch 26/30, Loss: 0.0574, Correct: 5378, Accuracy: 0.9796
Shadow Model 73/80, Epoch 27/30, Loss: 0.0563, Correct: 5376, Accuracy: 0.9792
Shadow Model 73/80, Epoch 28/30, Loss: 0.0483, Correct: 5408, Accuracy: 0.9851
Shadow Model 73/80, Epoch 29/30, Loss: 0.0268, Correct: 5439, Accuracy: 0.9907
Shadow Model 73/80, Epoch 30/30, Loss: 0.0444, Correct: 5403, Accuracy: 0.9842
  Min count per (class, membership) group: 610
  Samples per group selected as IN: 305
  Class 0 | membership=0: 761 total → 305 IN selected
  Class 0 | membership=1: 754 total → 305 IN selected
  Class 1 | membership=0: 774 total → 305 IN selected
  Class 1 | membership=1: 774 total → 305 IN selected
  Class 2 | membership=0: 750 total → 305 IN selected
  Class 2 | membership=1: 796 total → 305 IN selected
  Class 3 | membership=0: 783 total → 305 IN selected
  Class 3 | membership=1: 798 total → 305 IN selected
  Class 4 | membership=0: 688 total → 305 IN selected
  Class 4 | membership=1: 660 total → 305 IN selected
  Class 5 | membership=0: 897 total → 305 IN selected
  Class 5 | membership=1: 898 total → 305 IN selected
  Class 6 | membership=0: 612 total → 305 IN selected
  Class 6 | membership=1: 610 total → 305 IN selected
  Class 7 | membership=0: 740 total → 305 IN selected
  Class 7 | membership=1: 665 total → 305 IN selected
  Class 8 | membership=0: 995 total → 305 IN selected
  Class 8 | membership=1: 1045 total → 305 IN selected
Shadow Model 74/80, Epoch 1/30, Loss: 1.1959, Correct: 3068, Accuracy: 0.5588
Shadow Model 74/80, Epoch 2/30, Loss: 0.8839, Correct: 3702, Accuracy: 0.6743
Shadow Model 74/80, Epoch 3/30, Loss: 0.7310, Correct: 4060, Accuracy: 0.7395
Shadow Model 74/80, Epoch 4/30, Loss: 0.6678, Correct: 4195, Accuracy: 0.7641
Shadow Model 74/80, Epoch 5/30, Loss: 0.5423, Correct: 4444, Accuracy: 0.8095
Shadow Model 74/80, Epoch 6/30, Loss: 0.4962, Correct: 4511, Accuracy: 0.8217
Shadow Model 74/80, Epoch 7/30, Loss: 0.4358, Correct: 4638, Accuracy: 0.8448
Shadow Model 74/80, Epoch 8/30, Loss: 0.4190, Correct: 4660, Accuracy: 0.8488
Shadow Model 74/80, Epoch 9/30, Loss: 0.3874, Correct: 4767, Accuracy: 0.8683
Shadow Model 74/80, Epoch 10/30, Loss: 0.3380, Correct: 4839, Accuracy: 0.8814
Shadow Model 74/80, Epoch 11/30, Loss: 0.3087, Correct: 4903, Accuracy: 0.8931
Shadow Model 74/80, Epoch 12/30, Loss: 0.2988, Correct: 4918, Accuracy: 0.8958
Shadow Model 74/80, Epoch 13/30, Loss: 0.2471, Correct: 5018, Accuracy: 0.9140
Shadow Model 74/80, Epoch 14/30, Loss: 0.2474, Correct: 5012, Accuracy: 0.9129
Shadow Model 74/80, Epoch 15/30, Loss: 0.2124, Correct: 5084, Accuracy: 0.9260
Shadow Model 74/80, Epoch 16/30, Loss: 0.1296, Correct: 5252, Accuracy: 0.9566
Shadow Model 74/80, Epoch 17/30, Loss: 0.1445, Correct: 5208, Accuracy: 0.9486
Shadow Model 74/80, Epoch 18/30, Loss: 0.1147, Correct: 5285, Accuracy: 0.9627
Shadow Model 74/80, Epoch 19/30, Loss: 0.1076, Correct: 5278, Accuracy: 0.9614
Shadow Model 74/80, Epoch 20/30, Loss: 0.1023, Correct: 5309, Accuracy: 0.9670
Shadow Model 74/80, Epoch 21/30, Loss: 0.1293, Correct: 5242, Accuracy: 0.9548
Shadow Model 74/80, Epoch 22/30, Loss: 0.0705, Correct: 5351, Accuracy: 0.9747
Shadow Model 74/80, Epoch 23/30, Loss: 0.0710, Correct: 5363, Accuracy: 0.9769
Shadow Model 74/80, Epoch 24/30, Loss: 0.0781, Correct: 5335, Accuracy: 0.9718
Shadow Model 74/80, Epoch 25/30, Loss: 0.0379, Correct: 5436, Accuracy: 0.9902
Shadow Model 74/80, Epoch 26/30, Loss: 0.0522, Correct: 5383, Accuracy: 0.9805
Shadow Model 74/80, Epoch 27/30, Loss: 0.0547, Correct: 5400, Accuracy: 0.9836
Shadow Model 74/80, Epoch 28/30, Loss: 0.0841, Correct: 5350, Accuracy: 0.9745
Shadow Model 74/80, Epoch 29/30, Loss: 0.0544, Correct: 5399, Accuracy: 0.9834
Shadow Model 74/80, Epoch 30/30, Loss: 0.0387, Correct: 5428, Accuracy: 0.9887
  Min count per (class, membership) group: 610
  Samples per group selected as IN: 305
  Class 0 | membership=0: 761 total → 305 IN selected
  Class 0 | membership=1: 754 total → 305 IN selected
  Class 1 | membership=0: 774 total → 305 IN selected
  Class 1 | membership=1: 774 total → 305 IN selected
  Class 2 | membership=0: 750 total → 305 IN selected
  Class 2 | membership=1: 796 total → 305 IN selected
  Class 3 | membership=0: 783 total → 305 IN selected
  Class 3 | membership=1: 798 total → 305 IN selected
  Class 4 | membership=0: 688 total → 305 IN selected
  Class 4 | membership=1: 660 total → 305 IN selected
  Class 5 | membership=0: 897 total → 305 IN selected
  Class 5 | membership=1: 898 total → 305 IN selected
  Class 6 | membership=0: 612 total → 305 IN selected
  Class 6 | membership=1: 610 total → 305 IN selected
  Class 7 | membership=0: 740 total → 305 IN selected
  Class 7 | membership=1: 665 total → 305 IN selected
  Class 8 | membership=0: 995 total → 305 IN selected
  Class 8 | membership=1: 1045 total → 305 IN selected
Shadow Model 75/80, Epoch 1/30, Loss: 1.1846, Correct: 3066, Accuracy: 0.5585
Shadow Model 75/80, Epoch 2/30, Loss: 0.8873, Correct: 3683, Accuracy: 0.6709
Shadow Model 75/80, Epoch 3/30, Loss: 0.7359, Correct: 4023, Accuracy: 0.7328
Shadow Model 75/80, Epoch 4/30, Loss: 0.6336, Correct: 4224, Accuracy: 0.7694
Shadow Model 75/80, Epoch 5/30, Loss: 0.5746, Correct: 4390, Accuracy: 0.7996
Shadow Model 75/80, Epoch 6/30, Loss: 0.4849, Correct: 4525, Accuracy: 0.8242
Shadow Model 75/80, Epoch 7/30, Loss: 0.4660, Correct: 4586, Accuracy: 0.8353
Shadow Model 75/80, Epoch 8/30, Loss: 0.4028, Correct: 4716, Accuracy: 0.8590
Shadow Model 75/80, Epoch 9/30, Loss: 0.3591, Correct: 4779, Accuracy: 0.8705
Shadow Model 75/80, Epoch 10/30, Loss: 0.3010, Correct: 4908, Accuracy: 0.8940
Shadow Model 75/80, Epoch 11/30, Loss: 0.3038, Correct: 4905, Accuracy: 0.8934
Shadow Model 75/80, Epoch 12/30, Loss: 0.2608, Correct: 4969, Accuracy: 0.9051
Shadow Model 75/80, Epoch 13/30, Loss: 0.2263, Correct: 5039, Accuracy: 0.9179
Shadow Model 75/80, Epoch 14/30, Loss: 0.2198, Correct: 5066, Accuracy: 0.9228
Shadow Model 75/80, Epoch 15/30, Loss: 0.1851, Correct: 5144, Accuracy: 0.9370
Shadow Model 75/80, Epoch 16/30, Loss: 0.1580, Correct: 5201, Accuracy: 0.9474
Shadow Model 75/80, Epoch 17/30, Loss: 0.1422, Correct: 5225, Accuracy: 0.9517
Shadow Model 75/80, Epoch 18/30, Loss: 0.1132, Correct: 5280, Accuracy: 0.9617
Shadow Model 75/80, Epoch 19/30, Loss: 0.1028, Correct: 5295, Accuracy: 0.9645
Shadow Model 75/80, Epoch 20/30, Loss: 0.0763, Correct: 5355, Accuracy: 0.9754
Shadow Model 75/80, Epoch 21/30, Loss: 0.1033, Correct: 5320, Accuracy: 0.9690
Shadow Model 75/80, Epoch 22/30, Loss: 0.1170, Correct: 5283, Accuracy: 0.9623
Shadow Model 75/80, Epoch 23/30, Loss: 0.0714, Correct: 5367, Accuracy: 0.9776
Shadow Model 75/80, Epoch 24/30, Loss: 0.0542, Correct: 5394, Accuracy: 0.9825
Shadow Model 75/80, Epoch 25/30, Loss: 0.0553, Correct: 5398, Accuracy: 0.9832
Shadow Model 75/80, Epoch 26/30, Loss: 0.0454, Correct: 5409, Accuracy: 0.9852
Shadow Model 75/80, Epoch 27/30, Loss: 0.0427, Correct: 5409, Accuracy: 0.9852
Shadow Model 75/80, Epoch 28/30, Loss: 0.0424, Correct: 5403, Accuracy: 0.9842
Shadow Model 75/80, Epoch 29/30, Loss: 0.0704, Correct: 5359, Accuracy: 0.9761
Shadow Model 75/80, Epoch 30/30, Loss: 0.0425, Correct: 5412, Accuracy: 0.9858
  Min count per (class, membership) group: 610
  Samples per group selected as IN: 305
  Class 0 | membership=0: 761 total → 305 IN selected
  Class 0 | membership=1: 754 total → 305 IN selected
  Class 1 | membership=0: 774 total → 305 IN selected
  Class 1 | membership=1: 774 total → 305 IN selected
  Class 2 | membership=0: 750 total → 305 IN selected
  Class 2 | membership=1: 796 total → 305 IN selected
  Class 3 | membership=0: 783 total → 305 IN selected
  Class 3 | membership=1: 798 total → 305 IN selected
  Class 4 | membership=0: 688 total → 305 IN selected
  Class 4 | membership=1: 660 total → 305 IN selected
  Class 5 | membership=0: 897 total → 305 IN selected
  Class 5 | membership=1: 898 total → 305 IN selected
  Class 6 | membership=0: 612 total → 305 IN selected
  Class 6 | membership=1: 610 total → 305 IN selected
  Class 7 | membership=0: 740 total → 305 IN selected
  Class 7 | membership=1: 665 total → 305 IN selected
  Class 8 | membership=0: 995 total → 305 IN selected
  Class 8 | membership=1: 1045 total → 305 IN selected
Shadow Model 76/80, Epoch 1/30, Loss: 1.1491, Correct: 3089, Accuracy: 0.5627
Shadow Model 76/80, Epoch 2/30, Loss: 0.8666, Correct: 3687, Accuracy: 0.6716
Shadow Model 76/80, Epoch 3/30, Loss: 0.7512, Correct: 4026, Accuracy: 0.7333
Shadow Model 76/80, Epoch 4/30, Loss: 0.6287, Correct: 4254, Accuracy: 0.7749
Shadow Model 76/80, Epoch 5/30, Loss: 0.5975, Correct: 4317, Accuracy: 0.7863
Shadow Model 76/80, Epoch 6/30, Loss: 0.5344, Correct: 4436, Accuracy: 0.8080
Shadow Model 76/80, Epoch 7/30, Loss: 0.4629, Correct: 4596, Accuracy: 0.8372
Shadow Model 76/80, Epoch 8/30, Loss: 0.3996, Correct: 4701, Accuracy: 0.8563
Shadow Model 76/80, Epoch 9/30, Loss: 0.3714, Correct: 4747, Accuracy: 0.8647
Shadow Model 76/80, Epoch 10/30, Loss: 0.3616, Correct: 4777, Accuracy: 0.8701
Shadow Model 76/80, Epoch 11/30, Loss: 0.2947, Correct: 4922, Accuracy: 0.8965
Shadow Model 76/80, Epoch 12/30, Loss: 0.2758, Correct: 4931, Accuracy: 0.8982
Shadow Model 76/80, Epoch 13/30, Loss: 0.2481, Correct: 5021, Accuracy: 0.9146
Shadow Model 76/80, Epoch 14/30, Loss: 0.2298, Correct: 5041, Accuracy: 0.9182
Shadow Model 76/80, Epoch 15/30, Loss: 0.1857, Correct: 5137, Accuracy: 0.9357
Shadow Model 76/80, Epoch 16/30, Loss: 0.1551, Correct: 5187, Accuracy: 0.9448
Shadow Model 76/80, Epoch 17/30, Loss: 0.1272, Correct: 5253, Accuracy: 0.9568
Shadow Model 76/80, Epoch 18/30, Loss: 0.0908, Correct: 5314, Accuracy: 0.9679
Shadow Model 76/80, Epoch 19/30, Loss: 0.1056, Correct: 5296, Accuracy: 0.9647
Shadow Model 76/80, Epoch 20/30, Loss: 0.0814, Correct: 5352, Accuracy: 0.9749
Shadow Model 76/80, Epoch 21/30, Loss: 0.0612, Correct: 5389, Accuracy: 0.9816
Shadow Model 76/80, Epoch 22/30, Loss: 0.0600, Correct: 5377, Accuracy: 0.9794
Shadow Model 76/80, Epoch 23/30, Loss: 0.0459, Correct: 5402, Accuracy: 0.9840
Shadow Model 76/80, Epoch 24/30, Loss: 0.0657, Correct: 5362, Accuracy: 0.9767
Shadow Model 76/80, Epoch 25/30, Loss: 0.1427, Correct: 5239, Accuracy: 0.9543
Shadow Model 76/80, Epoch 26/30, Loss: 0.0714, Correct: 5350, Accuracy: 0.9745
Shadow Model 76/80, Epoch 27/30, Loss: 0.0316, Correct: 5433, Accuracy: 0.9896
Shadow Model 76/80, Epoch 28/30, Loss: 0.0370, Correct: 5423, Accuracy: 0.9878
Shadow Model 76/80, Epoch 29/30, Loss: 0.0528, Correct: 5394, Accuracy: 0.9825
Shadow Model 76/80, Epoch 30/30, Loss: 0.0344, Correct: 5428, Accuracy: 0.9887
  Min count per (class, membership) group: 610
  Samples per group selected as IN: 305
  Class 0 | membership=0: 761 total → 305 IN selected
  Class 0 | membership=1: 754 total → 305 IN selected
  Class 1 | membership=0: 774 total → 305 IN selected
  Class 1 | membership=1: 774 total → 305 IN selected
  Class 2 | membership=0: 750 total → 305 IN selected
  Class 2 | membership=1: 796 total → 305 IN selected
  Class 3 | membership=0: 783 total → 305 IN selected
  Class 3 | membership=1: 798 total → 305 IN selected
  Class 4 | membership=0: 688 total → 305 IN selected
  Class 4 | membership=1: 660 total → 305 IN selected
  Class 5 | membership=0: 897 total → 305 IN selected
  Class 5 | membership=1: 898 total → 305 IN selected
  Class 6 | membership=0: 612 total → 305 IN selected
  Class 6 | membership=1: 610 total → 305 IN selected
  Class 7 | membership=0: 740 total → 305 IN selected
  Class 7 | membership=1: 665 total → 305 IN selected
  Class 8 | membership=0: 995 total → 305 IN selected
  Class 8 | membership=1: 1045 total → 305 IN selected
Shadow Model 77/80, Epoch 1/30, Loss: 1.1732, Correct: 3146, Accuracy: 0.5730
Shadow Model 77/80, Epoch 2/30, Loss: 0.8798, Correct: 3682, Accuracy: 0.6707
Shadow Model 77/80, Epoch 3/30, Loss: 0.7398, Correct: 4023, Accuracy: 0.7328
Shadow Model 77/80, Epoch 4/30, Loss: 0.6339, Correct: 4212, Accuracy: 0.7672
Shadow Model 77/80, Epoch 5/30, Loss: 0.5654, Correct: 4431, Accuracy: 0.8071
Shadow Model 77/80, Epoch 6/30, Loss: 0.5195, Correct: 4497, Accuracy: 0.8191
Shadow Model 77/80, Epoch 7/30, Loss: 0.4554, Correct: 4646, Accuracy: 0.8463
Shadow Model 77/80, Epoch 8/30, Loss: 0.4178, Correct: 4684, Accuracy: 0.8532
Shadow Model 77/80, Epoch 9/30, Loss: 0.3709, Correct: 4808, Accuracy: 0.8758
Shadow Model 77/80, Epoch 10/30, Loss: 0.3342, Correct: 4859, Accuracy: 0.8851
Shadow Model 77/80, Epoch 11/30, Loss: 0.2752, Correct: 4962, Accuracy: 0.9038
Shadow Model 77/80, Epoch 12/30, Loss: 0.2729, Correct: 4943, Accuracy: 0.9004
Shadow Model 77/80, Epoch 13/30, Loss: 0.2054, Correct: 5096, Accuracy: 0.9282
Shadow Model 77/80, Epoch 14/30, Loss: 0.1808, Correct: 5139, Accuracy: 0.9361
Shadow Model 77/80, Epoch 15/30, Loss: 0.1602, Correct: 5167, Accuracy: 0.9412
Shadow Model 77/80, Epoch 16/30, Loss: 0.1280, Correct: 5262, Accuracy: 0.9585
Shadow Model 77/80, Epoch 17/30, Loss: 0.1276, Correct: 5257, Accuracy: 0.9576
Shadow Model 77/80, Epoch 18/30, Loss: 0.1353, Correct: 5244, Accuracy: 0.9552
Shadow Model 77/80, Epoch 19/30, Loss: 0.0919, Correct: 5338, Accuracy: 0.9723
Shadow Model 77/80, Epoch 20/30, Loss: 0.0523, Correct: 5413, Accuracy: 0.9860
Shadow Model 77/80, Epoch 21/30, Loss: 0.0664, Correct: 5369, Accuracy: 0.9780
Shadow Model 77/80, Epoch 22/30, Loss: 0.0327, Correct: 5432, Accuracy: 0.9894
Shadow Model 77/80, Epoch 23/30, Loss: 0.0352, Correct: 5418, Accuracy: 0.9869
Shadow Model 77/80, Epoch 24/30, Loss: 0.0736, Correct: 5360, Accuracy: 0.9763
Shadow Model 77/80, Epoch 25/30, Loss: 0.0994, Correct: 5310, Accuracy: 0.9672
Shadow Model 77/80, Epoch 26/30, Loss: 0.0467, Correct: 5402, Accuracy: 0.9840
Shadow Model 77/80, Epoch 27/30, Loss: 0.0412, Correct: 5420, Accuracy: 0.9872
Shadow Model 77/80, Epoch 28/30, Loss: 0.0294, Correct: 5432, Accuracy: 0.9894
Shadow Model 77/80, Epoch 29/30, Loss: 0.0376, Correct: 5421, Accuracy: 0.9874
Shadow Model 77/80, Epoch 30/30, Loss: 0.0245, Correct: 5451, Accuracy: 0.9929
  Min count per (class, membership) group: 610
  Samples per group selected as IN: 305
  Class 0 | membership=0: 761 total → 305 IN selected
  Class 0 | membership=1: 754 total → 305 IN selected
  Class 1 | membership=0: 774 total → 305 IN selected
  Class 1 | membership=1: 774 total → 305 IN selected
  Class 2 | membership=0: 750 total → 305 IN selected
  Class 2 | membership=1: 796 total → 305 IN selected
  Class 3 | membership=0: 783 total → 305 IN selected
  Class 3 | membership=1: 798 total → 305 IN selected
  Class 4 | membership=0: 688 total → 305 IN selected
  Class 4 | membership=1: 660 total → 305 IN selected
  Class 5 | membership=0: 897 total → 305 IN selected
  Class 5 | membership=1: 898 total → 305 IN selected
  Class 6 | membership=0: 612 total → 305 IN selected
  Class 6 | membership=1: 610 total → 305 IN selected
  Class 7 | membership=0: 740 total → 305 IN selected
  Class 7 | membership=1: 665 total → 305 IN selected
  Class 8 | membership=0: 995 total → 305 IN selected
  Class 8 | membership=1: 1045 total → 305 IN selected
Shadow Model 78/80, Epoch 1/30, Loss: 1.2114, Correct: 3013, Accuracy: 0.5488
Shadow Model 78/80, Epoch 2/30, Loss: 0.8760, Correct: 3687, Accuracy: 0.6716
Shadow Model 78/80, Epoch 3/30, Loss: 0.7573, Correct: 3976, Accuracy: 0.7242
Shadow Model 78/80, Epoch 4/30, Loss: 0.6509, Correct: 4194, Accuracy: 0.7639
Shadow Model 78/80, Epoch 5/30, Loss: 0.5818, Correct: 4332, Accuracy: 0.7891
Shadow Model 78/80, Epoch 6/30, Loss: 0.5365, Correct: 4412, Accuracy: 0.8036
Shadow Model 78/80, Epoch 7/30, Loss: 0.4542, Correct: 4589, Accuracy: 0.8359
Shadow Model 78/80, Epoch 8/30, Loss: 0.4429, Correct: 4599, Accuracy: 0.8377
Shadow Model 78/80, Epoch 9/30, Loss: 0.3587, Correct: 4771, Accuracy: 0.8690
Shadow Model 78/80, Epoch 10/30, Loss: 0.3617, Correct: 4777, Accuracy: 0.8701
Shadow Model 78/80, Epoch 11/30, Loss: 0.2850, Correct: 4939, Accuracy: 0.8996
Shadow Model 78/80, Epoch 12/30, Loss: 0.2402, Correct: 4984, Accuracy: 0.9078
Shadow Model 78/80, Epoch 13/30, Loss: 0.2055, Correct: 5094, Accuracy: 0.9279
Shadow Model 78/80, Epoch 14/30, Loss: 0.2026, Correct: 5094, Accuracy: 0.9279
Shadow Model 78/80, Epoch 15/30, Loss: 0.1970, Correct: 5109, Accuracy: 0.9306
Shadow Model 78/80, Epoch 16/30, Loss: 0.1550, Correct: 5196, Accuracy: 0.9464
Shadow Model 78/80, Epoch 17/30, Loss: 0.1043, Correct: 5292, Accuracy: 0.9639
Shadow Model 78/80, Epoch 18/30, Loss: 0.0999, Correct: 5311, Accuracy: 0.9674
Shadow Model 78/80, Epoch 19/30, Loss: 0.0713, Correct: 5346, Accuracy: 0.9738
Shadow Model 78/80, Epoch 20/30, Loss: 0.1384, Correct: 5210, Accuracy: 0.9490
Shadow Model 78/80, Epoch 21/30, Loss: 0.0699, Correct: 5352, Accuracy: 0.9749
Shadow Model 78/80, Epoch 22/30, Loss: 0.0718, Correct: 5357, Accuracy: 0.9758
Shadow Model 78/80, Epoch 23/30, Loss: 0.0551, Correct: 5384, Accuracy: 0.9807
Shadow Model 78/80, Epoch 24/30, Loss: 0.0514, Correct: 5385, Accuracy: 0.9809
Shadow Model 78/80, Epoch 25/30, Loss: 0.0416, Correct: 5414, Accuracy: 0.9862
Shadow Model 78/80, Epoch 26/30, Loss: 0.0596, Correct: 5376, Accuracy: 0.9792
Shadow Model 78/80, Epoch 27/30, Loss: 0.0365, Correct: 5434, Accuracy: 0.9898
Shadow Model 78/80, Epoch 28/30, Loss: 0.0267, Correct: 5444, Accuracy: 0.9916
Shadow Model 78/80, Epoch 29/30, Loss: 0.0223, Correct: 5449, Accuracy: 0.9925
Shadow Model 78/80, Epoch 30/30, Loss: 0.0310, Correct: 5430, Accuracy: 0.9891
  Min count per (class, membership) group: 610
  Samples per group selected as IN: 305
  Class 0 | membership=0: 761 total → 305 IN selected
  Class 0 | membership=1: 754 total → 305 IN selected
  Class 1 | membership=0: 774 total → 305 IN selected
  Class 1 | membership=1: 774 total → 305 IN selected
  Class 2 | membership=0: 750 total → 305 IN selected
  Class 2 | membership=1: 796 total → 305 IN selected
  Class 3 | membership=0: 783 total → 305 IN selected
  Class 3 | membership=1: 798 total → 305 IN selected
  Class 4 | membership=0: 688 total → 305 IN selected
  Class 4 | membership=1: 660 total → 305 IN selected
  Class 5 | membership=0: 897 total → 305 IN selected
  Class 5 | membership=1: 898 total → 305 IN selected
  Class 6 | membership=0: 612 total → 305 IN selected
  Class 6 | membership=1: 610 total → 305 IN selected
  Class 7 | membership=0: 740 total → 305 IN selected
  Class 7 | membership=1: 665 total → 305 IN selected
  Class 8 | membership=0: 995 total → 305 IN selected
  Class 8 | membership=1: 1045 total → 305 IN selected
Shadow Model 79/80, Epoch 1/30, Loss: 1.1564, Correct: 3226, Accuracy: 0.5876
Shadow Model 79/80, Epoch 2/30, Loss: 0.8711, Correct: 3731, Accuracy: 0.6796
Shadow Model 79/80, Epoch 3/30, Loss: 0.7493, Correct: 3986, Accuracy: 0.7260
Shadow Model 79/80, Epoch 4/30, Loss: 0.6818, Correct: 4170, Accuracy: 0.7596
Shadow Model 79/80, Epoch 5/30, Loss: 0.6468, Correct: 4204, Accuracy: 0.7658
Shadow Model 79/80, Epoch 6/30, Loss: 0.5491, Correct: 4413, Accuracy: 0.8038
Shadow Model 79/80, Epoch 7/30, Loss: 0.4929, Correct: 4534, Accuracy: 0.8259
Shadow Model 79/80, Epoch 8/30, Loss: 0.4715, Correct: 4559, Accuracy: 0.8304
Shadow Model 79/80, Epoch 9/30, Loss: 0.4022, Correct: 4688, Accuracy: 0.8539
Shadow Model 79/80, Epoch 10/30, Loss: 0.3762, Correct: 4733, Accuracy: 0.8621
Shadow Model 79/80, Epoch 11/30, Loss: 0.3237, Correct: 4850, Accuracy: 0.8834
Shadow Model 79/80, Epoch 12/30, Loss: 0.2809, Correct: 4965, Accuracy: 0.9044
Shadow Model 79/80, Epoch 13/30, Loss: 0.2694, Correct: 4971, Accuracy: 0.9055
Shadow Model 79/80, Epoch 14/30, Loss: 0.2339, Correct: 5029, Accuracy: 0.9160
Shadow Model 79/80, Epoch 15/30, Loss: 0.2146, Correct: 5073, Accuracy: 0.9240
Shadow Model 79/80, Epoch 16/30, Loss: 0.1963, Correct: 5125, Accuracy: 0.9335
Shadow Model 79/80, Epoch 17/30, Loss: 0.1238, Correct: 5274, Accuracy: 0.9607
Shadow Model 79/80, Epoch 18/30, Loss: 0.0998, Correct: 5297, Accuracy: 0.9648
Shadow Model 79/80, Epoch 19/30, Loss: 0.0944, Correct: 5292, Accuracy: 0.9639
Shadow Model 79/80, Epoch 20/30, Loss: 0.1416, Correct: 5247, Accuracy: 0.9557
Shadow Model 79/80, Epoch 21/30, Loss: 0.0980, Correct: 5325, Accuracy: 0.9699
Shadow Model 79/80, Epoch 22/30, Loss: 0.0567, Correct: 5389, Accuracy: 0.9816
Shadow Model 79/80, Epoch 23/30, Loss: 0.0415, Correct: 5413, Accuracy: 0.9860
Shadow Model 79/80, Epoch 24/30, Loss: 0.0845, Correct: 5334, Accuracy: 0.9716
Shadow Model 79/80, Epoch 25/30, Loss: 0.1021, Correct: 5311, Accuracy: 0.9674
Shadow Model 79/80, Epoch 26/30, Loss: 0.0515, Correct: 5403, Accuracy: 0.9842
Shadow Model 79/80, Epoch 27/30, Loss: 0.0397, Correct: 5423, Accuracy: 0.9878
Shadow Model 79/80, Epoch 28/30, Loss: 0.0361, Correct: 5430, Accuracy: 0.9891
Shadow Model 79/80, Epoch 29/30, Loss: 0.0323, Correct: 5429, Accuracy: 0.9889
Shadow Model 79/80, Epoch 30/30, Loss: 0.0350, Correct: 5431, Accuracy: 0.9893
  Min count per (class, membership) group: 610
  Samples per group selected as IN: 305
  Class 0 | membership=0: 761 total → 305 IN selected
  Class 0 | membership=1: 754 total → 305 IN selected
  Class 1 | membership=0: 774 total → 305 IN selected
  Class 1 | membership=1: 774 total → 305 IN selected
  Class 2 | membership=0: 750 total → 305 IN selected
  Class 2 | membership=1: 796 total → 305 IN selected
  Class 3 | membership=0: 783 total → 305 IN selected
  Class 3 | membership=1: 798 total → 305 IN selected
  Class 4 | membership=0: 688 total → 305 IN selected
  Class 4 | membership=1: 660 total → 305 IN selected
  Class 5 | membership=0: 897 total → 305 IN selected
  Class 5 | membership=1: 898 total → 305 IN selected
  Class 6 | membership=0: 612 total → 305 IN selected
  Class 6 | membership=1: 610 total → 305 IN selected
  Class 7 | membership=0: 740 total → 305 IN selected
  Class 7 | membership=1: 665 total → 305 IN selected
  Class 8 | membership=0: 995 total → 305 IN selected
  Class 8 | membership=1: 1045 total → 305 IN selected
Shadow Model 80/80, Epoch 1/30, Loss: 1.1661, Correct: 3150, Accuracy: 0.5738
Shadow Model 80/80, Epoch 2/30, Loss: 0.8652, Correct: 3735, Accuracy: 0.6803
Shadow Model 80/80, Epoch 3/30, Loss: 0.7097, Correct: 4072, Accuracy: 0.7417
Shadow Model 80/80, Epoch 4/30, Loss: 0.6539, Correct: 4223, Accuracy: 0.7692
Shadow Model 80/80, Epoch 5/30, Loss: 0.5304, Correct: 4446, Accuracy: 0.8098
Shadow Model 80/80, Epoch 6/30, Loss: 0.5175, Correct: 4481, Accuracy: 0.8162
Shadow Model 80/80, Epoch 7/30, Loss: 0.4490, Correct: 4622, Accuracy: 0.8419
Shadow Model 80/80, Epoch 8/30, Loss: 0.4242, Correct: 4686, Accuracy: 0.8536
Shadow Model 80/80, Epoch 9/30, Loss: 0.3691, Correct: 4763, Accuracy: 0.8676
Shadow Model 80/80, Epoch 10/30, Loss: 0.3241, Correct: 4855, Accuracy: 0.8843
Shadow Model 80/80, Epoch 11/30, Loss: 0.2722, Correct: 4965, Accuracy: 0.9044
Shadow Model 80/80, Epoch 12/30, Loss: 0.2669, Correct: 4990, Accuracy: 0.9089
Shadow Model 80/80, Epoch 13/30, Loss: 0.2261, Correct: 5057, Accuracy: 0.9211
Shadow Model 80/80, Epoch 14/30, Loss: 0.2108, Correct: 5075, Accuracy: 0.9244
Shadow Model 80/80, Epoch 15/30, Loss: 0.1727, Correct: 5137, Accuracy: 0.9357
Shadow Model 80/80, Epoch 16/30, Loss: 0.1645, Correct: 5163, Accuracy: 0.9404
Shadow Model 80/80, Epoch 17/30, Loss: 0.1068, Correct: 5289, Accuracy: 0.9634
Shadow Model 80/80, Epoch 18/30, Loss: 0.0963, Correct: 5307, Accuracy: 0.9667
Shadow Model 80/80, Epoch 19/30, Loss: 0.1447, Correct: 5213, Accuracy: 0.9495
Shadow Model 80/80, Epoch 20/30, Loss: 0.1107, Correct: 5286, Accuracy: 0.9628
Shadow Model 80/80, Epoch 21/30, Loss: 0.0510, Correct: 5407, Accuracy: 0.9849
Shadow Model 80/80, Epoch 22/30, Loss: 0.0473, Correct: 5400, Accuracy: 0.9836
Shadow Model 80/80, Epoch 23/30, Loss: 0.0361, Correct: 5420, Accuracy: 0.9872
Shadow Model 80/80, Epoch 24/30, Loss: 0.0505, Correct: 5405, Accuracy: 0.9845
Shadow Model 80/80, Epoch 25/30, Loss: 0.0826, Correct: 5355, Accuracy: 0.9754
Shadow Model 80/80, Epoch 26/30, Loss: 0.0420, Correct: 5416, Accuracy: 0.9865
Shadow Model 80/80, Epoch 27/30, Loss: 0.0448, Correct: 5407, Accuracy: 0.9849
Shadow Model 80/80, Epoch 28/30, Loss: 0.0537, Correct: 5384, Accuracy: 0.9807
Shadow Model 80/80, Epoch 29/30, Loss: 0.0289, Correct: 5438, Accuracy: 0.9905
Shadow Model 80/80, Epoch 30/30, Loss: 0.0141, Correct: 5468, Accuracy: 0.9960
Min count per class (IN or OUT): 48800
Attack X per class distribution before balancing: {np.int64(8): {'in': 48800, 'out': 114400}, np.int64(2): {'in': 48800, 'out': 74880}, np.int64(0): {'in': 48800, 'out': 72400}, np.int64(4): {'in': 48800, 'out': 59040}, np.int64(3): {'in': 48800, 'out': 77680}, np.int64(1): {'in': 48800, 'out': 75040}, np.int64(7): {'in': 48800, 'out': 63600}, np.int64(6): {'in': 48800, 'out': 48960}, np.int64(5): {'in': 48800, 'out': 94800}}
Class 0: 48800 IN + 48800 OUT = 97600 total
Class 1: 48800 IN + 48800 OUT = 97600 total
Class 2: 48800 IN + 48800 OUT = 97600 total
Class 3: 48800 IN + 48800 OUT = 97600 total
Class 4: 48800 IN + 48800 OUT = 97600 total
Class 5: 48800 IN + 48800 OUT = 97600 total
Class 6: 48800 IN + 48800 OUT = 97600 total
Class 7: 48800 IN + 48800 OUT = 97600 total
Class 8: 48800 IN + 48800 OUT = 97600 total

--- Attack Dataset ---
(878400, 10) (878400,)
Attack training set: (702720, 10), (702720,)
Attack validation set: (175680, 10), (175680,)

--- Training Attack Model ---
Initializing attack model, optimizer
Starting attack model training loop
Epoch 1/20 | Val Loss: 0.6430 Acc: 0.6130 | AUC: 0.6311 TPR@5%FPR: 0.0614
Epoch 2/20 | Val Loss: 0.6402 Acc: 0.6134 | AUC: 0.6312 TPR@5%FPR: 0.0623
Epoch 3/20 | Val Loss: 0.6401 Acc: 0.6133 | AUC: 0.6312 TPR@5%FPR: 0.0595
Epoch 4/20 | Val Loss: 0.6403 Acc: 0.6135 | AUC: 0.6312 TPR@5%FPR: 0.0620
Epoch 5/20 | Val Loss: 0.6397 Acc: 0.6134 | AUC: 0.6312 TPR@5%FPR: 0.0615
Epoch 6/20 | Val Loss: 0.6406 Acc: 0.6133 | AUC: 0.6312 TPR@5%FPR: 0.0614
Epoch 7/20 | Val Loss: 0.6416 Acc: 0.6132 | AUC: 0.6313 TPR@5%FPR: 0.0619
Epoch 8/20 | Val Loss: 0.6405 Acc: 0.6134 | AUC: 0.6312 TPR@5%FPR: 0.0621
Epoch 9/20 | Val Loss: 0.6402 Acc: 0.6134 | AUC: 0.6313 TPR@5%FPR: 0.0622
Epoch 10/20 | Val Loss: 0.6402 Acc: 0.6133 | AUC: 0.6314 TPR@5%FPR: 0.0597
Epoch 11/20 | Val Loss: 0.6420 Acc: 0.6132 | AUC: 0.6312 TPR@5%FPR: 0.0603
Epoch 12/20 | Val Loss: 0.6413 Acc: 0.6133 | AUC: 0.6312 TPR@5%FPR: 0.0600
Epoch 13/20 | Val Loss: 0.6400 Acc: 0.6132 | AUC: 0.6316 TPR@5%FPR: 0.0596
Epoch 14/20 | Val Loss: 0.6402 Acc: 0.6133 | AUC: 0.6313 TPR@5%FPR: 0.0619
Epoch 15/20 | Val Loss: 0.6395 Acc: 0.6135 | AUC: 0.6313 TPR@5%FPR: 0.0618
Epoch 16/20 | Val Loss: 0.6404 Acc: 0.6129 | AUC: 0.6313 TPR@5%FPR: 0.0612
Epoch 17/20 | Val Loss: 0.6400 Acc: 0.6136 | AUC: 0.6314 TPR@5%FPR: 0.0629
Epoch 18/20 | Val Loss: 0.6406 Acc: 0.6131 | AUC: 0.6314 TPR@5%FPR: 0.0621
Epoch 19/20 | Val Loss: 0.6404 Acc: 0.6132 | AUC: 0.6315 TPR@5%FPR: 0.0612
Epoch 20/20 | Val Loss: 0.6442 Acc: 0.6128 | AUC: 0.6315 TPR@5%FPR: 0.0553
Loading model...

--- Predicting Membership ---
Saved: /scratch/bjoshi/TML/submission.csv
Successfully submitted.
Server response: {'submission_id': 984, 'status': 'success', 'message': 'Submission evaluated successfully! Check the leaderboard to see your score.'}
Submission ID: 984
