no change     /scratch/bjoshi/miniconda3/condabin/conda
no change     /scratch/bjoshi/miniconda3/bin/conda
no change     /scratch/bjoshi/miniconda3/bin/conda-env
no change     /scratch/bjoshi/miniconda3/bin/activate
no change     /scratch/bjoshi/miniconda3/bin/deactivate
no change     /scratch/bjoshi/miniconda3/etc/profile.d/conda.sh
no change     /scratch/bjoshi/miniconda3/etc/fish/conf.d/conda.fish
no change     /scratch/bjoshi/miniconda3/shell/condabin/Conda.psm1
no change     /scratch/bjoshi/miniconda3/shell/condabin/conda-hook.ps1
no change     /scratch/bjoshi/miniconda3/lib/python3.13/site-packages/xontrib/conda.xsh
no change     /scratch/bjoshi/miniconda3/etc/profile.d/conda.csh
no change     /nethome/bjoshi/.bashrc
No action taken.
Loading datasets...

--- Training 80 Shadow Models ---
Shadow Model 1/80, Epoch 1/20, Loss: 1.1184, Correct: 4126, Accuracy: 0.5894
Shadow Model 1/80, Epoch 2/20, Loss: 0.7653, Correct: 5049, Accuracy: 0.7213
Shadow Model 1/80, Epoch 3/20, Loss: 0.7207, Correct: 5220, Accuracy: 0.7457
Shadow Model 1/80, Epoch 4/20, Loss: 0.6025, Correct: 5505, Accuracy: 0.7864
Shadow Model 1/80, Epoch 5/20, Loss: 0.5207, Correct: 5688, Accuracy: 0.8126
Shadow Model 1/80, Epoch 6/20, Loss: 0.4705, Correct: 5828, Accuracy: 0.8326
Shadow Model 1/80, Epoch 7/20, Loss: 0.4279, Correct: 5969, Accuracy: 0.8527
Shadow Model 1/80, Epoch 8/20, Loss: 0.3975, Correct: 6028, Accuracy: 0.8611
Shadow Model 1/80, Epoch 9/20, Loss: 0.3368, Correct: 6167, Accuracy: 0.8810
Shadow Model 1/80, Epoch 10/20, Loss: 0.3125, Correct: 6246, Accuracy: 0.8923
Shadow Model 1/80, Epoch 11/20, Loss: 0.2605, Correct: 6373, Accuracy: 0.9104
Shadow Model 1/80, Epoch 12/20, Loss: 0.2370, Correct: 6431, Accuracy: 0.9187
Shadow Model 1/80, Epoch 13/20, Loss: 0.2231, Correct: 6451, Accuracy: 0.9216
Shadow Model 1/80, Epoch 14/20, Loss: 0.1730, Correct: 6579, Accuracy: 0.9399
Shadow Model 1/80, Epoch 15/20, Loss: 0.1621, Correct: 6605, Accuracy: 0.9436
Shadow Model 1/80, Epoch 16/20, Loss: 0.1372, Correct: 6683, Accuracy: 0.9547
Shadow Model 1/80, Epoch 17/20, Loss: 0.1004, Correct: 6772, Accuracy: 0.9674
Shadow Model 1/80, Epoch 18/20, Loss: 0.1044, Correct: 6754, Accuracy: 0.9649
Shadow Model 1/80, Epoch 19/20, Loss: 0.0684, Correct: 6840, Accuracy: 0.9771
Shadow Model 1/80, Epoch 20/20, Loss: 0.0797, Correct: 6817, Accuracy: 0.9739
Shadow Model 2/80, Epoch 1/20, Loss: 1.0974, Correct: 4169, Accuracy: 0.5956
Shadow Model 2/80, Epoch 2/20, Loss: 0.8095, Correct: 4966, Accuracy: 0.7094
Shadow Model 2/80, Epoch 3/20, Loss: 0.6709, Correct: 5336, Accuracy: 0.7623
Shadow Model 2/80, Epoch 4/20, Loss: 0.5762, Correct: 5574, Accuracy: 0.7963
Shadow Model 2/80, Epoch 5/20, Loss: 0.5049, Correct: 5749, Accuracy: 0.8213
Shadow Model 2/80, Epoch 6/20, Loss: 0.4374, Correct: 5902, Accuracy: 0.8431
Shadow Model 2/80, Epoch 7/20, Loss: 0.4058, Correct: 6014, Accuracy: 0.8591
Shadow Model 2/80, Epoch 8/20, Loss: 0.3778, Correct: 6053, Accuracy: 0.8647
Shadow Model 2/80, Epoch 9/20, Loss: 0.3062, Correct: 6213, Accuracy: 0.8876
Shadow Model 2/80, Epoch 10/20, Loss: 0.3669, Correct: 6164, Accuracy: 0.8806
Shadow Model 2/80, Epoch 11/20, Loss: 0.2574, Correct: 6361, Accuracy: 0.9087
Shadow Model 2/80, Epoch 12/20, Loss: 0.2482, Correct: 6379, Accuracy: 0.9113
Shadow Model 2/80, Epoch 13/20, Loss: 0.1880, Correct: 6558, Accuracy: 0.9369
Shadow Model 2/80, Epoch 14/20, Loss: 0.1647, Correct: 6616, Accuracy: 0.9451
Shadow Model 2/80, Epoch 15/20, Loss: 0.1340, Correct: 6662, Accuracy: 0.9517
Shadow Model 2/80, Epoch 16/20, Loss: 0.1216, Correct: 6711, Accuracy: 0.9587
Shadow Model 2/80, Epoch 17/20, Loss: 0.1231, Correct: 6716, Accuracy: 0.9594
Shadow Model 2/80, Epoch 18/20, Loss: 0.0918, Correct: 6776, Accuracy: 0.9680
Shadow Model 2/80, Epoch 19/20, Loss: 0.0823, Correct: 6795, Accuracy: 0.9707
Shadow Model 2/80, Epoch 20/20, Loss: 0.0708, Correct: 6831, Accuracy: 0.9759
Shadow Model 3/80, Epoch 1/20, Loss: 1.1247, Correct: 4169, Accuracy: 0.5956
Shadow Model 3/80, Epoch 2/20, Loss: 0.8144, Correct: 4945, Accuracy: 0.7064
Shadow Model 3/80, Epoch 3/20, Loss: 0.6856, Correct: 5292, Accuracy: 0.7560
Shadow Model 3/80, Epoch 4/20, Loss: 0.6051, Correct: 5506, Accuracy: 0.7866
Shadow Model 3/80, Epoch 5/20, Loss: 0.5676, Correct: 5642, Accuracy: 0.8060
Shadow Model 3/80, Epoch 6/20, Loss: 0.4694, Correct: 5852, Accuracy: 0.8360
Shadow Model 3/80, Epoch 7/20, Loss: 0.4263, Correct: 5934, Accuracy: 0.8477
Shadow Model 3/80, Epoch 8/20, Loss: 0.3594, Correct: 6107, Accuracy: 0.8724
Shadow Model 3/80, Epoch 9/20, Loss: 0.3363, Correct: 6158, Accuracy: 0.8797
Shadow Model 3/80, Epoch 10/20, Loss: 0.3045, Correct: 6251, Accuracy: 0.8930
Shadow Model 3/80, Epoch 11/20, Loss: 0.2581, Correct: 6335, Accuracy: 0.9050
Shadow Model 3/80, Epoch 12/20, Loss: 0.2036, Correct: 6490, Accuracy: 0.9271
Shadow Model 3/80, Epoch 13/20, Loss: 0.1867, Correct: 6537, Accuracy: 0.9339
Shadow Model 3/80, Epoch 14/20, Loss: 0.1929, Correct: 6547, Accuracy: 0.9353
Shadow Model 3/80, Epoch 15/20, Loss: 0.1501, Correct: 6662, Accuracy: 0.9517
Shadow Model 3/80, Epoch 16/20, Loss: 0.1227, Correct: 6711, Accuracy: 0.9587
Shadow Model 3/80, Epoch 17/20, Loss: 0.1261, Correct: 6700, Accuracy: 0.9571
Shadow Model 3/80, Epoch 18/20, Loss: 0.1015, Correct: 6769, Accuracy: 0.9670
Shadow Model 3/80, Epoch 19/20, Loss: 0.0755, Correct: 6819, Accuracy: 0.9741
Shadow Model 3/80, Epoch 20/20, Loss: 0.0887, Correct: 6793, Accuracy: 0.9704
Shadow Model 4/80, Epoch 1/20, Loss: 1.1030, Correct: 4202, Accuracy: 0.6003
Shadow Model 4/80, Epoch 2/20, Loss: 0.8353, Correct: 4861, Accuracy: 0.6944
Shadow Model 4/80, Epoch 3/20, Loss: 0.7163, Correct: 5208, Accuracy: 0.7440
Shadow Model 4/80, Epoch 4/20, Loss: 0.5722, Correct: 5567, Accuracy: 0.7953
Shadow Model 4/80, Epoch 5/20, Loss: 0.5108, Correct: 5723, Accuracy: 0.8176
Shadow Model 4/80, Epoch 6/20, Loss: 0.4876, Correct: 5782, Accuracy: 0.8260
Shadow Model 4/80, Epoch 7/20, Loss: 0.4043, Correct: 5962, Accuracy: 0.8517
Shadow Model 4/80, Epoch 8/20, Loss: 0.3866, Correct: 6016, Accuracy: 0.8594
Shadow Model 4/80, Epoch 9/20, Loss: 0.3380, Correct: 6157, Accuracy: 0.8796
Shadow Model 4/80, Epoch 10/20, Loss: 0.3040, Correct: 6241, Accuracy: 0.8916
Shadow Model 4/80, Epoch 11/20, Loss: 0.2383, Correct: 6424, Accuracy: 0.9177
Shadow Model 4/80, Epoch 12/20, Loss: 0.2308, Correct: 6429, Accuracy: 0.9184
Shadow Model 4/80, Epoch 13/20, Loss: 0.1926, Correct: 6533, Accuracy: 0.9333
Shadow Model 4/80, Epoch 14/20, Loss: 0.1796, Correct: 6556, Accuracy: 0.9366
Shadow Model 4/80, Epoch 15/20, Loss: 0.1344, Correct: 6683, Accuracy: 0.9547
Shadow Model 4/80, Epoch 16/20, Loss: 0.1281, Correct: 6706, Accuracy: 0.9580
Shadow Model 4/80, Epoch 17/20, Loss: 0.0759, Correct: 6813, Accuracy: 0.9733
Shadow Model 4/80, Epoch 18/20, Loss: 0.0912, Correct: 6774, Accuracy: 0.9677
Shadow Model 4/80, Epoch 19/20, Loss: 0.0880, Correct: 6791, Accuracy: 0.9701
Shadow Model 4/80, Epoch 20/20, Loss: 0.0640, Correct: 6843, Accuracy: 0.9776
Shadow Model 5/80, Epoch 1/20, Loss: 1.1187, Correct: 4160, Accuracy: 0.5943
Shadow Model 5/80, Epoch 2/20, Loss: 0.8047, Correct: 4984, Accuracy: 0.7120
Shadow Model 5/80, Epoch 3/20, Loss: 0.6460, Correct: 5376, Accuracy: 0.7680
Shadow Model 5/80, Epoch 4/20, Loss: 0.5718, Correct: 5572, Accuracy: 0.7960
Shadow Model 5/80, Epoch 5/20, Loss: 0.5145, Correct: 5750, Accuracy: 0.8214
Shadow Model 5/80, Epoch 6/20, Loss: 0.4395, Correct: 5898, Accuracy: 0.8426
Shadow Model 5/80, Epoch 7/20, Loss: 0.3785, Correct: 6105, Accuracy: 0.8721
Shadow Model 5/80, Epoch 8/20, Loss: 0.3553, Correct: 6111, Accuracy: 0.8730
Shadow Model 5/80, Epoch 9/20, Loss: 0.3039, Correct: 6255, Accuracy: 0.8936
Shadow Model 5/80, Epoch 10/20, Loss: 0.2585, Correct: 6375, Accuracy: 0.9107
Shadow Model 5/80, Epoch 11/20, Loss: 0.2308, Correct: 6427, Accuracy: 0.9181
Shadow Model 5/80, Epoch 12/20, Loss: 0.1936, Correct: 6534, Accuracy: 0.9334
Shadow Model 5/80, Epoch 13/20, Loss: 0.2164, Correct: 6466, Accuracy: 0.9237
Shadow Model 5/80, Epoch 14/20, Loss: 0.2197, Correct: 6505, Accuracy: 0.9293
Shadow Model 5/80, Epoch 15/20, Loss: 0.1364, Correct: 6670, Accuracy: 0.9529
Shadow Model 5/80, Epoch 16/20, Loss: 0.0988, Correct: 6773, Accuracy: 0.9676
Shadow Model 5/80, Epoch 17/20, Loss: 0.0917, Correct: 6774, Accuracy: 0.9677
Shadow Model 5/80, Epoch 18/20, Loss: 0.0731, Correct: 6831, Accuracy: 0.9759
Shadow Model 5/80, Epoch 19/20, Loss: 0.0693, Correct: 6839, Accuracy: 0.9770
Shadow Model 5/80, Epoch 20/20, Loss: 0.0640, Correct: 6858, Accuracy: 0.9797
Shadow Model 6/80, Epoch 1/20, Loss: 1.0839, Correct: 4275, Accuracy: 0.6107
Shadow Model 6/80, Epoch 2/20, Loss: 0.8288, Correct: 4840, Accuracy: 0.6914
Shadow Model 6/80, Epoch 3/20, Loss: 0.6790, Correct: 5303, Accuracy: 0.7576
Shadow Model 6/80, Epoch 4/20, Loss: 0.6167, Correct: 5517, Accuracy: 0.7881
Shadow Model 6/80, Epoch 5/20, Loss: 0.5279, Correct: 5698, Accuracy: 0.8140
Shadow Model 6/80, Epoch 6/20, Loss: 0.4635, Correct: 5847, Accuracy: 0.8353
Shadow Model 6/80, Epoch 7/20, Loss: 0.4058, Correct: 6001, Accuracy: 0.8573
Shadow Model 6/80, Epoch 8/20, Loss: 0.3713, Correct: 6117, Accuracy: 0.8739
Shadow Model 6/80, Epoch 9/20, Loss: 0.3230, Correct: 6189, Accuracy: 0.8841
Shadow Model 6/80, Epoch 10/20, Loss: 0.3005, Correct: 6266, Accuracy: 0.8951
Shadow Model 6/80, Epoch 11/20, Loss: 0.2678, Correct: 6359, Accuracy: 0.9084
Shadow Model 6/80, Epoch 12/20, Loss: 0.2330, Correct: 6411, Accuracy: 0.9159
Shadow Model 6/80, Epoch 13/20, Loss: 0.2356, Correct: 6418, Accuracy: 0.9169
Shadow Model 6/80, Epoch 14/20, Loss: 0.2108, Correct: 6502, Accuracy: 0.9289
Shadow Model 6/80, Epoch 15/20, Loss: 0.1717, Correct: 6579, Accuracy: 0.9399
Shadow Model 6/80, Epoch 16/20, Loss: 0.1356, Correct: 6672, Accuracy: 0.9531
Shadow Model 6/80, Epoch 17/20, Loss: 0.1361, Correct: 6681, Accuracy: 0.9544
Shadow Model 6/80, Epoch 18/20, Loss: 0.0917, Correct: 6792, Accuracy: 0.9703
Shadow Model 6/80, Epoch 19/20, Loss: 0.0933, Correct: 6770, Accuracy: 0.9671
Shadow Model 6/80, Epoch 20/20, Loss: 0.0596, Correct: 6871, Accuracy: 0.9816
Shadow Model 7/80, Epoch 1/20, Loss: 1.1022, Correct: 4205, Accuracy: 0.6007
Shadow Model 7/80, Epoch 2/20, Loss: 0.8007, Correct: 4990, Accuracy: 0.7129
Shadow Model 7/80, Epoch 3/20, Loss: 0.7024, Correct: 5279, Accuracy: 0.7541
Shadow Model 7/80, Epoch 4/20, Loss: 0.5899, Correct: 5547, Accuracy: 0.7924
Shadow Model 7/80, Epoch 5/20, Loss: 0.4928, Correct: 5757, Accuracy: 0.8224
Shadow Model 7/80, Epoch 6/20, Loss: 0.4514, Correct: 5879, Accuracy: 0.8399
Shadow Model 7/80, Epoch 7/20, Loss: 0.4077, Correct: 6003, Accuracy: 0.8576
Shadow Model 7/80, Epoch 8/20, Loss: 0.3578, Correct: 6117, Accuracy: 0.8739
Shadow Model 7/80, Epoch 9/20, Loss: 0.3092, Correct: 6226, Accuracy: 0.8894
Shadow Model 7/80, Epoch 10/20, Loss: 0.3399, Correct: 6171, Accuracy: 0.8816
Shadow Model 7/80, Epoch 11/20, Loss: 0.2553, Correct: 6376, Accuracy: 0.9109
Shadow Model 7/80, Epoch 12/20, Loss: 0.2191, Correct: 6470, Accuracy: 0.9243
Shadow Model 7/80, Epoch 13/20, Loss: 0.1818, Correct: 6550, Accuracy: 0.9357
Shadow Model 7/80, Epoch 14/20, Loss: 0.1649, Correct: 6607, Accuracy: 0.9439
Shadow Model 7/80, Epoch 15/20, Loss: 0.1199, Correct: 6726, Accuracy: 0.9609
Shadow Model 7/80, Epoch 16/20, Loss: 0.1102, Correct: 6739, Accuracy: 0.9627
Shadow Model 7/80, Epoch 17/20, Loss: 0.1245, Correct: 6701, Accuracy: 0.9573
Shadow Model 7/80, Epoch 18/20, Loss: 0.0746, Correct: 6831, Accuracy: 0.9759
Shadow Model 7/80, Epoch 19/20, Loss: 0.0765, Correct: 6819, Accuracy: 0.9741
Shadow Model 7/80, Epoch 20/20, Loss: 0.0698, Correct: 6845, Accuracy: 0.9779
Shadow Model 8/80, Epoch 1/20, Loss: 1.0783, Correct: 4171, Accuracy: 0.5959
Shadow Model 8/80, Epoch 2/20, Loss: 0.8009, Correct: 4940, Accuracy: 0.7057
Shadow Model 8/80, Epoch 3/20, Loss: 0.6730, Correct: 5310, Accuracy: 0.7586
Shadow Model 8/80, Epoch 4/20, Loss: 0.5601, Correct: 5583, Accuracy: 0.7976
Shadow Model 8/80, Epoch 5/20, Loss: 0.5446, Correct: 5627, Accuracy: 0.8039
Shadow Model 8/80, Epoch 6/20, Loss: 0.4596, Correct: 5838, Accuracy: 0.8340
Shadow Model 8/80, Epoch 7/20, Loss: 0.4035, Correct: 5999, Accuracy: 0.8570
Shadow Model 8/80, Epoch 8/20, Loss: 0.3688, Correct: 6077, Accuracy: 0.8681
Shadow Model 8/80, Epoch 9/20, Loss: 0.3417, Correct: 6160, Accuracy: 0.8800
Shadow Model 8/80, Epoch 10/20, Loss: 0.2987, Correct: 6270, Accuracy: 0.8957
Shadow Model 8/80, Epoch 11/20, Loss: 0.2992, Correct: 6231, Accuracy: 0.8901
Shadow Model 8/80, Epoch 12/20, Loss: 0.2530, Correct: 6391, Accuracy: 0.9130
Shadow Model 8/80, Epoch 13/20, Loss: 0.2133, Correct: 6478, Accuracy: 0.9254
Shadow Model 8/80, Epoch 14/20, Loss: 0.1838, Correct: 6579, Accuracy: 0.9399
Shadow Model 8/80, Epoch 15/20, Loss: 0.1728, Correct: 6578, Accuracy: 0.9397
Shadow Model 8/80, Epoch 16/20, Loss: 0.1593, Correct: 6613, Accuracy: 0.9447
Shadow Model 8/80, Epoch 17/20, Loss: 0.0897, Correct: 6793, Accuracy: 0.9704
Shadow Model 8/80, Epoch 18/20, Loss: 0.1131, Correct: 6752, Accuracy: 0.9646
Shadow Model 8/80, Epoch 19/20, Loss: 0.1289, Correct: 6712, Accuracy: 0.9589
Shadow Model 8/80, Epoch 20/20, Loss: 0.0858, Correct: 6814, Accuracy: 0.9734
Shadow Model 9/80, Epoch 1/20, Loss: 1.0395, Correct: 4352, Accuracy: 0.6217
Shadow Model 9/80, Epoch 2/20, Loss: 0.7688, Correct: 5065, Accuracy: 0.7236
Shadow Model 9/80, Epoch 3/20, Loss: 0.6417, Correct: 5437, Accuracy: 0.7767
Shadow Model 9/80, Epoch 4/20, Loss: 0.5447, Correct: 5671, Accuracy: 0.8101
Shadow Model 9/80, Epoch 5/20, Loss: 0.4875, Correct: 5825, Accuracy: 0.8321
Shadow Model 9/80, Epoch 6/20, Loss: 0.4393, Correct: 5924, Accuracy: 0.8463
Shadow Model 9/80, Epoch 7/20, Loss: 0.3619, Correct: 6141, Accuracy: 0.8773
Shadow Model 9/80, Epoch 8/20, Loss: 0.3256, Correct: 6171, Accuracy: 0.8816
Shadow Model 9/80, Epoch 9/20, Loss: 0.2917, Correct: 6314, Accuracy: 0.9020
Shadow Model 9/80, Epoch 10/20, Loss: 0.2729, Correct: 6334, Accuracy: 0.9049
Shadow Model 9/80, Epoch 11/20, Loss: 0.2255, Correct: 6465, Accuracy: 0.9236
Shadow Model 9/80, Epoch 12/20, Loss: 0.2003, Correct: 6515, Accuracy: 0.9307
Shadow Model 9/80, Epoch 13/20, Loss: 0.1392, Correct: 6660, Accuracy: 0.9514
Shadow Model 9/80, Epoch 14/20, Loss: 0.1457, Correct: 6642, Accuracy: 0.9489
Shadow Model 9/80, Epoch 15/20, Loss: 0.1251, Correct: 6703, Accuracy: 0.9576
Shadow Model 9/80, Epoch 16/20, Loss: 0.1213, Correct: 6714, Accuracy: 0.9591
Shadow Model 9/80, Epoch 17/20, Loss: 0.0916, Correct: 6780, Accuracy: 0.9686
Shadow Model 9/80, Epoch 18/20, Loss: 0.0871, Correct: 6801, Accuracy: 0.9716
Shadow Model 9/80, Epoch 19/20, Loss: 0.0643, Correct: 6849, Accuracy: 0.9784
Shadow Model 9/80, Epoch 20/20, Loss: 0.0788, Correct: 6818, Accuracy: 0.9740
Shadow Model 10/80, Epoch 1/20, Loss: 1.1188, Correct: 4167, Accuracy: 0.5953
Shadow Model 10/80, Epoch 2/20, Loss: 0.8384, Correct: 4879, Accuracy: 0.6970
Shadow Model 10/80, Epoch 3/20, Loss: 0.6766, Correct: 5365, Accuracy: 0.7664
Shadow Model 10/80, Epoch 4/20, Loss: 0.5459, Correct: 5654, Accuracy: 0.8077
Shadow Model 10/80, Epoch 5/20, Loss: 0.4821, Correct: 5821, Accuracy: 0.8316
Shadow Model 10/80, Epoch 6/20, Loss: 0.4377, Correct: 5950, Accuracy: 0.8500
Shadow Model 10/80, Epoch 7/20, Loss: 0.3921, Correct: 6043, Accuracy: 0.8633
Shadow Model 10/80, Epoch 8/20, Loss: 0.3446, Correct: 6136, Accuracy: 0.8766
Shadow Model 10/80, Epoch 9/20, Loss: 0.3002, Correct: 6260, Accuracy: 0.8943
Shadow Model 10/80, Epoch 10/20, Loss: 0.2651, Correct: 6328, Accuracy: 0.9040
Shadow Model 10/80, Epoch 11/20, Loss: 0.2104, Correct: 6489, Accuracy: 0.9270
Shadow Model 10/80, Epoch 12/20, Loss: 0.1910, Correct: 6530, Accuracy: 0.9329
Shadow Model 10/80, Epoch 13/20, Loss: 0.1527, Correct: 6612, Accuracy: 0.9446
Shadow Model 10/80, Epoch 14/20, Loss: 0.1382, Correct: 6660, Accuracy: 0.9514
Shadow Model 10/80, Epoch 15/20, Loss: 0.2370, Correct: 6445, Accuracy: 0.9207
Shadow Model 10/80, Epoch 16/20, Loss: 0.1320, Correct: 6673, Accuracy: 0.9533
Shadow Model 10/80, Epoch 17/20, Loss: 0.1044, Correct: 6751, Accuracy: 0.9644
Shadow Model 10/80, Epoch 18/20, Loss: 0.0730, Correct: 6820, Accuracy: 0.9743
Shadow Model 10/80, Epoch 19/20, Loss: 0.0932, Correct: 6781, Accuracy: 0.9687
Shadow Model 10/80, Epoch 20/20, Loss: 0.0486, Correct: 6892, Accuracy: 0.9846
Shadow Model 11/80, Epoch 1/20, Loss: 1.1085, Correct: 4187, Accuracy: 0.5981
Shadow Model 11/80, Epoch 2/20, Loss: 0.8006, Correct: 4950, Accuracy: 0.7071
Shadow Model 11/80, Epoch 3/20, Loss: 0.6552, Correct: 5305, Accuracy: 0.7579
Shadow Model 11/80, Epoch 4/20, Loss: 0.5908, Correct: 5546, Accuracy: 0.7923
Shadow Model 11/80, Epoch 5/20, Loss: 0.5186, Correct: 5710, Accuracy: 0.8157
Shadow Model 11/80, Epoch 6/20, Loss: 0.4383, Correct: 5884, Accuracy: 0.8406
Shadow Model 11/80, Epoch 7/20, Loss: 0.4248, Correct: 5927, Accuracy: 0.8467
Shadow Model 11/80, Epoch 8/20, Loss: 0.3459, Correct: 6125, Accuracy: 0.8750
Shadow Model 11/80, Epoch 9/20, Loss: 0.3237, Correct: 6173, Accuracy: 0.8819
Shadow Model 11/80, Epoch 10/20, Loss: 0.3505, Correct: 6146, Accuracy: 0.8780
Shadow Model 11/80, Epoch 11/20, Loss: 0.2821, Correct: 6307, Accuracy: 0.9010
Shadow Model 11/80, Epoch 12/20, Loss: 0.2357, Correct: 6392, Accuracy: 0.9131
Shadow Model 11/80, Epoch 13/20, Loss: 0.2322, Correct: 6433, Accuracy: 0.9190
Shadow Model 11/80, Epoch 14/20, Loss: 0.1860, Correct: 6536, Accuracy: 0.9337
Shadow Model 11/80, Epoch 15/20, Loss: 0.1921, Correct: 6545, Accuracy: 0.9350
Shadow Model 11/80, Epoch 16/20, Loss: 0.1261, Correct: 6699, Accuracy: 0.9570
Shadow Model 11/80, Epoch 17/20, Loss: 0.1266, Correct: 6700, Accuracy: 0.9571
Shadow Model 11/80, Epoch 18/20, Loss: 0.1099, Correct: 6726, Accuracy: 0.9609
Shadow Model 11/80, Epoch 19/20, Loss: 0.0904, Correct: 6789, Accuracy: 0.9699
Shadow Model 11/80, Epoch 20/20, Loss: 0.0837, Correct: 6808, Accuracy: 0.9726
Shadow Model 12/80, Epoch 1/20, Loss: 1.1211, Correct: 4101, Accuracy: 0.5859
Shadow Model 12/80, Epoch 2/20, Loss: 0.7999, Correct: 4956, Accuracy: 0.7080
Shadow Model 12/80, Epoch 3/20, Loss: 0.6681, Correct: 5313, Accuracy: 0.7590
Shadow Model 12/80, Epoch 4/20, Loss: 0.6044, Correct: 5466, Accuracy: 0.7809
Shadow Model 12/80, Epoch 5/20, Loss: 0.5413, Correct: 5656, Accuracy: 0.8080
Shadow Model 12/80, Epoch 6/20, Loss: 0.4495, Correct: 5874, Accuracy: 0.8391
Shadow Model 12/80, Epoch 7/20, Loss: 0.4198, Correct: 5963, Accuracy: 0.8519
Shadow Model 12/80, Epoch 8/20, Loss: 0.3630, Correct: 6096, Accuracy: 0.8709
Shadow Model 12/80, Epoch 9/20, Loss: 0.3162, Correct: 6232, Accuracy: 0.8903
Shadow Model 12/80, Epoch 10/20, Loss: 0.2828, Correct: 6271, Accuracy: 0.8959
Shadow Model 12/80, Epoch 11/20, Loss: 0.2679, Correct: 6364, Accuracy: 0.9091
Shadow Model 12/80, Epoch 12/20, Loss: 0.2243, Correct: 6451, Accuracy: 0.9216
Shadow Model 12/80, Epoch 13/20, Loss: 0.1790, Correct: 6582, Accuracy: 0.9403
Shadow Model 12/80, Epoch 14/20, Loss: 0.1696, Correct: 6577, Accuracy: 0.9396
Shadow Model 12/80, Epoch 15/20, Loss: 0.1739, Correct: 6576, Accuracy: 0.9394
Shadow Model 12/80, Epoch 16/20, Loss: 0.1171, Correct: 6723, Accuracy: 0.9604
Shadow Model 12/80, Epoch 17/20, Loss: 0.1368, Correct: 6695, Accuracy: 0.9564
Shadow Model 12/80, Epoch 18/20, Loss: 0.1976, Correct: 6522, Accuracy: 0.9317
Shadow Model 12/80, Epoch 19/20, Loss: 0.0942, Correct: 6776, Accuracy: 0.9680
Shadow Model 12/80, Epoch 20/20, Loss: 0.0635, Correct: 6860, Accuracy: 0.9800
Shadow Model 13/80, Epoch 1/20, Loss: 1.0604, Correct: 4277, Accuracy: 0.6110
Shadow Model 13/80, Epoch 2/20, Loss: 0.7799, Correct: 5054, Accuracy: 0.7220
Shadow Model 13/80, Epoch 3/20, Loss: 0.6340, Correct: 5400, Accuracy: 0.7714
Shadow Model 13/80, Epoch 4/20, Loss: 0.5692, Correct: 5602, Accuracy: 0.8003
Shadow Model 13/80, Epoch 5/20, Loss: 0.5173, Correct: 5745, Accuracy: 0.8207
Shadow Model 13/80, Epoch 6/20, Loss: 0.4370, Correct: 5926, Accuracy: 0.8466
Shadow Model 13/80, Epoch 7/20, Loss: 0.4130, Correct: 5950, Accuracy: 0.8500
Shadow Model 13/80, Epoch 8/20, Loss: 0.3581, Correct: 6110, Accuracy: 0.8729
Shadow Model 13/80, Epoch 9/20, Loss: 0.3550, Correct: 6112, Accuracy: 0.8731
Shadow Model 13/80, Epoch 10/20, Loss: 0.2938, Correct: 6254, Accuracy: 0.8934
Shadow Model 13/80, Epoch 11/20, Loss: 0.2615, Correct: 6362, Accuracy: 0.9089
Shadow Model 13/80, Epoch 12/20, Loss: 0.2439, Correct: 6405, Accuracy: 0.9150
Shadow Model 13/80, Epoch 13/20, Loss: 0.2189, Correct: 6489, Accuracy: 0.9270
Shadow Model 13/80, Epoch 14/20, Loss: 0.2012, Correct: 6518, Accuracy: 0.9311
Shadow Model 13/80, Epoch 15/20, Loss: 0.1638, Correct: 6597, Accuracy: 0.9424
Shadow Model 13/80, Epoch 16/20, Loss: 0.1436, Correct: 6657, Accuracy: 0.9510
Shadow Model 13/80, Epoch 17/20, Loss: 0.1218, Correct: 6711, Accuracy: 0.9587
Shadow Model 13/80, Epoch 18/20, Loss: 0.0858, Correct: 6815, Accuracy: 0.9736
Shadow Model 13/80, Epoch 19/20, Loss: 0.1166, Correct: 6712, Accuracy: 0.9589
Shadow Model 13/80, Epoch 20/20, Loss: 0.0763, Correct: 6817, Accuracy: 0.9739
Shadow Model 14/80, Epoch 1/20, Loss: 1.1109, Correct: 4124, Accuracy: 0.5891
Shadow Model 14/80, Epoch 2/20, Loss: 0.7798, Correct: 5058, Accuracy: 0.7226
Shadow Model 14/80, Epoch 3/20, Loss: 0.6162, Correct: 5522, Accuracy: 0.7889
Shadow Model 14/80, Epoch 4/20, Loss: 0.5300, Correct: 5709, Accuracy: 0.8156
Shadow Model 14/80, Epoch 5/20, Loss: 0.4797, Correct: 5816, Accuracy: 0.8309
Shadow Model 14/80, Epoch 6/20, Loss: 0.4077, Correct: 5983, Accuracy: 0.8547
Shadow Model 14/80, Epoch 7/20, Loss: 0.3705, Correct: 6073, Accuracy: 0.8676
Shadow Model 14/80, Epoch 8/20, Loss: 0.3376, Correct: 6167, Accuracy: 0.8810
Shadow Model 14/80, Epoch 9/20, Loss: 0.2999, Correct: 6291, Accuracy: 0.8987
Shadow Model 14/80, Epoch 10/20, Loss: 0.2533, Correct: 6383, Accuracy: 0.9119
Shadow Model 14/80, Epoch 11/20, Loss: 0.2172, Correct: 6470, Accuracy: 0.9243
Shadow Model 14/80, Epoch 12/20, Loss: 0.1896, Correct: 6544, Accuracy: 0.9349
Shadow Model 14/80, Epoch 13/20, Loss: 0.1657, Correct: 6606, Accuracy: 0.9437
Shadow Model 14/80, Epoch 14/20, Loss: 0.1436, Correct: 6644, Accuracy: 0.9491
Shadow Model 14/80, Epoch 15/20, Loss: 0.1294, Correct: 6701, Accuracy: 0.9573
Shadow Model 14/80, Epoch 16/20, Loss: 0.1037, Correct: 6776, Accuracy: 0.9680
Shadow Model 14/80, Epoch 17/20, Loss: 0.0712, Correct: 6837, Accuracy: 0.9767
Shadow Model 14/80, Epoch 18/20, Loss: 0.0835, Correct: 6815, Accuracy: 0.9736
Shadow Model 14/80, Epoch 19/20, Loss: 0.0692, Correct: 6846, Accuracy: 0.9780
Shadow Model 14/80, Epoch 20/20, Loss: 0.0653, Correct: 6848, Accuracy: 0.9783
Shadow Model 15/80, Epoch 1/20, Loss: 1.0951, Correct: 4186, Accuracy: 0.5980
Shadow Model 15/80, Epoch 2/20, Loss: 0.7607, Correct: 5042, Accuracy: 0.7203
Shadow Model 15/80, Epoch 3/20, Loss: 0.6870, Correct: 5247, Accuracy: 0.7496
Shadow Model 15/80, Epoch 4/20, Loss: 0.5980, Correct: 5532, Accuracy: 0.7903
Shadow Model 15/80, Epoch 5/20, Loss: 0.5526, Correct: 5676, Accuracy: 0.8109
Shadow Model 15/80, Epoch 6/20, Loss: 0.4789, Correct: 5804, Accuracy: 0.8291
Shadow Model 15/80, Epoch 7/20, Loss: 0.4285, Correct: 5938, Accuracy: 0.8483
Shadow Model 15/80, Epoch 8/20, Loss: 0.3869, Correct: 6065, Accuracy: 0.8664
Shadow Model 15/80, Epoch 9/20, Loss: 0.3591, Correct: 6108, Accuracy: 0.8726
Shadow Model 15/80, Epoch 10/20, Loss: 0.3182, Correct: 6246, Accuracy: 0.8923
Shadow Model 15/80, Epoch 11/20, Loss: 0.2953, Correct: 6257, Accuracy: 0.8939
Shadow Model 15/80, Epoch 12/20, Loss: 0.2537, Correct: 6366, Accuracy: 0.9094
Shadow Model 15/80, Epoch 13/20, Loss: 0.2197, Correct: 6476, Accuracy: 0.9251
Shadow Model 15/80, Epoch 14/20, Loss: 0.1931, Correct: 6558, Accuracy: 0.9369
Shadow Model 15/80, Epoch 15/20, Loss: 0.1780, Correct: 6571, Accuracy: 0.9387
Shadow Model 15/80, Epoch 16/20, Loss: 0.1562, Correct: 6637, Accuracy: 0.9481
Shadow Model 15/80, Epoch 17/20, Loss: 0.1534, Correct: 6639, Accuracy: 0.9484
Shadow Model 15/80, Epoch 18/20, Loss: 0.1113, Correct: 6730, Accuracy: 0.9614
Shadow Model 15/80, Epoch 19/20, Loss: 0.0875, Correct: 6793, Accuracy: 0.9704
Shadow Model 15/80, Epoch 20/20, Loss: 0.1044, Correct: 6760, Accuracy: 0.9657
Shadow Model 16/80, Epoch 1/20, Loss: 1.1105, Correct: 4173, Accuracy: 0.5961
Shadow Model 16/80, Epoch 2/20, Loss: 0.7928, Correct: 4876, Accuracy: 0.6966
Shadow Model 16/80, Epoch 3/20, Loss: 0.6739, Correct: 5306, Accuracy: 0.7580
Shadow Model 16/80, Epoch 4/20, Loss: 0.6008, Correct: 5513, Accuracy: 0.7876
Shadow Model 16/80, Epoch 5/20, Loss: 0.4790, Correct: 5806, Accuracy: 0.8294
Shadow Model 16/80, Epoch 6/20, Loss: 0.4545, Correct: 5884, Accuracy: 0.8406
Shadow Model 16/80, Epoch 7/20, Loss: 0.4067, Correct: 6018, Accuracy: 0.8597
Shadow Model 16/80, Epoch 8/20, Loss: 0.3390, Correct: 6129, Accuracy: 0.8756
Shadow Model 16/80, Epoch 9/20, Loss: 0.3464, Correct: 6135, Accuracy: 0.8764
Shadow Model 16/80, Epoch 10/20, Loss: 0.2707, Correct: 6322, Accuracy: 0.9031
Shadow Model 16/80, Epoch 11/20, Loss: 0.2715, Correct: 6345, Accuracy: 0.9064
Shadow Model 16/80, Epoch 12/20, Loss: 0.2390, Correct: 6408, Accuracy: 0.9154
Shadow Model 16/80, Epoch 13/20, Loss: 0.1811, Correct: 6559, Accuracy: 0.9370
Shadow Model 16/80, Epoch 14/20, Loss: 0.1732, Correct: 6573, Accuracy: 0.9390
Shadow Model 16/80, Epoch 15/20, Loss: 0.1126, Correct: 6736, Accuracy: 0.9623
Shadow Model 16/80, Epoch 16/20, Loss: 0.1140, Correct: 6720, Accuracy: 0.9600
Shadow Model 16/80, Epoch 17/20, Loss: 0.0910, Correct: 6780, Accuracy: 0.9686
Shadow Model 16/80, Epoch 18/20, Loss: 0.1424, Correct: 6660, Accuracy: 0.9514
Shadow Model 16/80, Epoch 19/20, Loss: 0.1212, Correct: 6717, Accuracy: 0.9596
Shadow Model 16/80, Epoch 20/20, Loss: 0.0461, Correct: 6900, Accuracy: 0.9857
Shadow Model 17/80, Epoch 1/20, Loss: 1.0829, Correct: 4203, Accuracy: 0.6004
Shadow Model 17/80, Epoch 2/20, Loss: 0.7882, Correct: 5001, Accuracy: 0.7144
Shadow Model 17/80, Epoch 3/20, Loss: 0.6645, Correct: 5337, Accuracy: 0.7624
Shadow Model 17/80, Epoch 4/20, Loss: 0.5171, Correct: 5731, Accuracy: 0.8187
Shadow Model 17/80, Epoch 5/20, Loss: 0.4869, Correct: 5846, Accuracy: 0.8351
Shadow Model 17/80, Epoch 6/20, Loss: 0.4408, Correct: 5942, Accuracy: 0.8489
Shadow Model 17/80, Epoch 7/20, Loss: 0.3872, Correct: 6075, Accuracy: 0.8679
Shadow Model 17/80, Epoch 8/20, Loss: 0.3560, Correct: 6145, Accuracy: 0.8779
Shadow Model 17/80, Epoch 9/20, Loss: 0.3021, Correct: 6249, Accuracy: 0.8927
Shadow Model 17/80, Epoch 10/20, Loss: 0.2591, Correct: 6337, Accuracy: 0.9053
Shadow Model 17/80, Epoch 11/20, Loss: 0.2394, Correct: 6399, Accuracy: 0.9141
Shadow Model 17/80, Epoch 12/20, Loss: 0.2035, Correct: 6515, Accuracy: 0.9307
Shadow Model 17/80, Epoch 13/20, Loss: 0.1742, Correct: 6567, Accuracy: 0.9381
Shadow Model 17/80, Epoch 14/20, Loss: 0.1753, Correct: 6583, Accuracy: 0.9404
Shadow Model 17/80, Epoch 15/20, Loss: 0.1359, Correct: 6675, Accuracy: 0.9536
Shadow Model 17/80, Epoch 16/20, Loss: 0.1038, Correct: 6763, Accuracy: 0.9661
Shadow Model 17/80, Epoch 17/20, Loss: 0.0897, Correct: 6777, Accuracy: 0.9681
Shadow Model 17/80, Epoch 18/20, Loss: 0.0853, Correct: 6785, Accuracy: 0.9693
Shadow Model 17/80, Epoch 19/20, Loss: 0.0971, Correct: 6779, Accuracy: 0.9684
Shadow Model 17/80, Epoch 20/20, Loss: 0.1047, Correct: 6744, Accuracy: 0.9634
Shadow Model 18/80, Epoch 1/20, Loss: 1.1036, Correct: 4170, Accuracy: 0.5957
Shadow Model 18/80, Epoch 2/20, Loss: 0.8034, Correct: 4984, Accuracy: 0.7120
Shadow Model 18/80, Epoch 3/20, Loss: 0.6336, Correct: 5424, Accuracy: 0.7749
Shadow Model 18/80, Epoch 4/20, Loss: 0.5533, Correct: 5666, Accuracy: 0.8094
Shadow Model 18/80, Epoch 5/20, Loss: 0.4791, Correct: 5839, Accuracy: 0.8341
Shadow Model 18/80, Epoch 6/20, Loss: 0.4096, Correct: 5979, Accuracy: 0.8541
Shadow Model 18/80, Epoch 7/20, Loss: 0.3603, Correct: 6119, Accuracy: 0.8741
Shadow Model 18/80, Epoch 8/20, Loss: 0.3318, Correct: 6195, Accuracy: 0.8850
Shadow Model 18/80, Epoch 9/20, Loss: 0.2901, Correct: 6282, Accuracy: 0.8974
Shadow Model 18/80, Epoch 10/20, Loss: 0.2508, Correct: 6363, Accuracy: 0.9090
Shadow Model 18/80, Epoch 11/20, Loss: 0.2496, Correct: 6387, Accuracy: 0.9124
Shadow Model 18/80, Epoch 12/20, Loss: 0.1842, Correct: 6568, Accuracy: 0.9383
Shadow Model 18/80, Epoch 13/20, Loss: 0.1598, Correct: 6635, Accuracy: 0.9479
Shadow Model 18/80, Epoch 14/20, Loss: 0.1011, Correct: 6771, Accuracy: 0.9673
Shadow Model 18/80, Epoch 15/20, Loss: 0.1452, Correct: 6652, Accuracy: 0.9503
Shadow Model 18/80, Epoch 16/20, Loss: 0.0892, Correct: 6798, Accuracy: 0.9711
Shadow Model 18/80, Epoch 17/20, Loss: 0.0669, Correct: 6832, Accuracy: 0.9760
Shadow Model 18/80, Epoch 18/20, Loss: 0.0857, Correct: 6793, Accuracy: 0.9704
Shadow Model 18/80, Epoch 19/20, Loss: 0.0668, Correct: 6866, Accuracy: 0.9809
Shadow Model 18/80, Epoch 20/20, Loss: 0.0525, Correct: 6874, Accuracy: 0.9820
Shadow Model 19/80, Epoch 1/20, Loss: 1.1353, Correct: 4092, Accuracy: 0.5846
Shadow Model 19/80, Epoch 2/20, Loss: 0.8053, Correct: 4956, Accuracy: 0.7080
Shadow Model 19/80, Epoch 3/20, Loss: 0.6853, Correct: 5255, Accuracy: 0.7507
Shadow Model 19/80, Epoch 4/20, Loss: 0.5833, Correct: 5566, Accuracy: 0.7951
Shadow Model 19/80, Epoch 5/20, Loss: 0.4951, Correct: 5776, Accuracy: 0.8251
Shadow Model 19/80, Epoch 6/20, Loss: 0.4532, Correct: 5900, Accuracy: 0.8429
Shadow Model 19/80, Epoch 7/20, Loss: 0.4099, Correct: 6011, Accuracy: 0.8587
Shadow Model 19/80, Epoch 8/20, Loss: 0.3617, Correct: 6123, Accuracy: 0.8747
Shadow Model 19/80, Epoch 9/20, Loss: 0.3415, Correct: 6148, Accuracy: 0.8783
Shadow Model 19/80, Epoch 10/20, Loss: 0.3172, Correct: 6220, Accuracy: 0.8886
Shadow Model 19/80, Epoch 11/20, Loss: 0.2539, Correct: 6357, Accuracy: 0.9081
Shadow Model 19/80, Epoch 12/20, Loss: 0.2802, Correct: 6316, Accuracy: 0.9023
Shadow Model 19/80, Epoch 13/20, Loss: 0.2176, Correct: 6483, Accuracy: 0.9261
Shadow Model 19/80, Epoch 14/20, Loss: 0.1706, Correct: 6573, Accuracy: 0.9390
Shadow Model 19/80, Epoch 15/20, Loss: 0.1298, Correct: 6706, Accuracy: 0.9580
Shadow Model 19/80, Epoch 16/20, Loss: 0.1530, Correct: 6647, Accuracy: 0.9496
Shadow Model 19/80, Epoch 17/20, Loss: 0.1218, Correct: 6712, Accuracy: 0.9589
Shadow Model 19/80, Epoch 18/20, Loss: 0.1129, Correct: 6727, Accuracy: 0.9610
Shadow Model 19/80, Epoch 19/20, Loss: 0.0815, Correct: 6808, Accuracy: 0.9726
Shadow Model 19/80, Epoch 20/20, Loss: 0.0885, Correct: 6798, Accuracy: 0.9711
Shadow Model 20/80, Epoch 1/20, Loss: 1.1300, Correct: 4067, Accuracy: 0.5810
Shadow Model 20/80, Epoch 2/20, Loss: 0.8302, Correct: 4904, Accuracy: 0.7006
Shadow Model 20/80, Epoch 3/20, Loss: 0.7027, Correct: 5300, Accuracy: 0.7571
Shadow Model 20/80, Epoch 4/20, Loss: 0.6089, Correct: 5509, Accuracy: 0.7870
Shadow Model 20/80, Epoch 5/20, Loss: 0.5667, Correct: 5599, Accuracy: 0.7999
Shadow Model 20/80, Epoch 6/20, Loss: 0.4529, Correct: 5913, Accuracy: 0.8447
Shadow Model 20/80, Epoch 7/20, Loss: 0.4345, Correct: 5937, Accuracy: 0.8481
Shadow Model 20/80, Epoch 8/20, Loss: 0.3968, Correct: 6026, Accuracy: 0.8609
Shadow Model 20/80, Epoch 9/20, Loss: 0.3488, Correct: 6160, Accuracy: 0.8800
Shadow Model 20/80, Epoch 10/20, Loss: 0.3384, Correct: 6127, Accuracy: 0.8753
Shadow Model 20/80, Epoch 11/20, Loss: 0.3050, Correct: 6262, Accuracy: 0.8946
Shadow Model 20/80, Epoch 12/20, Loss: 0.2162, Correct: 6469, Accuracy: 0.9241
Shadow Model 20/80, Epoch 13/20, Loss: 0.2174, Correct: 6445, Accuracy: 0.9207
Shadow Model 20/80, Epoch 14/20, Loss: 0.1937, Correct: 6548, Accuracy: 0.9354
Shadow Model 20/80, Epoch 15/20, Loss: 0.1413, Correct: 6646, Accuracy: 0.9494
Shadow Model 20/80, Epoch 16/20, Loss: 0.1486, Correct: 6628, Accuracy: 0.9469
Shadow Model 20/80, Epoch 17/20, Loss: 0.1250, Correct: 6702, Accuracy: 0.9574
Shadow Model 20/80, Epoch 18/20, Loss: 0.1061, Correct: 6737, Accuracy: 0.9624
Shadow Model 20/80, Epoch 19/20, Loss: 0.0779, Correct: 6803, Accuracy: 0.9719
Shadow Model 20/80, Epoch 20/20, Loss: 0.0856, Correct: 6799, Accuracy: 0.9713
Shadow Model 21/80, Epoch 1/20, Loss: 1.1069, Correct: 4208, Accuracy: 0.6011
Shadow Model 21/80, Epoch 2/20, Loss: 0.8175, Correct: 4955, Accuracy: 0.7079
Shadow Model 21/80, Epoch 3/20, Loss: 0.6980, Correct: 5298, Accuracy: 0.7569
Shadow Model 21/80, Epoch 4/20, Loss: 0.5730, Correct: 5571, Accuracy: 0.7959
Shadow Model 21/80, Epoch 5/20, Loss: 0.5207, Correct: 5715, Accuracy: 0.8164
Shadow Model 21/80, Epoch 6/20, Loss: 0.4429, Correct: 5935, Accuracy: 0.8479
Shadow Model 21/80, Epoch 7/20, Loss: 0.4067, Correct: 5969, Accuracy: 0.8527
Shadow Model 21/80, Epoch 8/20, Loss: 0.3532, Correct: 6124, Accuracy: 0.8749
Shadow Model 21/80, Epoch 9/20, Loss: 0.3487, Correct: 6147, Accuracy: 0.8781
Shadow Model 21/80, Epoch 10/20, Loss: 0.3217, Correct: 6197, Accuracy: 0.8853
Shadow Model 21/80, Epoch 11/20, Loss: 0.2493, Correct: 6400, Accuracy: 0.9143
Shadow Model 21/80, Epoch 12/20, Loss: 0.2542, Correct: 6360, Accuracy: 0.9086
Shadow Model 21/80, Epoch 13/20, Loss: 0.2014, Correct: 6510, Accuracy: 0.9300
Shadow Model 21/80, Epoch 14/20, Loss: 0.1657, Correct: 6582, Accuracy: 0.9403
Shadow Model 21/80, Epoch 15/20, Loss: 0.1286, Correct: 6719, Accuracy: 0.9599
Shadow Model 21/80, Epoch 16/20, Loss: 0.1235, Correct: 6705, Accuracy: 0.9579
Shadow Model 21/80, Epoch 17/20, Loss: 0.1123, Correct: 6722, Accuracy: 0.9603
Shadow Model 21/80, Epoch 18/20, Loss: 0.1310, Correct: 6700, Accuracy: 0.9571
Shadow Model 21/80, Epoch 19/20, Loss: 0.1038, Correct: 6771, Accuracy: 0.9673
Shadow Model 21/80, Epoch 20/20, Loss: 0.0649, Correct: 6838, Accuracy: 0.9769
Shadow Model 22/80, Epoch 1/20, Loss: 1.1085, Correct: 4192, Accuracy: 0.5989
Shadow Model 22/80, Epoch 2/20, Loss: 0.8044, Correct: 4957, Accuracy: 0.7081
Shadow Model 22/80, Epoch 3/20, Loss: 0.6713, Correct: 5302, Accuracy: 0.7574
Shadow Model 22/80, Epoch 4/20, Loss: 0.5732, Correct: 5529, Accuracy: 0.7899
Shadow Model 22/80, Epoch 5/20, Loss: 0.4959, Correct: 5730, Accuracy: 0.8186
Shadow Model 22/80, Epoch 6/20, Loss: 0.4792, Correct: 5837, Accuracy: 0.8339
Shadow Model 22/80, Epoch 7/20, Loss: 0.4141, Correct: 5972, Accuracy: 0.8531
Shadow Model 22/80, Epoch 8/20, Loss: 0.3695, Correct: 6130, Accuracy: 0.8757
Shadow Model 22/80, Epoch 9/20, Loss: 0.3169, Correct: 6217, Accuracy: 0.8881
Shadow Model 22/80, Epoch 10/20, Loss: 0.2793, Correct: 6294, Accuracy: 0.8991
Shadow Model 22/80, Epoch 11/20, Loss: 0.2569, Correct: 6376, Accuracy: 0.9109
Shadow Model 22/80, Epoch 12/20, Loss: 0.2000, Correct: 6514, Accuracy: 0.9306
Shadow Model 22/80, Epoch 13/20, Loss: 0.1776, Correct: 6580, Accuracy: 0.9400
Shadow Model 22/80, Epoch 14/20, Loss: 0.1976, Correct: 6547, Accuracy: 0.9353
Shadow Model 22/80, Epoch 15/20, Loss: 0.1300, Correct: 6684, Accuracy: 0.9549
Shadow Model 22/80, Epoch 16/20, Loss: 0.1138, Correct: 6744, Accuracy: 0.9634
Shadow Model 22/80, Epoch 17/20, Loss: 0.1010, Correct: 6764, Accuracy: 0.9663
Shadow Model 22/80, Epoch 18/20, Loss: 0.0740, Correct: 6835, Accuracy: 0.9764
Shadow Model 22/80, Epoch 19/20, Loss: 0.0835, Correct: 6807, Accuracy: 0.9724
Shadow Model 22/80, Epoch 20/20, Loss: 0.0673, Correct: 6841, Accuracy: 0.9773
Shadow Model 23/80, Epoch 1/20, Loss: 1.1125, Correct: 4146, Accuracy: 0.5923
Shadow Model 23/80, Epoch 2/20, Loss: 0.8057, Correct: 4956, Accuracy: 0.7080
Shadow Model 23/80, Epoch 3/20, Loss: 0.6693, Correct: 5316, Accuracy: 0.7594
Shadow Model 23/80, Epoch 4/20, Loss: 0.5534, Correct: 5633, Accuracy: 0.8047
Shadow Model 23/80, Epoch 5/20, Loss: 0.5659, Correct: 5631, Accuracy: 0.8044
Shadow Model 23/80, Epoch 6/20, Loss: 0.4538, Correct: 5912, Accuracy: 0.8446
Shadow Model 23/80, Epoch 7/20, Loss: 0.4093, Correct: 6017, Accuracy: 0.8596
Shadow Model 23/80, Epoch 8/20, Loss: 0.3675, Correct: 6080, Accuracy: 0.8686
Shadow Model 23/80, Epoch 9/20, Loss: 0.3247, Correct: 6183, Accuracy: 0.8833
Shadow Model 23/80, Epoch 10/20, Loss: 0.3258, Correct: 6181, Accuracy: 0.8830
Shadow Model 23/80, Epoch 11/20, Loss: 0.2693, Correct: 6347, Accuracy: 0.9067
Shadow Model 23/80, Epoch 12/20, Loss: 0.2488, Correct: 6375, Accuracy: 0.9107
Shadow Model 23/80, Epoch 13/20, Loss: 0.2149, Correct: 6473, Accuracy: 0.9247
Shadow Model 23/80, Epoch 14/20, Loss: 0.1824, Correct: 6555, Accuracy: 0.9364
Shadow Model 23/80, Epoch 15/20, Loss: 0.1652, Correct: 6587, Accuracy: 0.9410
Shadow Model 23/80, Epoch 16/20, Loss: 0.1383, Correct: 6688, Accuracy: 0.9554
Shadow Model 23/80, Epoch 17/20, Loss: 0.1226, Correct: 6678, Accuracy: 0.9540
Shadow Model 23/80, Epoch 18/20, Loss: 0.0914, Correct: 6781, Accuracy: 0.9687
Shadow Model 23/80, Epoch 19/20, Loss: 0.0849, Correct: 6809, Accuracy: 0.9727
Shadow Model 23/80, Epoch 20/20, Loss: 0.0697, Correct: 6834, Accuracy: 0.9763
Shadow Model 24/80, Epoch 1/20, Loss: 1.1564, Correct: 4106, Accuracy: 0.5866
Shadow Model 24/80, Epoch 2/20, Loss: 0.8275, Correct: 4843, Accuracy: 0.6919
Shadow Model 24/80, Epoch 3/20, Loss: 0.6883, Correct: 5232, Accuracy: 0.7474
Shadow Model 24/80, Epoch 4/20, Loss: 0.6450, Correct: 5396, Accuracy: 0.7709
Shadow Model 24/80, Epoch 5/20, Loss: 0.5467, Correct: 5637, Accuracy: 0.8053
Shadow Model 24/80, Epoch 6/20, Loss: 0.4757, Correct: 5797, Accuracy: 0.8281
Shadow Model 24/80, Epoch 7/20, Loss: 0.4466, Correct: 5914, Accuracy: 0.8449
Shadow Model 24/80, Epoch 8/20, Loss: 0.4061, Correct: 6022, Accuracy: 0.8603
Shadow Model 24/80, Epoch 9/20, Loss: 0.3526, Correct: 6148, Accuracy: 0.8783
Shadow Model 24/80, Epoch 10/20, Loss: 0.3116, Correct: 6258, Accuracy: 0.8940
Shadow Model 24/80, Epoch 11/20, Loss: 0.2968, Correct: 6260, Accuracy: 0.8943
Shadow Model 24/80, Epoch 12/20, Loss: 0.2771, Correct: 6316, Accuracy: 0.9023
Shadow Model 24/80, Epoch 13/20, Loss: 0.2296, Correct: 6432, Accuracy: 0.9189
Shadow Model 24/80, Epoch 14/20, Loss: 0.1968, Correct: 6526, Accuracy: 0.9323
Shadow Model 24/80, Epoch 15/20, Loss: 0.1764, Correct: 6559, Accuracy: 0.9370
Shadow Model 24/80, Epoch 16/20, Loss: 0.1403, Correct: 6664, Accuracy: 0.9520
Shadow Model 24/80, Epoch 17/20, Loss: 0.1603, Correct: 6607, Accuracy: 0.9439
Shadow Model 24/80, Epoch 18/20, Loss: 0.0847, Correct: 6810, Accuracy: 0.9729
Shadow Model 24/80, Epoch 19/20, Loss: 0.0973, Correct: 6778, Accuracy: 0.9683
Shadow Model 24/80, Epoch 20/20, Loss: 0.1103, Correct: 6745, Accuracy: 0.9636
Shadow Model 25/80, Epoch 1/20, Loss: 1.1128, Correct: 4083, Accuracy: 0.5833
Shadow Model 25/80, Epoch 2/20, Loss: 0.8138, Correct: 4861, Accuracy: 0.6944
Shadow Model 25/80, Epoch 3/20, Loss: 0.7060, Correct: 5250, Accuracy: 0.7500
Shadow Model 25/80, Epoch 4/20, Loss: 0.6154, Correct: 5475, Accuracy: 0.7821
Shadow Model 25/80, Epoch 5/20, Loss: 0.5353, Correct: 5668, Accuracy: 0.8097
Shadow Model 25/80, Epoch 6/20, Loss: 0.4635, Correct: 5848, Accuracy: 0.8354
Shadow Model 25/80, Epoch 7/20, Loss: 0.4479, Correct: 5894, Accuracy: 0.8420
Shadow Model 25/80, Epoch 8/20, Loss: 0.3947, Correct: 6011, Accuracy: 0.8587
Shadow Model 25/80, Epoch 9/20, Loss: 0.3477, Correct: 6166, Accuracy: 0.8809
Shadow Model 25/80, Epoch 10/20, Loss: 0.3080, Correct: 6246, Accuracy: 0.8923
Shadow Model 25/80, Epoch 11/20, Loss: 0.2714, Correct: 6325, Accuracy: 0.9036
Shadow Model 25/80, Epoch 12/20, Loss: 0.2721, Correct: 6306, Accuracy: 0.9009
Shadow Model 25/80, Epoch 13/20, Loss: 0.2303, Correct: 6415, Accuracy: 0.9164
Shadow Model 25/80, Epoch 14/20, Loss: 0.2318, Correct: 6441, Accuracy: 0.9201
Shadow Model 25/80, Epoch 15/20, Loss: 0.2079, Correct: 6513, Accuracy: 0.9304
Shadow Model 25/80, Epoch 16/20, Loss: 0.1307, Correct: 6702, Accuracy: 0.9574
Shadow Model 25/80, Epoch 17/20, Loss: 0.1919, Correct: 6557, Accuracy: 0.9367
Shadow Model 25/80, Epoch 18/20, Loss: 0.1145, Correct: 6717, Accuracy: 0.9596
Shadow Model 25/80, Epoch 19/20, Loss: 0.0906, Correct: 6802, Accuracy: 0.9717
Shadow Model 25/80, Epoch 20/20, Loss: 0.0673, Correct: 6839, Accuracy: 0.9770
Shadow Model 26/80, Epoch 1/20, Loss: 1.1523, Correct: 4016, Accuracy: 0.5737
Shadow Model 26/80, Epoch 2/20, Loss: 0.8452, Correct: 4820, Accuracy: 0.6886
Shadow Model 26/80, Epoch 3/20, Loss: 0.7171, Correct: 5207, Accuracy: 0.7439
Shadow Model 26/80, Epoch 4/20, Loss: 0.5960, Correct: 5521, Accuracy: 0.7887
Shadow Model 26/80, Epoch 5/20, Loss: 0.4944, Correct: 5770, Accuracy: 0.8243
Shadow Model 26/80, Epoch 6/20, Loss: 0.4488, Correct: 5888, Accuracy: 0.8411
Shadow Model 26/80, Epoch 7/20, Loss: 0.3955, Correct: 5991, Accuracy: 0.8559
Shadow Model 26/80, Epoch 8/20, Loss: 0.3553, Correct: 6110, Accuracy: 0.8729
Shadow Model 26/80, Epoch 9/20, Loss: 0.3323, Correct: 6202, Accuracy: 0.8860
Shadow Model 26/80, Epoch 10/20, Loss: 0.2814, Correct: 6305, Accuracy: 0.9007
Shadow Model 26/80, Epoch 11/20, Loss: 0.2653, Correct: 6359, Accuracy: 0.9084
Shadow Model 26/80, Epoch 12/20, Loss: 0.2184, Correct: 6457, Accuracy: 0.9224
Shadow Model 26/80, Epoch 13/20, Loss: 0.2076, Correct: 6529, Accuracy: 0.9327
Shadow Model 26/80, Epoch 14/20, Loss: 0.1970, Correct: 6544, Accuracy: 0.9349
Shadow Model 26/80, Epoch 15/20, Loss: 0.1547, Correct: 6629, Accuracy: 0.9470
Shadow Model 26/80, Epoch 16/20, Loss: 0.1096, Correct: 6750, Accuracy: 0.9643
Shadow Model 26/80, Epoch 17/20, Loss: 0.0990, Correct: 6776, Accuracy: 0.9680
Shadow Model 26/80, Epoch 18/20, Loss: 0.0731, Correct: 6835, Accuracy: 0.9764
Shadow Model 26/80, Epoch 19/20, Loss: 0.0923, Correct: 6794, Accuracy: 0.9706
Shadow Model 26/80, Epoch 20/20, Loss: 0.0733, Correct: 6837, Accuracy: 0.9767
Shadow Model 27/80, Epoch 1/20, Loss: 1.1372, Correct: 4113, Accuracy: 0.5876
Shadow Model 27/80, Epoch 2/20, Loss: 0.8365, Correct: 4846, Accuracy: 0.6923
Shadow Model 27/80, Epoch 3/20, Loss: 0.6870, Correct: 5303, Accuracy: 0.7576
Shadow Model 27/80, Epoch 4/20, Loss: 0.5452, Correct: 5662, Accuracy: 0.8089
Shadow Model 27/80, Epoch 5/20, Loss: 0.5024, Correct: 5746, Accuracy: 0.8209
Shadow Model 27/80, Epoch 6/20, Loss: 0.4168, Correct: 5963, Accuracy: 0.8519
Shadow Model 27/80, Epoch 7/20, Loss: 0.3969, Correct: 6018, Accuracy: 0.8597
Shadow Model 27/80, Epoch 8/20, Loss: 0.3611, Correct: 6109, Accuracy: 0.8727
Shadow Model 27/80, Epoch 9/20, Loss: 0.3188, Correct: 6217, Accuracy: 0.8881
Shadow Model 27/80, Epoch 10/20, Loss: 0.3106, Correct: 6281, Accuracy: 0.8973
Shadow Model 27/80, Epoch 11/20, Loss: 0.2418, Correct: 6400, Accuracy: 0.9143
Shadow Model 27/80, Epoch 12/20, Loss: 0.2266, Correct: 6483, Accuracy: 0.9261
Shadow Model 27/80, Epoch 13/20, Loss: 0.1980, Correct: 6501, Accuracy: 0.9287
Shadow Model 27/80, Epoch 14/20, Loss: 0.1517, Correct: 6647, Accuracy: 0.9496
Shadow Model 27/80, Epoch 15/20, Loss: 0.1410, Correct: 6677, Accuracy: 0.9539
Shadow Model 27/80, Epoch 16/20, Loss: 0.1075, Correct: 6724, Accuracy: 0.9606
Shadow Model 27/80, Epoch 17/20, Loss: 0.0890, Correct: 6784, Accuracy: 0.9691
Shadow Model 27/80, Epoch 18/20, Loss: 0.0871, Correct: 6789, Accuracy: 0.9699
Shadow Model 27/80, Epoch 19/20, Loss: 0.0821, Correct: 6814, Accuracy: 0.9734
Shadow Model 27/80, Epoch 20/20, Loss: 0.0718, Correct: 6830, Accuracy: 0.9757
Shadow Model 28/80, Epoch 1/20, Loss: 1.1102, Correct: 4164, Accuracy: 0.5949
Shadow Model 28/80, Epoch 2/20, Loss: 0.8209, Correct: 4939, Accuracy: 0.7056
Shadow Model 28/80, Epoch 3/20, Loss: 0.6688, Correct: 5345, Accuracy: 0.7636
Shadow Model 28/80, Epoch 4/20, Loss: 0.5488, Correct: 5628, Accuracy: 0.8040
Shadow Model 28/80, Epoch 5/20, Loss: 0.5042, Correct: 5785, Accuracy: 0.8264
Shadow Model 28/80, Epoch 6/20, Loss: 0.4308, Correct: 5934, Accuracy: 0.8477
Shadow Model 28/80, Epoch 7/20, Loss: 0.3918, Correct: 6014, Accuracy: 0.8591
Shadow Model 28/80, Epoch 8/20, Loss: 0.3750, Correct: 6084, Accuracy: 0.8691
Shadow Model 28/80, Epoch 9/20, Loss: 0.2997, Correct: 6250, Accuracy: 0.8929
Shadow Model 28/80, Epoch 10/20, Loss: 0.2640, Correct: 6356, Accuracy: 0.9080
Shadow Model 28/80, Epoch 11/20, Loss: 0.2458, Correct: 6402, Accuracy: 0.9146
Shadow Model 28/80, Epoch 12/20, Loss: 0.2366, Correct: 6415, Accuracy: 0.9164
Shadow Model 28/80, Epoch 13/20, Loss: 0.2265, Correct: 6452, Accuracy: 0.9217
Shadow Model 28/80, Epoch 14/20, Loss: 0.1529, Correct: 6616, Accuracy: 0.9451
Shadow Model 28/80, Epoch 15/20, Loss: 0.1591, Correct: 6613, Accuracy: 0.9447
Shadow Model 28/80, Epoch 16/20, Loss: 0.1287, Correct: 6696, Accuracy: 0.9566
Shadow Model 28/80, Epoch 17/20, Loss: 0.1171, Correct: 6734, Accuracy: 0.9620
Shadow Model 28/80, Epoch 18/20, Loss: 0.0754, Correct: 6817, Accuracy: 0.9739
Shadow Model 28/80, Epoch 19/20, Loss: 0.0731, Correct: 6812, Accuracy: 0.9731
Shadow Model 28/80, Epoch 20/20, Loss: 0.0854, Correct: 6803, Accuracy: 0.9719
Shadow Model 29/80, Epoch 1/20, Loss: 1.1244, Correct: 4138, Accuracy: 0.5911
Shadow Model 29/80, Epoch 2/20, Loss: 0.8392, Correct: 4912, Accuracy: 0.7017
Shadow Model 29/80, Epoch 3/20, Loss: 0.6709, Correct: 5292, Accuracy: 0.7560
Shadow Model 29/80, Epoch 4/20, Loss: 0.6182, Correct: 5479, Accuracy: 0.7827
Shadow Model 29/80, Epoch 5/20, Loss: 0.5289, Correct: 5698, Accuracy: 0.8140
Shadow Model 29/80, Epoch 6/20, Loss: 0.4671, Correct: 5850, Accuracy: 0.8357
Shadow Model 29/80, Epoch 7/20, Loss: 0.4342, Correct: 5910, Accuracy: 0.8443
Shadow Model 29/80, Epoch 8/20, Loss: 0.3776, Correct: 6053, Accuracy: 0.8647
Shadow Model 29/80, Epoch 9/20, Loss: 0.3390, Correct: 6140, Accuracy: 0.8771
Shadow Model 29/80, Epoch 10/20, Loss: 0.3030, Correct: 6263, Accuracy: 0.8947
Shadow Model 29/80, Epoch 11/20, Loss: 0.2693, Correct: 6345, Accuracy: 0.9064
Shadow Model 29/80, Epoch 12/20, Loss: 0.2589, Correct: 6395, Accuracy: 0.9136
Shadow Model 29/80, Epoch 13/20, Loss: 0.2348, Correct: 6449, Accuracy: 0.9213
Shadow Model 29/80, Epoch 14/20, Loss: 0.1803, Correct: 6570, Accuracy: 0.9386
Shadow Model 29/80, Epoch 15/20, Loss: 0.1481, Correct: 6657, Accuracy: 0.9510
Shadow Model 29/80, Epoch 16/20, Loss: 0.1628, Correct: 6644, Accuracy: 0.9491
Shadow Model 29/80, Epoch 17/20, Loss: 0.1129, Correct: 6734, Accuracy: 0.9620
Shadow Model 29/80, Epoch 18/20, Loss: 0.0773, Correct: 6821, Accuracy: 0.9744
Shadow Model 29/80, Epoch 19/20, Loss: 0.0974, Correct: 6771, Accuracy: 0.9673
Shadow Model 29/80, Epoch 20/20, Loss: 0.0914, Correct: 6795, Accuracy: 0.9707
Shadow Model 30/80, Epoch 1/20, Loss: 1.0918, Correct: 4211, Accuracy: 0.6016
Shadow Model 30/80, Epoch 2/20, Loss: 0.8071, Correct: 4928, Accuracy: 0.7040
Shadow Model 30/80, Epoch 3/20, Loss: 0.6876, Correct: 5274, Accuracy: 0.7534
Shadow Model 30/80, Epoch 4/20, Loss: 0.5758, Correct: 5588, Accuracy: 0.7983
Shadow Model 30/80, Epoch 5/20, Loss: 0.5002, Correct: 5767, Accuracy: 0.8239
Shadow Model 30/80, Epoch 6/20, Loss: 0.4851, Correct: 5817, Accuracy: 0.8310
Shadow Model 30/80, Epoch 7/20, Loss: 0.3989, Correct: 5991, Accuracy: 0.8559
Shadow Model 30/80, Epoch 8/20, Loss: 0.3703, Correct: 6092, Accuracy: 0.8703
Shadow Model 30/80, Epoch 9/20, Loss: 0.3264, Correct: 6195, Accuracy: 0.8850
Shadow Model 30/80, Epoch 10/20, Loss: 0.2717, Correct: 6342, Accuracy: 0.9060
Shadow Model 30/80, Epoch 11/20, Loss: 0.2571, Correct: 6368, Accuracy: 0.9097
Shadow Model 30/80, Epoch 12/20, Loss: 0.2305, Correct: 6446, Accuracy: 0.9209
Shadow Model 30/80, Epoch 13/20, Loss: 0.1919, Correct: 6518, Accuracy: 0.9311
Shadow Model 30/80, Epoch 14/20, Loss: 0.1759, Correct: 6560, Accuracy: 0.9371
Shadow Model 30/80, Epoch 15/20, Loss: 0.1394, Correct: 6674, Accuracy: 0.9534
Shadow Model 30/80, Epoch 16/20, Loss: 0.1272, Correct: 6696, Accuracy: 0.9566
Shadow Model 30/80, Epoch 17/20, Loss: 0.1088, Correct: 6750, Accuracy: 0.9643
Shadow Model 30/80, Epoch 18/20, Loss: 0.0847, Correct: 6822, Accuracy: 0.9746
Shadow Model 30/80, Epoch 19/20, Loss: 0.0689, Correct: 6837, Accuracy: 0.9767
Shadow Model 30/80, Epoch 20/20, Loss: 0.0744, Correct: 6824, Accuracy: 0.9749
Shadow Model 31/80, Epoch 1/20, Loss: 1.1284, Correct: 4160, Accuracy: 0.5943
Shadow Model 31/80, Epoch 2/20, Loss: 0.8285, Correct: 4959, Accuracy: 0.7084
Shadow Model 31/80, Epoch 3/20, Loss: 0.6763, Correct: 5305, Accuracy: 0.7579
Shadow Model 31/80, Epoch 4/20, Loss: 0.5917, Correct: 5510, Accuracy: 0.7871
Shadow Model 31/80, Epoch 5/20, Loss: 0.5578, Correct: 5627, Accuracy: 0.8039
Shadow Model 31/80, Epoch 6/20, Loss: 0.4742, Correct: 5811, Accuracy: 0.8301
Shadow Model 31/80, Epoch 7/20, Loss: 0.4404, Correct: 5878, Accuracy: 0.8397
Shadow Model 31/80, Epoch 8/20, Loss: 0.3763, Correct: 6047, Accuracy: 0.8639
Shadow Model 31/80, Epoch 9/20, Loss: 0.3522, Correct: 6102, Accuracy: 0.8717
Shadow Model 31/80, Epoch 10/20, Loss: 0.3100, Correct: 6205, Accuracy: 0.8864
Shadow Model 31/80, Epoch 11/20, Loss: 0.2760, Correct: 6334, Accuracy: 0.9049
Shadow Model 31/80, Epoch 12/20, Loss: 0.2615, Correct: 6359, Accuracy: 0.9084
Shadow Model 31/80, Epoch 13/20, Loss: 0.2101, Correct: 6501, Accuracy: 0.9287
Shadow Model 31/80, Epoch 14/20, Loss: 0.2115, Correct: 6486, Accuracy: 0.9266
Shadow Model 31/80, Epoch 15/20, Loss: 0.1974, Correct: 6507, Accuracy: 0.9296
Shadow Model 31/80, Epoch 16/20, Loss: 0.1786, Correct: 6555, Accuracy: 0.9364
Shadow Model 31/80, Epoch 17/20, Loss: 0.1319, Correct: 6692, Accuracy: 0.9560
Shadow Model 31/80, Epoch 18/20, Loss: 0.1190, Correct: 6718, Accuracy: 0.9597
Shadow Model 31/80, Epoch 19/20, Loss: 0.0963, Correct: 6776, Accuracy: 0.9680
Shadow Model 31/80, Epoch 20/20, Loss: 0.0802, Correct: 6808, Accuracy: 0.9726
Shadow Model 32/80, Epoch 1/20, Loss: 1.1650, Correct: 4095, Accuracy: 0.5850
Shadow Model 32/80, Epoch 2/20, Loss: 0.8258, Correct: 4947, Accuracy: 0.7067
Shadow Model 32/80, Epoch 3/20, Loss: 0.6710, Correct: 5325, Accuracy: 0.7607
Shadow Model 32/80, Epoch 4/20, Loss: 0.5851, Correct: 5549, Accuracy: 0.7927
Shadow Model 32/80, Epoch 5/20, Loss: 0.4895, Correct: 5790, Accuracy: 0.8271
Shadow Model 32/80, Epoch 6/20, Loss: 0.4416, Correct: 5913, Accuracy: 0.8447
Shadow Model 32/80, Epoch 7/20, Loss: 0.3960, Correct: 6016, Accuracy: 0.8594
Shadow Model 32/80, Epoch 8/20, Loss: 0.3447, Correct: 6142, Accuracy: 0.8774
Shadow Model 32/80, Epoch 9/20, Loss: 0.3167, Correct: 6206, Accuracy: 0.8866
Shadow Model 32/80, Epoch 10/20, Loss: 0.3233, Correct: 6197, Accuracy: 0.8853
Shadow Model 32/80, Epoch 11/20, Loss: 0.2870, Correct: 6302, Accuracy: 0.9003
Shadow Model 32/80, Epoch 12/20, Loss: 0.2447, Correct: 6409, Accuracy: 0.9156
Shadow Model 32/80, Epoch 13/20, Loss: 0.1961, Correct: 6531, Accuracy: 0.9330
Shadow Model 32/80, Epoch 14/20, Loss: 0.1665, Correct: 6584, Accuracy: 0.9406
Shadow Model 32/80, Epoch 15/20, Loss: 0.1535, Correct: 6635, Accuracy: 0.9479
Shadow Model 32/80, Epoch 16/20, Loss: 0.1221, Correct: 6704, Accuracy: 0.9577
Shadow Model 32/80, Epoch 17/20, Loss: 0.1048, Correct: 6758, Accuracy: 0.9654
Shadow Model 32/80, Epoch 18/20, Loss: 0.1116, Correct: 6745, Accuracy: 0.9636
Shadow Model 32/80, Epoch 19/20, Loss: 0.0721, Correct: 6823, Accuracy: 0.9747
Shadow Model 32/80, Epoch 20/20, Loss: 0.0528, Correct: 6891, Accuracy: 0.9844
Shadow Model 33/80, Epoch 1/20, Loss: 1.1108, Correct: 4132, Accuracy: 0.5903
Shadow Model 33/80, Epoch 2/20, Loss: 0.7537, Correct: 5079, Accuracy: 0.7256
Shadow Model 33/80, Epoch 3/20, Loss: 0.6319, Correct: 5438, Accuracy: 0.7769
Shadow Model 33/80, Epoch 4/20, Loss: 0.5436, Correct: 5636, Accuracy: 0.8051
Shadow Model 33/80, Epoch 5/20, Loss: 0.5217, Correct: 5723, Accuracy: 0.8176
Shadow Model 33/80, Epoch 6/20, Loss: 0.4662, Correct: 5859, Accuracy: 0.8370
Shadow Model 33/80, Epoch 7/20, Loss: 0.3745, Correct: 6065, Accuracy: 0.8664
Shadow Model 33/80, Epoch 8/20, Loss: 0.3368, Correct: 6188, Accuracy: 0.8840
Shadow Model 33/80, Epoch 9/20, Loss: 0.2914, Correct: 6299, Accuracy: 0.8999
Shadow Model 33/80, Epoch 10/20, Loss: 0.2804, Correct: 6309, Accuracy: 0.9013
Shadow Model 33/80, Epoch 11/20, Loss: 0.2459, Correct: 6411, Accuracy: 0.9159
Shadow Model 33/80, Epoch 12/20, Loss: 0.1933, Correct: 6543, Accuracy: 0.9347
Shadow Model 33/80, Epoch 13/20, Loss: 0.1551, Correct: 6632, Accuracy: 0.9474
Shadow Model 33/80, Epoch 14/20, Loss: 0.1563, Correct: 6615, Accuracy: 0.9450
Shadow Model 33/80, Epoch 15/20, Loss: 0.1138, Correct: 6710, Accuracy: 0.9586
Shadow Model 33/80, Epoch 16/20, Loss: 0.1242, Correct: 6707, Accuracy: 0.9581
Shadow Model 33/80, Epoch 17/20, Loss: 0.1701, Correct: 6641, Accuracy: 0.9487
Shadow Model 33/80, Epoch 18/20, Loss: 0.1087, Correct: 6734, Accuracy: 0.9620
Shadow Model 33/80, Epoch 19/20, Loss: 0.0598, Correct: 6855, Accuracy: 0.9793
Shadow Model 33/80, Epoch 20/20, Loss: 0.0424, Correct: 6918, Accuracy: 0.9883
Shadow Model 34/80, Epoch 1/20, Loss: 1.1151, Correct: 4130, Accuracy: 0.5900
Shadow Model 34/80, Epoch 2/20, Loss: 0.8309, Correct: 4930, Accuracy: 0.7043
Shadow Model 34/80, Epoch 3/20, Loss: 0.7346, Correct: 5195, Accuracy: 0.7421
Shadow Model 34/80, Epoch 4/20, Loss: 0.6123, Correct: 5490, Accuracy: 0.7843
Shadow Model 34/80, Epoch 5/20, Loss: 0.5671, Correct: 5600, Accuracy: 0.8000
Shadow Model 34/80, Epoch 6/20, Loss: 0.4695, Correct: 5808, Accuracy: 0.8297
Shadow Model 34/80, Epoch 7/20, Loss: 0.4305, Correct: 5913, Accuracy: 0.8447
Shadow Model 34/80, Epoch 8/20, Loss: 0.3746, Correct: 6063, Accuracy: 0.8661
Shadow Model 34/80, Epoch 9/20, Loss: 0.3303, Correct: 6165, Accuracy: 0.8807
Shadow Model 34/80, Epoch 10/20, Loss: 0.3198, Correct: 6217, Accuracy: 0.8881
Shadow Model 34/80, Epoch 11/20, Loss: 0.2831, Correct: 6309, Accuracy: 0.9013
Shadow Model 34/80, Epoch 12/20, Loss: 0.2306, Correct: 6442, Accuracy: 0.9203
Shadow Model 34/80, Epoch 13/20, Loss: 0.2334, Correct: 6437, Accuracy: 0.9196
Shadow Model 34/80, Epoch 14/20, Loss: 0.1993, Correct: 6509, Accuracy: 0.9299
Shadow Model 34/80, Epoch 15/20, Loss: 0.1626, Correct: 6592, Accuracy: 0.9417
Shadow Model 34/80, Epoch 16/20, Loss: 0.1359, Correct: 6682, Accuracy: 0.9546
Shadow Model 34/80, Epoch 17/20, Loss: 0.1051, Correct: 6749, Accuracy: 0.9641
Shadow Model 34/80, Epoch 18/20, Loss: 0.1163, Correct: 6737, Accuracy: 0.9624
Shadow Model 34/80, Epoch 19/20, Loss: 0.0913, Correct: 6776, Accuracy: 0.9680
Shadow Model 34/80, Epoch 20/20, Loss: 0.1003, Correct: 6757, Accuracy: 0.9653
Shadow Model 35/80, Epoch 1/20, Loss: 1.1177, Correct: 4063, Accuracy: 0.5804
Shadow Model 35/80, Epoch 2/20, Loss: 0.8513, Correct: 4801, Accuracy: 0.6859
Shadow Model 35/80, Epoch 3/20, Loss: 0.7397, Correct: 5132, Accuracy: 0.7331
Shadow Model 35/80, Epoch 4/20, Loss: 0.6198, Correct: 5490, Accuracy: 0.7843
Shadow Model 35/80, Epoch 5/20, Loss: 0.4962, Correct: 5778, Accuracy: 0.8254
Shadow Model 35/80, Epoch 6/20, Loss: 0.4618, Correct: 5846, Accuracy: 0.8351
Shadow Model 35/80, Epoch 7/20, Loss: 0.4272, Correct: 5915, Accuracy: 0.8450
Shadow Model 35/80, Epoch 8/20, Loss: 0.3737, Correct: 6048, Accuracy: 0.8640
Shadow Model 35/80, Epoch 9/20, Loss: 0.3334, Correct: 6187, Accuracy: 0.8839
Shadow Model 35/80, Epoch 10/20, Loss: 0.3127, Correct: 6233, Accuracy: 0.8904
Shadow Model 35/80, Epoch 11/20, Loss: 0.3068, Correct: 6271, Accuracy: 0.8959
Shadow Model 35/80, Epoch 12/20, Loss: 0.2557, Correct: 6361, Accuracy: 0.9087
Shadow Model 35/80, Epoch 13/20, Loss: 0.2170, Correct: 6462, Accuracy: 0.9231
Shadow Model 35/80, Epoch 14/20, Loss: 0.1791, Correct: 6547, Accuracy: 0.9353
Shadow Model 35/80, Epoch 15/20, Loss: 0.1428, Correct: 6651, Accuracy: 0.9501
Shadow Model 35/80, Epoch 16/20, Loss: 0.1070, Correct: 6733, Accuracy: 0.9619
Shadow Model 35/80, Epoch 17/20, Loss: 0.1120, Correct: 6735, Accuracy: 0.9621
Shadow Model 35/80, Epoch 18/20, Loss: 0.0998, Correct: 6761, Accuracy: 0.9659
Shadow Model 35/80, Epoch 19/20, Loss: 0.0870, Correct: 6790, Accuracy: 0.9700
Shadow Model 35/80, Epoch 20/20, Loss: 0.0745, Correct: 6835, Accuracy: 0.9764
Shadow Model 36/80, Epoch 1/20, Loss: 1.1333, Correct: 4117, Accuracy: 0.5881
Shadow Model 36/80, Epoch 2/20, Loss: 0.8084, Correct: 4975, Accuracy: 0.7107
Shadow Model 36/80, Epoch 3/20, Loss: 0.6746, Correct: 5355, Accuracy: 0.7650
Shadow Model 36/80, Epoch 4/20, Loss: 0.5761, Correct: 5585, Accuracy: 0.7979
Shadow Model 36/80, Epoch 5/20, Loss: 0.5139, Correct: 5767, Accuracy: 0.8239
Shadow Model 36/80, Epoch 6/20, Loss: 0.4547, Correct: 5867, Accuracy: 0.8381
Shadow Model 36/80, Epoch 7/20, Loss: 0.4004, Correct: 6044, Accuracy: 0.8634
Shadow Model 36/80, Epoch 8/20, Loss: 0.4039, Correct: 6010, Accuracy: 0.8586
Shadow Model 36/80, Epoch 9/20, Loss: 0.3179, Correct: 6244, Accuracy: 0.8920
Shadow Model 36/80, Epoch 10/20, Loss: 0.2963, Correct: 6260, Accuracy: 0.8943
Shadow Model 36/80, Epoch 11/20, Loss: 0.2633, Correct: 6373, Accuracy: 0.9104
Shadow Model 36/80, Epoch 12/20, Loss: 0.2076, Correct: 6521, Accuracy: 0.9316
Shadow Model 36/80, Epoch 13/20, Loss: 0.2263, Correct: 6447, Accuracy: 0.9210
Shadow Model 36/80, Epoch 14/20, Loss: 0.1801, Correct: 6587, Accuracy: 0.9410
Shadow Model 36/80, Epoch 15/20, Loss: 0.1372, Correct: 6671, Accuracy: 0.9530
Shadow Model 36/80, Epoch 16/20, Loss: 0.1233, Correct: 6713, Accuracy: 0.9590
Shadow Model 36/80, Epoch 17/20, Loss: 0.1019, Correct: 6754, Accuracy: 0.9649
Shadow Model 36/80, Epoch 18/20, Loss: 0.0781, Correct: 6824, Accuracy: 0.9749
Shadow Model 36/80, Epoch 19/20, Loss: 0.0907, Correct: 6792, Accuracy: 0.9703
Shadow Model 36/80, Epoch 20/20, Loss: 0.0825, Correct: 6784, Accuracy: 0.9691
Shadow Model 37/80, Epoch 1/20, Loss: 1.0857, Correct: 4247, Accuracy: 0.6067
Shadow Model 37/80, Epoch 2/20, Loss: 0.8552, Correct: 4863, Accuracy: 0.6947
Shadow Model 37/80, Epoch 3/20, Loss: 0.6642, Correct: 5420, Accuracy: 0.7743
Shadow Model 37/80, Epoch 4/20, Loss: 0.5753, Correct: 5626, Accuracy: 0.8037
Shadow Model 37/80, Epoch 5/20, Loss: 0.5362, Correct: 5714, Accuracy: 0.8163
Shadow Model 37/80, Epoch 6/20, Loss: 0.4669, Correct: 5881, Accuracy: 0.8401
Shadow Model 37/80, Epoch 7/20, Loss: 0.4143, Correct: 5981, Accuracy: 0.8544
Shadow Model 37/80, Epoch 8/20, Loss: 0.3696, Correct: 6091, Accuracy: 0.8701
Shadow Model 37/80, Epoch 9/20, Loss: 0.3479, Correct: 6143, Accuracy: 0.8776
Shadow Model 37/80, Epoch 10/20, Loss: 0.3104, Correct: 6218, Accuracy: 0.8883
Shadow Model 37/80, Epoch 11/20, Loss: 0.2956, Correct: 6293, Accuracy: 0.8990
Shadow Model 37/80, Epoch 12/20, Loss: 0.2506, Correct: 6427, Accuracy: 0.9181
Shadow Model 37/80, Epoch 13/20, Loss: 0.2240, Correct: 6454, Accuracy: 0.9220
Shadow Model 37/80, Epoch 14/20, Loss: 0.2403, Correct: 6419, Accuracy: 0.9170
Shadow Model 37/80, Epoch 15/20, Loss: 0.1766, Correct: 6574, Accuracy: 0.9391
Shadow Model 37/80, Epoch 16/20, Loss: 0.1424, Correct: 6661, Accuracy: 0.9516
Shadow Model 37/80, Epoch 17/20, Loss: 0.1151, Correct: 6724, Accuracy: 0.9606
Shadow Model 37/80, Epoch 18/20, Loss: 0.1120, Correct: 6722, Accuracy: 0.9603
Shadow Model 37/80, Epoch 19/20, Loss: 0.0795, Correct: 6802, Accuracy: 0.9717
Shadow Model 37/80, Epoch 20/20, Loss: 0.0717, Correct: 6822, Accuracy: 0.9746
Shadow Model 38/80, Epoch 1/20, Loss: 1.0836, Correct: 4224, Accuracy: 0.6034
Shadow Model 38/80, Epoch 2/20, Loss: 0.8184, Correct: 4873, Accuracy: 0.6961
Shadow Model 38/80, Epoch 3/20, Loss: 0.6390, Correct: 5378, Accuracy: 0.7683
Shadow Model 38/80, Epoch 4/20, Loss: 0.5965, Correct: 5504, Accuracy: 0.7863
Shadow Model 38/80, Epoch 5/20, Loss: 0.4808, Correct: 5798, Accuracy: 0.8283
Shadow Model 38/80, Epoch 6/20, Loss: 0.4268, Correct: 5945, Accuracy: 0.8493
Shadow Model 38/80, Epoch 7/20, Loss: 0.4176, Correct: 5944, Accuracy: 0.8491
Shadow Model 38/80, Epoch 8/20, Loss: 0.3222, Correct: 6179, Accuracy: 0.8827
Shadow Model 38/80, Epoch 9/20, Loss: 0.3167, Correct: 6207, Accuracy: 0.8867
Shadow Model 38/80, Epoch 10/20, Loss: 0.3096, Correct: 6217, Accuracy: 0.8881
Shadow Model 38/80, Epoch 11/20, Loss: 0.2862, Correct: 6267, Accuracy: 0.8953
Shadow Model 38/80, Epoch 12/20, Loss: 0.2134, Correct: 6491, Accuracy: 0.9273
Shadow Model 38/80, Epoch 13/20, Loss: 0.2167, Correct: 6479, Accuracy: 0.9256
Shadow Model 38/80, Epoch 14/20, Loss: 0.1340, Correct: 6685, Accuracy: 0.9550
Shadow Model 38/80, Epoch 15/20, Loss: 0.1647, Correct: 6602, Accuracy: 0.9431
Shadow Model 38/80, Epoch 16/20, Loss: 0.0992, Correct: 6767, Accuracy: 0.9667
Shadow Model 38/80, Epoch 17/20, Loss: 0.0940, Correct: 6767, Accuracy: 0.9667
Shadow Model 38/80, Epoch 18/20, Loss: 0.0953, Correct: 6764, Accuracy: 0.9663
Shadow Model 38/80, Epoch 19/20, Loss: 0.0737, Correct: 6852, Accuracy: 0.9789
Shadow Model 38/80, Epoch 20/20, Loss: 0.0562, Correct: 6861, Accuracy: 0.9801
Shadow Model 39/80, Epoch 1/20, Loss: 1.0767, Correct: 4270, Accuracy: 0.6100
Shadow Model 39/80, Epoch 2/20, Loss: 0.7940, Correct: 5011, Accuracy: 0.7159
Shadow Model 39/80, Epoch 3/20, Loss: 0.6662, Correct: 5337, Accuracy: 0.7624
Shadow Model 39/80, Epoch 4/20, Loss: 0.5485, Correct: 5629, Accuracy: 0.8041
Shadow Model 39/80, Epoch 5/20, Loss: 0.4776, Correct: 5821, Accuracy: 0.8316
Shadow Model 39/80, Epoch 6/20, Loss: 0.4179, Correct: 5973, Accuracy: 0.8533
Shadow Model 39/80, Epoch 7/20, Loss: 0.3721, Correct: 6103, Accuracy: 0.8719
Shadow Model 39/80, Epoch 8/20, Loss: 0.2952, Correct: 6257, Accuracy: 0.8939
Shadow Model 39/80, Epoch 9/20, Loss: 0.2867, Correct: 6291, Accuracy: 0.8987
Shadow Model 39/80, Epoch 10/20, Loss: 0.2507, Correct: 6365, Accuracy: 0.9093
Shadow Model 39/80, Epoch 11/20, Loss: 0.2272, Correct: 6425, Accuracy: 0.9179
Shadow Model 39/80, Epoch 12/20, Loss: 0.1914, Correct: 6535, Accuracy: 0.9336
Shadow Model 39/80, Epoch 13/20, Loss: 0.1516, Correct: 6651, Accuracy: 0.9501
Shadow Model 39/80, Epoch 14/20, Loss: 0.1612, Correct: 6611, Accuracy: 0.9444
Shadow Model 39/80, Epoch 15/20, Loss: 0.1067, Correct: 6766, Accuracy: 0.9666
Shadow Model 39/80, Epoch 16/20, Loss: 0.0775, Correct: 6824, Accuracy: 0.9749
Shadow Model 39/80, Epoch 17/20, Loss: 0.1005, Correct: 6761, Accuracy: 0.9659
Shadow Model 39/80, Epoch 18/20, Loss: 0.0792, Correct: 6813, Accuracy: 0.9733
Shadow Model 39/80, Epoch 19/20, Loss: 0.0740, Correct: 6820, Accuracy: 0.9743
Shadow Model 39/80, Epoch 20/20, Loss: 0.0780, Correct: 6806, Accuracy: 0.9723
Shadow Model 40/80, Epoch 1/20, Loss: 1.1077, Correct: 4239, Accuracy: 0.6056
Shadow Model 40/80, Epoch 2/20, Loss: 0.8342, Correct: 4834, Accuracy: 0.6906
Shadow Model 40/80, Epoch 3/20, Loss: 0.6783, Correct: 5310, Accuracy: 0.7586
Shadow Model 40/80, Epoch 4/20, Loss: 0.5803, Correct: 5578, Accuracy: 0.7969
Shadow Model 40/80, Epoch 5/20, Loss: 0.5240, Correct: 5711, Accuracy: 0.8159
Shadow Model 40/80, Epoch 6/20, Loss: 0.4564, Correct: 5906, Accuracy: 0.8437
Shadow Model 40/80, Epoch 7/20, Loss: 0.4044, Correct: 6012, Accuracy: 0.8589
Shadow Model 40/80, Epoch 8/20, Loss: 0.3757, Correct: 6050, Accuracy: 0.8643
Shadow Model 40/80, Epoch 9/20, Loss: 0.3363, Correct: 6149, Accuracy: 0.8784
Shadow Model 40/80, Epoch 10/20, Loss: 0.3000, Correct: 6294, Accuracy: 0.8991
Shadow Model 40/80, Epoch 11/20, Loss: 0.2471, Correct: 6375, Accuracy: 0.9107
Shadow Model 40/80, Epoch 12/20, Loss: 0.2467, Correct: 6412, Accuracy: 0.9160
Shadow Model 40/80, Epoch 13/20, Loss: 0.2111, Correct: 6484, Accuracy: 0.9263
Shadow Model 40/80, Epoch 14/20, Loss: 0.1521, Correct: 6643, Accuracy: 0.9490
Shadow Model 40/80, Epoch 15/20, Loss: 0.1405, Correct: 6644, Accuracy: 0.9491
Shadow Model 40/80, Epoch 16/20, Loss: 0.1247, Correct: 6712, Accuracy: 0.9589
Shadow Model 40/80, Epoch 17/20, Loss: 0.1057, Correct: 6748, Accuracy: 0.9640
Shadow Model 40/80, Epoch 18/20, Loss: 0.0812, Correct: 6819, Accuracy: 0.9741
Shadow Model 40/80, Epoch 19/20, Loss: 0.1120, Correct: 6740, Accuracy: 0.9629
Shadow Model 40/80, Epoch 20/20, Loss: 0.1363, Correct: 6692, Accuracy: 0.9560
Shadow Model 41/80, Epoch 1/20, Loss: 1.1050, Correct: 4174, Accuracy: 0.5963
Shadow Model 41/80, Epoch 2/20, Loss: 0.8131, Correct: 4976, Accuracy: 0.7109
Shadow Model 41/80, Epoch 3/20, Loss: 0.6932, Correct: 5283, Accuracy: 0.7547
Shadow Model 41/80, Epoch 4/20, Loss: 0.5718, Correct: 5584, Accuracy: 0.7977
Shadow Model 41/80, Epoch 5/20, Loss: 0.5006, Correct: 5734, Accuracy: 0.8191
Shadow Model 41/80, Epoch 6/20, Loss: 0.4650, Correct: 5862, Accuracy: 0.8374
Shadow Model 41/80, Epoch 7/20, Loss: 0.4134, Correct: 5956, Accuracy: 0.8509
Shadow Model 41/80, Epoch 8/20, Loss: 0.3592, Correct: 6120, Accuracy: 0.8743
Shadow Model 41/80, Epoch 9/20, Loss: 0.3284, Correct: 6189, Accuracy: 0.8841
Shadow Model 41/80, Epoch 10/20, Loss: 0.3019, Correct: 6254, Accuracy: 0.8934
Shadow Model 41/80, Epoch 11/20, Loss: 0.2370, Correct: 6416, Accuracy: 0.9166
Shadow Model 41/80, Epoch 12/20, Loss: 0.2505, Correct: 6391, Accuracy: 0.9130
Shadow Model 41/80, Epoch 13/20, Loss: 0.1864, Correct: 6548, Accuracy: 0.9354
Shadow Model 41/80, Epoch 14/20, Loss: 0.1497, Correct: 6634, Accuracy: 0.9477
Shadow Model 41/80, Epoch 15/20, Loss: 0.1290, Correct: 6705, Accuracy: 0.9579
Shadow Model 41/80, Epoch 16/20, Loss: 0.1295, Correct: 6705, Accuracy: 0.9579
Shadow Model 41/80, Epoch 17/20, Loss: 0.1273, Correct: 6687, Accuracy: 0.9553
Shadow Model 41/80, Epoch 18/20, Loss: 0.1072, Correct: 6737, Accuracy: 0.9624
Shadow Model 41/80, Epoch 19/20, Loss: 0.0880, Correct: 6785, Accuracy: 0.9693
Shadow Model 41/80, Epoch 20/20, Loss: 0.0658, Correct: 6851, Accuracy: 0.9787
Shadow Model 42/80, Epoch 1/20, Loss: 1.1000, Correct: 4224, Accuracy: 0.6034
Shadow Model 42/80, Epoch 2/20, Loss: 0.8044, Correct: 4985, Accuracy: 0.7121
Shadow Model 42/80, Epoch 3/20, Loss: 0.6910, Correct: 5260, Accuracy: 0.7514
Shadow Model 42/80, Epoch 4/20, Loss: 0.5818, Correct: 5531, Accuracy: 0.7901
Shadow Model 42/80, Epoch 5/20, Loss: 0.5506, Correct: 5638, Accuracy: 0.8054
Shadow Model 42/80, Epoch 6/20, Loss: 0.4811, Correct: 5798, Accuracy: 0.8283
Shadow Model 42/80, Epoch 7/20, Loss: 0.4146, Correct: 5948, Accuracy: 0.8497
Shadow Model 42/80, Epoch 8/20, Loss: 0.4226, Correct: 5942, Accuracy: 0.8489
Shadow Model 42/80, Epoch 9/20, Loss: 0.3241, Correct: 6164, Accuracy: 0.8806
Shadow Model 42/80, Epoch 10/20, Loss: 0.3046, Correct: 6206, Accuracy: 0.8866
Shadow Model 42/80, Epoch 11/20, Loss: 0.2824, Correct: 6321, Accuracy: 0.9030
Shadow Model 42/80, Epoch 12/20, Loss: 0.2286, Correct: 6453, Accuracy: 0.9219
Shadow Model 42/80, Epoch 13/20, Loss: 0.2113, Correct: 6455, Accuracy: 0.9221
Shadow Model 42/80, Epoch 14/20, Loss: 0.1713, Correct: 6589, Accuracy: 0.9413
Shadow Model 42/80, Epoch 15/20, Loss: 0.1765, Correct: 6583, Accuracy: 0.9404
Shadow Model 42/80, Epoch 16/20, Loss: 0.1282, Correct: 6708, Accuracy: 0.9583
Shadow Model 42/80, Epoch 17/20, Loss: 0.0984, Correct: 6765, Accuracy: 0.9664
Shadow Model 42/80, Epoch 18/20, Loss: 0.0708, Correct: 6829, Accuracy: 0.9756
Shadow Model 42/80, Epoch 19/20, Loss: 0.1220, Correct: 6721, Accuracy: 0.9601
Shadow Model 42/80, Epoch 20/20, Loss: 0.0573, Correct: 6878, Accuracy: 0.9826
Shadow Model 43/80, Epoch 1/20, Loss: 1.1044, Correct: 4214, Accuracy: 0.6020
Shadow Model 43/80, Epoch 2/20, Loss: 0.7972, Correct: 4950, Accuracy: 0.7071
Shadow Model 43/80, Epoch 3/20, Loss: 0.6664, Correct: 5320, Accuracy: 0.7600
Shadow Model 43/80, Epoch 4/20, Loss: 0.5839, Correct: 5542, Accuracy: 0.7917
Shadow Model 43/80, Epoch 5/20, Loss: 0.5325, Correct: 5677, Accuracy: 0.8110
Shadow Model 43/80, Epoch 6/20, Loss: 0.4804, Correct: 5796, Accuracy: 0.8280
Shadow Model 43/80, Epoch 7/20, Loss: 0.4115, Correct: 5990, Accuracy: 0.8557
Shadow Model 43/80, Epoch 8/20, Loss: 0.3725, Correct: 6046, Accuracy: 0.8637
Shadow Model 43/80, Epoch 9/20, Loss: 0.3301, Correct: 6175, Accuracy: 0.8821
Shadow Model 43/80, Epoch 10/20, Loss: 0.2766, Correct: 6333, Accuracy: 0.9047
Shadow Model 43/80, Epoch 11/20, Loss: 0.2576, Correct: 6341, Accuracy: 0.9059
Shadow Model 43/80, Epoch 12/20, Loss: 0.2235, Correct: 6490, Accuracy: 0.9271
Shadow Model 43/80, Epoch 13/20, Loss: 0.2257, Correct: 6430, Accuracy: 0.9186
Shadow Model 43/80, Epoch 14/20, Loss: 0.1762, Correct: 6567, Accuracy: 0.9381
Shadow Model 43/80, Epoch 15/20, Loss: 0.1243, Correct: 6713, Accuracy: 0.9590
Shadow Model 43/80, Epoch 16/20, Loss: 0.1407, Correct: 6664, Accuracy: 0.9520
Shadow Model 43/80, Epoch 17/20, Loss: 0.1127, Correct: 6712, Accuracy: 0.9589
Shadow Model 43/80, Epoch 18/20, Loss: 0.0948, Correct: 6764, Accuracy: 0.9663
Shadow Model 43/80, Epoch 19/20, Loss: 0.0966, Correct: 6779, Accuracy: 0.9684
Shadow Model 43/80, Epoch 20/20, Loss: 0.1134, Correct: 6739, Accuracy: 0.9627
Shadow Model 44/80, Epoch 1/20, Loss: 1.1176, Correct: 4141, Accuracy: 0.5916
Shadow Model 44/80, Epoch 2/20, Loss: 0.8195, Correct: 4865, Accuracy: 0.6950
Shadow Model 44/80, Epoch 3/20, Loss: 0.6789, Correct: 5286, Accuracy: 0.7551
Shadow Model 44/80, Epoch 4/20, Loss: 0.6111, Correct: 5501, Accuracy: 0.7859
Shadow Model 44/80, Epoch 5/20, Loss: 0.5269, Correct: 5721, Accuracy: 0.8173
Shadow Model 44/80, Epoch 6/20, Loss: 0.4667, Correct: 5858, Accuracy: 0.8369
Shadow Model 44/80, Epoch 7/20, Loss: 0.4145, Correct: 5988, Accuracy: 0.8554
Shadow Model 44/80, Epoch 8/20, Loss: 0.3736, Correct: 6083, Accuracy: 0.8690
Shadow Model 44/80, Epoch 9/20, Loss: 0.3193, Correct: 6205, Accuracy: 0.8864
Shadow Model 44/80, Epoch 10/20, Loss: 0.2862, Correct: 6301, Accuracy: 0.9001
Shadow Model 44/80, Epoch 11/20, Loss: 0.2602, Correct: 6378, Accuracy: 0.9111
Shadow Model 44/80, Epoch 12/20, Loss: 0.2640, Correct: 6365, Accuracy: 0.9093
Shadow Model 44/80, Epoch 13/20, Loss: 0.1987, Correct: 6508, Accuracy: 0.9297
Shadow Model 44/80, Epoch 14/20, Loss: 0.1859, Correct: 6559, Accuracy: 0.9370
Shadow Model 44/80, Epoch 15/20, Loss: 0.1345, Correct: 6675, Accuracy: 0.9536
Shadow Model 44/80, Epoch 16/20, Loss: 0.1021, Correct: 6761, Accuracy: 0.9659
Shadow Model 44/80, Epoch 17/20, Loss: 0.1142, Correct: 6725, Accuracy: 0.9607
Shadow Model 44/80, Epoch 18/20, Loss: 0.1049, Correct: 6729, Accuracy: 0.9613
Shadow Model 44/80, Epoch 19/20, Loss: 0.0939, Correct: 6761, Accuracy: 0.9659
Shadow Model 44/80, Epoch 20/20, Loss: 0.0616, Correct: 6861, Accuracy: 0.9801
Shadow Model 45/80, Epoch 1/20, Loss: 1.1103, Correct: 4164, Accuracy: 0.5949
Shadow Model 45/80, Epoch 2/20, Loss: 0.7385, Correct: 5136, Accuracy: 0.7337
Shadow Model 45/80, Epoch 3/20, Loss: 0.6640, Correct: 5308, Accuracy: 0.7583
Shadow Model 45/80, Epoch 4/20, Loss: 0.5647, Correct: 5583, Accuracy: 0.7976
Shadow Model 45/80, Epoch 5/20, Loss: 0.4912, Correct: 5812, Accuracy: 0.8303
Shadow Model 45/80, Epoch 6/20, Loss: 0.4576, Correct: 5883, Accuracy: 0.8404
Shadow Model 45/80, Epoch 7/20, Loss: 0.3844, Correct: 6030, Accuracy: 0.8614
Shadow Model 45/80, Epoch 8/20, Loss: 0.3500, Correct: 6140, Accuracy: 0.8771
Shadow Model 45/80, Epoch 9/20, Loss: 0.3395, Correct: 6192, Accuracy: 0.8846
Shadow Model 45/80, Epoch 10/20, Loss: 0.2666, Correct: 6332, Accuracy: 0.9046
Shadow Model 45/80, Epoch 11/20, Loss: 0.2454, Correct: 6399, Accuracy: 0.9141
Shadow Model 45/80, Epoch 12/20, Loss: 0.2199, Correct: 6486, Accuracy: 0.9266
Shadow Model 45/80, Epoch 13/20, Loss: 0.1744, Correct: 6576, Accuracy: 0.9394
Shadow Model 45/80, Epoch 14/20, Loss: 0.1573, Correct: 6618, Accuracy: 0.9454
Shadow Model 45/80, Epoch 15/20, Loss: 0.1257, Correct: 6701, Accuracy: 0.9573
Shadow Model 45/80, Epoch 16/20, Loss: 0.1199, Correct: 6711, Accuracy: 0.9587
Shadow Model 45/80, Epoch 17/20, Loss: 0.1026, Correct: 6762, Accuracy: 0.9660
Shadow Model 45/80, Epoch 18/20, Loss: 0.0850, Correct: 6799, Accuracy: 0.9713
Shadow Model 45/80, Epoch 19/20, Loss: 0.0816, Correct: 6812, Accuracy: 0.9731
Shadow Model 45/80, Epoch 20/20, Loss: 0.0709, Correct: 6825, Accuracy: 0.9750
Shadow Model 46/80, Epoch 1/20, Loss: 1.1479, Correct: 4052, Accuracy: 0.5789
Shadow Model 46/80, Epoch 2/20, Loss: 0.8570, Correct: 4842, Accuracy: 0.6917
Shadow Model 46/80, Epoch 3/20, Loss: 0.7119, Correct: 5206, Accuracy: 0.7437
Shadow Model 46/80, Epoch 4/20, Loss: 0.6153, Correct: 5479, Accuracy: 0.7827
Shadow Model 46/80, Epoch 5/20, Loss: 0.5704, Correct: 5567, Accuracy: 0.7953
Shadow Model 46/80, Epoch 6/20, Loss: 0.4968, Correct: 5742, Accuracy: 0.8203
Shadow Model 46/80, Epoch 7/20, Loss: 0.4257, Correct: 5937, Accuracy: 0.8481
Shadow Model 46/80, Epoch 8/20, Loss: 0.4009, Correct: 6017, Accuracy: 0.8596
Shadow Model 46/80, Epoch 9/20, Loss: 0.3477, Correct: 6152, Accuracy: 0.8789
Shadow Model 46/80, Epoch 10/20, Loss: 0.2935, Correct: 6271, Accuracy: 0.8959
Shadow Model 46/80, Epoch 11/20, Loss: 0.2974, Correct: 6263, Accuracy: 0.8947
Shadow Model 46/80, Epoch 12/20, Loss: 0.2491, Correct: 6377, Accuracy: 0.9110
Shadow Model 46/80, Epoch 13/20, Loss: 0.2101, Correct: 6476, Accuracy: 0.9251
Shadow Model 46/80, Epoch 14/20, Loss: 0.2336, Correct: 6428, Accuracy: 0.9183
Shadow Model 46/80, Epoch 15/20, Loss: 0.1926, Correct: 6525, Accuracy: 0.9321
Shadow Model 46/80, Epoch 16/20, Loss: 0.1518, Correct: 6630, Accuracy: 0.9471
Shadow Model 46/80, Epoch 17/20, Loss: 0.1575, Correct: 6627, Accuracy: 0.9467
Shadow Model 46/80, Epoch 18/20, Loss: 0.1589, Correct: 6625, Accuracy: 0.9464
Shadow Model 46/80, Epoch 19/20, Loss: 0.1028, Correct: 6759, Accuracy: 0.9656
Shadow Model 46/80, Epoch 20/20, Loss: 0.0948, Correct: 6792, Accuracy: 0.9703
Shadow Model 47/80, Epoch 1/20, Loss: 1.0942, Correct: 4266, Accuracy: 0.6094
Shadow Model 47/80, Epoch 2/20, Loss: 0.7492, Correct: 5078, Accuracy: 0.7254
Shadow Model 47/80, Epoch 3/20, Loss: 0.6151, Correct: 5516, Accuracy: 0.7880
Shadow Model 47/80, Epoch 4/20, Loss: 0.5168, Correct: 5732, Accuracy: 0.8189
Shadow Model 47/80, Epoch 5/20, Loss: 0.4531, Correct: 5926, Accuracy: 0.8466
Shadow Model 47/80, Epoch 6/20, Loss: 0.3858, Correct: 6040, Accuracy: 0.8629
Shadow Model 47/80, Epoch 7/20, Loss: 0.3864, Correct: 6058, Accuracy: 0.8654
Shadow Model 47/80, Epoch 8/20, Loss: 0.3100, Correct: 6236, Accuracy: 0.8909
Shadow Model 47/80, Epoch 9/20, Loss: 0.2885, Correct: 6294, Accuracy: 0.8991
Shadow Model 47/80, Epoch 10/20, Loss: 0.2550, Correct: 6374, Accuracy: 0.9106
Shadow Model 47/80, Epoch 11/20, Loss: 0.2361, Correct: 6421, Accuracy: 0.9173
Shadow Model 47/80, Epoch 12/20, Loss: 0.1844, Correct: 6560, Accuracy: 0.9371
Shadow Model 47/80, Epoch 13/20, Loss: 0.1673, Correct: 6599, Accuracy: 0.9427
Shadow Model 47/80, Epoch 14/20, Loss: 0.1391, Correct: 6660, Accuracy: 0.9514
Shadow Model 47/80, Epoch 15/20, Loss: 0.1194, Correct: 6711, Accuracy: 0.9587
Shadow Model 47/80, Epoch 16/20, Loss: 0.1156, Correct: 6710, Accuracy: 0.9586
Shadow Model 47/80, Epoch 17/20, Loss: 0.0838, Correct: 6811, Accuracy: 0.9730
Shadow Model 47/80, Epoch 18/20, Loss: 0.0990, Correct: 6763, Accuracy: 0.9661
Shadow Model 47/80, Epoch 19/20, Loss: 0.0629, Correct: 6850, Accuracy: 0.9786
Shadow Model 47/80, Epoch 20/20, Loss: 0.0442, Correct: 6907, Accuracy: 0.9867
Shadow Model 48/80, Epoch 1/20, Loss: 1.1109, Correct: 4145, Accuracy: 0.5921
Shadow Model 48/80, Epoch 2/20, Loss: 0.7872, Correct: 5019, Accuracy: 0.7170
Shadow Model 48/80, Epoch 3/20, Loss: 0.6858, Correct: 5302, Accuracy: 0.7574
Shadow Model 48/80, Epoch 4/20, Loss: 0.5741, Correct: 5579, Accuracy: 0.7970
Shadow Model 48/80, Epoch 5/20, Loss: 0.5153, Correct: 5734, Accuracy: 0.8191
Shadow Model 48/80, Epoch 6/20, Loss: 0.4266, Correct: 5929, Accuracy: 0.8470
Shadow Model 48/80, Epoch 7/20, Loss: 0.3938, Correct: 6012, Accuracy: 0.8589
Shadow Model 48/80, Epoch 8/20, Loss: 0.3455, Correct: 6131, Accuracy: 0.8759
Shadow Model 48/80, Epoch 9/20, Loss: 0.2986, Correct: 6264, Accuracy: 0.8949
Shadow Model 48/80, Epoch 10/20, Loss: 0.2952, Correct: 6269, Accuracy: 0.8956
Shadow Model 48/80, Epoch 11/20, Loss: 0.2607, Correct: 6353, Accuracy: 0.9076
Shadow Model 48/80, Epoch 12/20, Loss: 0.2046, Correct: 6500, Accuracy: 0.9286
Shadow Model 48/80, Epoch 13/20, Loss: 0.1780, Correct: 6556, Accuracy: 0.9366
Shadow Model 48/80, Epoch 14/20, Loss: 0.1731, Correct: 6567, Accuracy: 0.9381
Shadow Model 48/80, Epoch 15/20, Loss: 0.1626, Correct: 6622, Accuracy: 0.9460
Shadow Model 48/80, Epoch 16/20, Loss: 0.0989, Correct: 6767, Accuracy: 0.9667
Shadow Model 48/80, Epoch 17/20, Loss: 0.1102, Correct: 6743, Accuracy: 0.9633
Shadow Model 48/80, Epoch 18/20, Loss: 0.0945, Correct: 6788, Accuracy: 0.9697
Shadow Model 48/80, Epoch 19/20, Loss: 0.0642, Correct: 6847, Accuracy: 0.9781
Shadow Model 48/80, Epoch 20/20, Loss: 0.0736, Correct: 6836, Accuracy: 0.9766
Shadow Model 49/80, Epoch 1/20, Loss: 1.1381, Correct: 4071, Accuracy: 0.5816
Shadow Model 49/80, Epoch 2/20, Loss: 0.8036, Correct: 4942, Accuracy: 0.7060
Shadow Model 49/80, Epoch 3/20, Loss: 0.6968, Correct: 5308, Accuracy: 0.7583
Shadow Model 49/80, Epoch 4/20, Loss: 0.5906, Correct: 5558, Accuracy: 0.7940
Shadow Model 49/80, Epoch 5/20, Loss: 0.5098, Correct: 5746, Accuracy: 0.8209
Shadow Model 49/80, Epoch 6/20, Loss: 0.4630, Correct: 5846, Accuracy: 0.8351
Shadow Model 49/80, Epoch 7/20, Loss: 0.4143, Correct: 5996, Accuracy: 0.8566
Shadow Model 49/80, Epoch 8/20, Loss: 0.3814, Correct: 6081, Accuracy: 0.8687
Shadow Model 49/80, Epoch 9/20, Loss: 0.3418, Correct: 6187, Accuracy: 0.8839
Shadow Model 49/80, Epoch 10/20, Loss: 0.2996, Correct: 6276, Accuracy: 0.8966
Shadow Model 49/80, Epoch 11/20, Loss: 0.2725, Correct: 6331, Accuracy: 0.9044
Shadow Model 49/80, Epoch 12/20, Loss: 0.2350, Correct: 6447, Accuracy: 0.9210
Shadow Model 49/80, Epoch 13/20, Loss: 0.2228, Correct: 6459, Accuracy: 0.9227
Shadow Model 49/80, Epoch 14/20, Loss: 0.1877, Correct: 6540, Accuracy: 0.9343
Shadow Model 49/80, Epoch 15/20, Loss: 0.1608, Correct: 6605, Accuracy: 0.9436
Shadow Model 49/80, Epoch 16/20, Loss: 0.1480, Correct: 6666, Accuracy: 0.9523
Shadow Model 49/80, Epoch 17/20, Loss: 0.1165, Correct: 6729, Accuracy: 0.9613
Shadow Model 49/80, Epoch 18/20, Loss: 0.1079, Correct: 6730, Accuracy: 0.9614
Shadow Model 49/80, Epoch 19/20, Loss: 0.1089, Correct: 6738, Accuracy: 0.9626
Shadow Model 49/80, Epoch 20/20, Loss: 0.0716, Correct: 6826, Accuracy: 0.9751
Shadow Model 50/80, Epoch 1/20, Loss: 1.0965, Correct: 4223, Accuracy: 0.6033
Shadow Model 50/80, Epoch 2/20, Loss: 0.8083, Correct: 4967, Accuracy: 0.7096
Shadow Model 50/80, Epoch 3/20, Loss: 0.6930, Correct: 5236, Accuracy: 0.7480
Shadow Model 50/80, Epoch 4/20, Loss: 0.5885, Correct: 5516, Accuracy: 0.7880
Shadow Model 50/80, Epoch 5/20, Loss: 0.4985, Correct: 5746, Accuracy: 0.8209
Shadow Model 50/80, Epoch 6/20, Loss: 0.4642, Correct: 5859, Accuracy: 0.8370
Shadow Model 50/80, Epoch 7/20, Loss: 0.4218, Correct: 5948, Accuracy: 0.8497
Shadow Model 50/80, Epoch 8/20, Loss: 0.3838, Correct: 6019, Accuracy: 0.8599
Shadow Model 50/80, Epoch 9/20, Loss: 0.3388, Correct: 6150, Accuracy: 0.8786
Shadow Model 50/80, Epoch 10/20, Loss: 0.2897, Correct: 6279, Accuracy: 0.8970
Shadow Model 50/80, Epoch 11/20, Loss: 0.3392, Correct: 6204, Accuracy: 0.8863
Shadow Model 50/80, Epoch 12/20, Loss: 0.2668, Correct: 6363, Accuracy: 0.9090
Shadow Model 50/80, Epoch 13/20, Loss: 0.1910, Correct: 6515, Accuracy: 0.9307
Shadow Model 50/80, Epoch 14/20, Loss: 0.1721, Correct: 6569, Accuracy: 0.9384
Shadow Model 50/80, Epoch 15/20, Loss: 0.1704, Correct: 6584, Accuracy: 0.9406
Shadow Model 50/80, Epoch 16/20, Loss: 0.1237, Correct: 6701, Accuracy: 0.9573
Shadow Model 50/80, Epoch 17/20, Loss: 0.1067, Correct: 6738, Accuracy: 0.9626
Shadow Model 50/80, Epoch 18/20, Loss: 0.0825, Correct: 6801, Accuracy: 0.9716
Shadow Model 50/80, Epoch 19/20, Loss: 0.0913, Correct: 6781, Accuracy: 0.9687
Shadow Model 50/80, Epoch 20/20, Loss: 0.1153, Correct: 6741, Accuracy: 0.9630
Shadow Model 51/80, Epoch 1/20, Loss: 1.1373, Correct: 4080, Accuracy: 0.5829
Shadow Model 51/80, Epoch 2/20, Loss: 0.8252, Correct: 4928, Accuracy: 0.7040
Shadow Model 51/80, Epoch 3/20, Loss: 0.6974, Correct: 5278, Accuracy: 0.7540
Shadow Model 51/80, Epoch 4/20, Loss: 0.5998, Correct: 5482, Accuracy: 0.7831
Shadow Model 51/80, Epoch 5/20, Loss: 0.5410, Correct: 5667, Accuracy: 0.8096
Shadow Model 51/80, Epoch 6/20, Loss: 0.4790, Correct: 5822, Accuracy: 0.8317
Shadow Model 51/80, Epoch 7/20, Loss: 0.4346, Correct: 5907, Accuracy: 0.8439
Shadow Model 51/80, Epoch 8/20, Loss: 0.3580, Correct: 6108, Accuracy: 0.8726
Shadow Model 51/80, Epoch 9/20, Loss: 0.3522, Correct: 6088, Accuracy: 0.8697
Shadow Model 51/80, Epoch 10/20, Loss: 0.3023, Correct: 6265, Accuracy: 0.8950
Shadow Model 51/80, Epoch 11/20, Loss: 0.2627, Correct: 6359, Accuracy: 0.9084
Shadow Model 51/80, Epoch 12/20, Loss: 0.2451, Correct: 6413, Accuracy: 0.9161
Shadow Model 51/80, Epoch 13/20, Loss: 0.2035, Correct: 6508, Accuracy: 0.9297
Shadow Model 51/80, Epoch 14/20, Loss: 0.2819, Correct: 6297, Accuracy: 0.8996
Shadow Model 51/80, Epoch 15/20, Loss: 0.1815, Correct: 6565, Accuracy: 0.9379
Shadow Model 51/80, Epoch 16/20, Loss: 0.1188, Correct: 6698, Accuracy: 0.9569
Shadow Model 51/80, Epoch 17/20, Loss: 0.0974, Correct: 6783, Accuracy: 0.9690
Shadow Model 51/80, Epoch 18/20, Loss: 0.0956, Correct: 6777, Accuracy: 0.9681
Shadow Model 51/80, Epoch 19/20, Loss: 0.0872, Correct: 6791, Accuracy: 0.9701
Shadow Model 51/80, Epoch 20/20, Loss: 0.0822, Correct: 6804, Accuracy: 0.9720
Shadow Model 52/80, Epoch 1/20, Loss: 1.0682, Correct: 4245, Accuracy: 0.6064
Shadow Model 52/80, Epoch 2/20, Loss: 0.8088, Correct: 4970, Accuracy: 0.7100
Shadow Model 52/80, Epoch 3/20, Loss: 0.6655, Correct: 5374, Accuracy: 0.7677
Shadow Model 52/80, Epoch 4/20, Loss: 0.5874, Correct: 5543, Accuracy: 0.7919
Shadow Model 52/80, Epoch 5/20, Loss: 0.5091, Correct: 5735, Accuracy: 0.8193
Shadow Model 52/80, Epoch 6/20, Loss: 0.4619, Correct: 5870, Accuracy: 0.8386
Shadow Model 52/80, Epoch 7/20, Loss: 0.4207, Correct: 5981, Accuracy: 0.8544
Shadow Model 52/80, Epoch 8/20, Loss: 0.4379, Correct: 5917, Accuracy: 0.8453
Shadow Model 52/80, Epoch 9/20, Loss: 0.3305, Correct: 6179, Accuracy: 0.8827
Shadow Model 52/80, Epoch 10/20, Loss: 0.3227, Correct: 6178, Accuracy: 0.8826
Shadow Model 52/80, Epoch 11/20, Loss: 0.2701, Correct: 6317, Accuracy: 0.9024
Shadow Model 52/80, Epoch 12/20, Loss: 0.2259, Correct: 6466, Accuracy: 0.9237
Shadow Model 52/80, Epoch 13/20, Loss: 0.2010, Correct: 6499, Accuracy: 0.9284
Shadow Model 52/80, Epoch 14/20, Loss: 0.1542, Correct: 6610, Accuracy: 0.9443
Shadow Model 52/80, Epoch 15/20, Loss: 0.1416, Correct: 6666, Accuracy: 0.9523
Shadow Model 52/80, Epoch 16/20, Loss: 0.1482, Correct: 6634, Accuracy: 0.9477
Shadow Model 52/80, Epoch 17/20, Loss: 0.1318, Correct: 6700, Accuracy: 0.9571
Shadow Model 52/80, Epoch 18/20, Loss: 0.0854, Correct: 6808, Accuracy: 0.9726
Shadow Model 52/80, Epoch 19/20, Loss: 0.0703, Correct: 6847, Accuracy: 0.9781
Shadow Model 52/80, Epoch 20/20, Loss: 0.0694, Correct: 6827, Accuracy: 0.9753
Shadow Model 53/80, Epoch 1/20, Loss: 1.1478, Correct: 4035, Accuracy: 0.5764
Shadow Model 53/80, Epoch 2/20, Loss: 0.8604, Correct: 4830, Accuracy: 0.6900
Shadow Model 53/80, Epoch 3/20, Loss: 0.7309, Correct: 5173, Accuracy: 0.7390
Shadow Model 53/80, Epoch 4/20, Loss: 0.5671, Correct: 5603, Accuracy: 0.8004
Shadow Model 53/80, Epoch 5/20, Loss: 0.5128, Correct: 5732, Accuracy: 0.8189
Shadow Model 53/80, Epoch 6/20, Loss: 0.5081, Correct: 5726, Accuracy: 0.8180
Shadow Model 53/80, Epoch 7/20, Loss: 0.4462, Correct: 5904, Accuracy: 0.8434
Shadow Model 53/80, Epoch 8/20, Loss: 0.3587, Correct: 6138, Accuracy: 0.8769
Shadow Model 53/80, Epoch 9/20, Loss: 0.3272, Correct: 6192, Accuracy: 0.8846
Shadow Model 53/80, Epoch 10/20, Loss: 0.2775, Correct: 6300, Accuracy: 0.9000
Shadow Model 53/80, Epoch 11/20, Loss: 0.2363, Correct: 6430, Accuracy: 0.9186
Shadow Model 53/80, Epoch 12/20, Loss: 0.2432, Correct: 6407, Accuracy: 0.9153
Shadow Model 53/80, Epoch 13/20, Loss: 0.1830, Correct: 6572, Accuracy: 0.9389
Shadow Model 53/80, Epoch 14/20, Loss: 0.1621, Correct: 6617, Accuracy: 0.9453
Shadow Model 53/80, Epoch 15/20, Loss: 0.1653, Correct: 6603, Accuracy: 0.9433
Shadow Model 53/80, Epoch 16/20, Loss: 0.1278, Correct: 6691, Accuracy: 0.9559
Shadow Model 53/80, Epoch 17/20, Loss: 0.1113, Correct: 6728, Accuracy: 0.9611
Shadow Model 53/80, Epoch 18/20, Loss: 0.0894, Correct: 6776, Accuracy: 0.9680
Shadow Model 53/80, Epoch 19/20, Loss: 0.0650, Correct: 6847, Accuracy: 0.9781
Shadow Model 53/80, Epoch 20/20, Loss: 0.0852, Correct: 6807, Accuracy: 0.9724
Shadow Model 54/80, Epoch 1/20, Loss: 1.1129, Correct: 4080, Accuracy: 0.5829
Shadow Model 54/80, Epoch 2/20, Loss: 0.8129, Correct: 4924, Accuracy: 0.7034
Shadow Model 54/80, Epoch 3/20, Loss: 0.6678, Correct: 5346, Accuracy: 0.7637
Shadow Model 54/80, Epoch 4/20, Loss: 0.5551, Correct: 5613, Accuracy: 0.8019
Shadow Model 54/80, Epoch 5/20, Loss: 0.4933, Correct: 5774, Accuracy: 0.8249
Shadow Model 54/80, Epoch 6/20, Loss: 0.4257, Correct: 5937, Accuracy: 0.8481
Shadow Model 54/80, Epoch 7/20, Loss: 0.4049, Correct: 6047, Accuracy: 0.8639
Shadow Model 54/80, Epoch 8/20, Loss: 0.3934, Correct: 6101, Accuracy: 0.8716
Shadow Model 54/80, Epoch 9/20, Loss: 0.3594, Correct: 6139, Accuracy: 0.8770
Shadow Model 54/80, Epoch 10/20, Loss: 0.2682, Correct: 6352, Accuracy: 0.9074
Shadow Model 54/80, Epoch 11/20, Loss: 0.2630, Correct: 6354, Accuracy: 0.9077
Shadow Model 54/80, Epoch 12/20, Loss: 0.2077, Correct: 6458, Accuracy: 0.9226
Shadow Model 54/80, Epoch 13/20, Loss: 0.2322, Correct: 6428, Accuracy: 0.9183
Shadow Model 54/80, Epoch 14/20, Loss: 0.1782, Correct: 6554, Accuracy: 0.9363
Shadow Model 54/80, Epoch 15/20, Loss: 0.1232, Correct: 6704, Accuracy: 0.9577
Shadow Model 54/80, Epoch 16/20, Loss: 0.1508, Correct: 6641, Accuracy: 0.9487
Shadow Model 54/80, Epoch 17/20, Loss: 0.0921, Correct: 6790, Accuracy: 0.9700
Shadow Model 54/80, Epoch 18/20, Loss: 0.1062, Correct: 6735, Accuracy: 0.9621
Shadow Model 54/80, Epoch 19/20, Loss: 0.0621, Correct: 6858, Accuracy: 0.9797
Shadow Model 54/80, Epoch 20/20, Loss: 0.0802, Correct: 6816, Accuracy: 0.9737
Shadow Model 55/80, Epoch 1/20, Loss: 1.0894, Correct: 4225, Accuracy: 0.6036
Shadow Model 55/80, Epoch 2/20, Loss: 0.8031, Correct: 4956, Accuracy: 0.7080
Shadow Model 55/80, Epoch 3/20, Loss: 0.6211, Correct: 5462, Accuracy: 0.7803
Shadow Model 55/80, Epoch 4/20, Loss: 0.5784, Correct: 5590, Accuracy: 0.7986
Shadow Model 55/80, Epoch 5/20, Loss: 0.4772, Correct: 5791, Accuracy: 0.8273
Shadow Model 55/80, Epoch 6/20, Loss: 0.4259, Correct: 5920, Accuracy: 0.8457
Shadow Model 55/80, Epoch 7/20, Loss: 0.4189, Correct: 5925, Accuracy: 0.8464
Shadow Model 55/80, Epoch 8/20, Loss: 0.3599, Correct: 6117, Accuracy: 0.8739
Shadow Model 55/80, Epoch 9/20, Loss: 0.3053, Correct: 6273, Accuracy: 0.8961
Shadow Model 55/80, Epoch 10/20, Loss: 0.3083, Correct: 6237, Accuracy: 0.8910
Shadow Model 55/80, Epoch 11/20, Loss: 0.2515, Correct: 6367, Accuracy: 0.9096
Shadow Model 55/80, Epoch 12/20, Loss: 0.2202, Correct: 6469, Accuracy: 0.9241
Shadow Model 55/80, Epoch 13/20, Loss: 0.1981, Correct: 6501, Accuracy: 0.9287
Shadow Model 55/80, Epoch 14/20, Loss: 0.1637, Correct: 6607, Accuracy: 0.9439
Shadow Model 55/80, Epoch 15/20, Loss: 0.1237, Correct: 6707, Accuracy: 0.9581
Shadow Model 55/80, Epoch 16/20, Loss: 0.1201, Correct: 6713, Accuracy: 0.9590
Shadow Model 55/80, Epoch 17/20, Loss: 0.1184, Correct: 6703, Accuracy: 0.9576
Shadow Model 55/80, Epoch 18/20, Loss: 0.0753, Correct: 6822, Accuracy: 0.9746
Shadow Model 55/80, Epoch 19/20, Loss: 0.0967, Correct: 6756, Accuracy: 0.9651
Shadow Model 55/80, Epoch 20/20, Loss: 0.0589, Correct: 6854, Accuracy: 0.9791
Shadow Model 56/80, Epoch 1/20, Loss: 1.1112, Correct: 4201, Accuracy: 0.6001
Shadow Model 56/80, Epoch 2/20, Loss: 0.7982, Correct: 4994, Accuracy: 0.7134
Shadow Model 56/80, Epoch 3/20, Loss: 0.6576, Correct: 5333, Accuracy: 0.7619
Shadow Model 56/80, Epoch 4/20, Loss: 0.5870, Correct: 5559, Accuracy: 0.7941
Shadow Model 56/80, Epoch 5/20, Loss: 0.5250, Correct: 5721, Accuracy: 0.8173
Shadow Model 56/80, Epoch 6/20, Loss: 0.4801, Correct: 5803, Accuracy: 0.8290
Shadow Model 56/80, Epoch 7/20, Loss: 0.3879, Correct: 6012, Accuracy: 0.8589
Shadow Model 56/80, Epoch 8/20, Loss: 0.3463, Correct: 6153, Accuracy: 0.8790
Shadow Model 56/80, Epoch 9/20, Loss: 0.3257, Correct: 6166, Accuracy: 0.8809
Shadow Model 56/80, Epoch 10/20, Loss: 0.2808, Correct: 6304, Accuracy: 0.9006
Shadow Model 56/80, Epoch 11/20, Loss: 0.2462, Correct: 6403, Accuracy: 0.9147
Shadow Model 56/80, Epoch 12/20, Loss: 0.2568, Correct: 6393, Accuracy: 0.9133
Shadow Model 56/80, Epoch 13/20, Loss: 0.1919, Correct: 6542, Accuracy: 0.9346
Shadow Model 56/80, Epoch 14/20, Loss: 0.1791, Correct: 6579, Accuracy: 0.9399
Shadow Model 56/80, Epoch 15/20, Loss: 0.1710, Correct: 6583, Accuracy: 0.9404
Shadow Model 56/80, Epoch 16/20, Loss: 0.1264, Correct: 6703, Accuracy: 0.9576
Shadow Model 56/80, Epoch 17/20, Loss: 0.1161, Correct: 6730, Accuracy: 0.9614
Shadow Model 56/80, Epoch 18/20, Loss: 0.0855, Correct: 6791, Accuracy: 0.9701
Shadow Model 56/80, Epoch 19/20, Loss: 0.0926, Correct: 6779, Accuracy: 0.9684
Shadow Model 56/80, Epoch 20/20, Loss: 0.0908, Correct: 6791, Accuracy: 0.9701
Shadow Model 57/80, Epoch 1/20, Loss: 1.0939, Correct: 4225, Accuracy: 0.6036
Shadow Model 57/80, Epoch 2/20, Loss: 0.7704, Correct: 5024, Accuracy: 0.7177
Shadow Model 57/80, Epoch 3/20, Loss: 0.6486, Correct: 5398, Accuracy: 0.7711
Shadow Model 57/80, Epoch 4/20, Loss: 0.5688, Correct: 5600, Accuracy: 0.8000
Shadow Model 57/80, Epoch 5/20, Loss: 0.4925, Correct: 5800, Accuracy: 0.8286
Shadow Model 57/80, Epoch 6/20, Loss: 0.4368, Correct: 5913, Accuracy: 0.8447
Shadow Model 57/80, Epoch 7/20, Loss: 0.3989, Correct: 6006, Accuracy: 0.8580
Shadow Model 57/80, Epoch 8/20, Loss: 0.3548, Correct: 6120, Accuracy: 0.8743
Shadow Model 57/80, Epoch 9/20, Loss: 0.3406, Correct: 6149, Accuracy: 0.8784
Shadow Model 57/80, Epoch 10/20, Loss: 0.3247, Correct: 6177, Accuracy: 0.8824
Shadow Model 57/80, Epoch 11/20, Loss: 0.3210, Correct: 6223, Accuracy: 0.8890
Shadow Model 57/80, Epoch 12/20, Loss: 0.2457, Correct: 6402, Accuracy: 0.9146
Shadow Model 57/80, Epoch 13/20, Loss: 0.1944, Correct: 6541, Accuracy: 0.9344
Shadow Model 57/80, Epoch 14/20, Loss: 0.2029, Correct: 6524, Accuracy: 0.9320
Shadow Model 57/80, Epoch 15/20, Loss: 0.1705, Correct: 6591, Accuracy: 0.9416
Shadow Model 57/80, Epoch 16/20, Loss: 0.1394, Correct: 6679, Accuracy: 0.9541
Shadow Model 57/80, Epoch 17/20, Loss: 0.1447, Correct: 6699, Accuracy: 0.9570
Shadow Model 57/80, Epoch 18/20, Loss: 0.1297, Correct: 6691, Accuracy: 0.9559
Shadow Model 57/80, Epoch 19/20, Loss: 0.0791, Correct: 6820, Accuracy: 0.9743
Shadow Model 57/80, Epoch 20/20, Loss: 0.0967, Correct: 6800, Accuracy: 0.9714
Shadow Model 58/80, Epoch 1/20, Loss: 1.0947, Correct: 4265, Accuracy: 0.6093
Shadow Model 58/80, Epoch 2/20, Loss: 0.8224, Correct: 4933, Accuracy: 0.7047
Shadow Model 58/80, Epoch 3/20, Loss: 0.7065, Correct: 5279, Accuracy: 0.7541
Shadow Model 58/80, Epoch 4/20, Loss: 0.5815, Correct: 5569, Accuracy: 0.7956
Shadow Model 58/80, Epoch 5/20, Loss: 0.5297, Correct: 5685, Accuracy: 0.8121
Shadow Model 58/80, Epoch 6/20, Loss: 0.4424, Correct: 5891, Accuracy: 0.8416
Shadow Model 58/80, Epoch 7/20, Loss: 0.3861, Correct: 6029, Accuracy: 0.8613
Shadow Model 58/80, Epoch 8/20, Loss: 0.3806, Correct: 6090, Accuracy: 0.8700
Shadow Model 58/80, Epoch 9/20, Loss: 0.3655, Correct: 6094, Accuracy: 0.8706
Shadow Model 58/80, Epoch 10/20, Loss: 0.2925, Correct: 6273, Accuracy: 0.8961
Shadow Model 58/80, Epoch 11/20, Loss: 0.2796, Correct: 6287, Accuracy: 0.8981
Shadow Model 58/80, Epoch 12/20, Loss: 0.2351, Correct: 6435, Accuracy: 0.9193
Shadow Model 58/80, Epoch 13/20, Loss: 0.1880, Correct: 6523, Accuracy: 0.9319
Shadow Model 58/80, Epoch 14/20, Loss: 0.1927, Correct: 6542, Accuracy: 0.9346
Shadow Model 58/80, Epoch 15/20, Loss: 0.1702, Correct: 6574, Accuracy: 0.9391
Shadow Model 58/80, Epoch 16/20, Loss: 0.1493, Correct: 6642, Accuracy: 0.9489
Shadow Model 58/80, Epoch 17/20, Loss: 0.1251, Correct: 6696, Accuracy: 0.9566
Shadow Model 58/80, Epoch 18/20, Loss: 0.1111, Correct: 6744, Accuracy: 0.9634
Shadow Model 58/80, Epoch 19/20, Loss: 0.0698, Correct: 6847, Accuracy: 0.9781
Shadow Model 58/80, Epoch 20/20, Loss: 0.0480, Correct: 6894, Accuracy: 0.9849
Shadow Model 59/80, Epoch 1/20, Loss: 1.0442, Correct: 4317, Accuracy: 0.6167
Shadow Model 59/80, Epoch 2/20, Loss: 0.7664, Correct: 5042, Accuracy: 0.7203
Shadow Model 59/80, Epoch 3/20, Loss: 0.6528, Correct: 5342, Accuracy: 0.7631
Shadow Model 59/80, Epoch 4/20, Loss: 0.5698, Correct: 5589, Accuracy: 0.7984
Shadow Model 59/80, Epoch 5/20, Loss: 0.4773, Correct: 5782, Accuracy: 0.8260
Shadow Model 59/80, Epoch 6/20, Loss: 0.4395, Correct: 5901, Accuracy: 0.8430
Shadow Model 59/80, Epoch 7/20, Loss: 0.3728, Correct: 6093, Accuracy: 0.8704
Shadow Model 59/80, Epoch 8/20, Loss: 0.3643, Correct: 6131, Accuracy: 0.8759
Shadow Model 59/80, Epoch 9/20, Loss: 0.3005, Correct: 6249, Accuracy: 0.8927
Shadow Model 59/80, Epoch 10/20, Loss: 0.2652, Correct: 6356, Accuracy: 0.9080
Shadow Model 59/80, Epoch 11/20, Loss: 0.2125, Correct: 6452, Accuracy: 0.9217
Shadow Model 59/80, Epoch 12/20, Loss: 0.2055, Correct: 6483, Accuracy: 0.9261
Shadow Model 59/80, Epoch 13/20, Loss: 0.1614, Correct: 6615, Accuracy: 0.9450
Shadow Model 59/80, Epoch 14/20, Loss: 0.1687, Correct: 6584, Accuracy: 0.9406
Shadow Model 59/80, Epoch 15/20, Loss: 0.1461, Correct: 6659, Accuracy: 0.9513
Shadow Model 59/80, Epoch 16/20, Loss: 0.1106, Correct: 6760, Accuracy: 0.9657
Shadow Model 59/80, Epoch 17/20, Loss: 0.0758, Correct: 6832, Accuracy: 0.9760
Shadow Model 59/80, Epoch 18/20, Loss: 0.1078, Correct: 6736, Accuracy: 0.9623
Shadow Model 59/80, Epoch 19/20, Loss: 0.0641, Correct: 6847, Accuracy: 0.9781
Shadow Model 59/80, Epoch 20/20, Loss: 0.0351, Correct: 6929, Accuracy: 0.9899
Shadow Model 60/80, Epoch 1/20, Loss: 1.1155, Correct: 4096, Accuracy: 0.5851
Shadow Model 60/80, Epoch 2/20, Loss: 0.8532, Correct: 4845, Accuracy: 0.6921
Shadow Model 60/80, Epoch 3/20, Loss: 0.6333, Correct: 5391, Accuracy: 0.7701
Shadow Model 60/80, Epoch 4/20, Loss: 0.5559, Correct: 5649, Accuracy: 0.8070
Shadow Model 60/80, Epoch 5/20, Loss: 0.4907, Correct: 5787, Accuracy: 0.8267
Shadow Model 60/80, Epoch 6/20, Loss: 0.4419, Correct: 5891, Accuracy: 0.8416
Shadow Model 60/80, Epoch 7/20, Loss: 0.4234, Correct: 5969, Accuracy: 0.8527
Shadow Model 60/80, Epoch 8/20, Loss: 0.3541, Correct: 6128, Accuracy: 0.8754
Shadow Model 60/80, Epoch 9/20, Loss: 0.3214, Correct: 6171, Accuracy: 0.8816
Shadow Model 60/80, Epoch 10/20, Loss: 0.2886, Correct: 6266, Accuracy: 0.8951
Shadow Model 60/80, Epoch 11/20, Loss: 0.2904, Correct: 6268, Accuracy: 0.8954
Shadow Model 60/80, Epoch 12/20, Loss: 0.2470, Correct: 6398, Accuracy: 0.9140
Shadow Model 60/80, Epoch 13/20, Loss: 0.2023, Correct: 6514, Accuracy: 0.9306
Shadow Model 60/80, Epoch 14/20, Loss: 0.2098, Correct: 6518, Accuracy: 0.9311
Shadow Model 60/80, Epoch 15/20, Loss: 0.1610, Correct: 6610, Accuracy: 0.9443
Shadow Model 60/80, Epoch 16/20, Loss: 0.1124, Correct: 6737, Accuracy: 0.9624
Shadow Model 60/80, Epoch 17/20, Loss: 0.1075, Correct: 6743, Accuracy: 0.9633
Shadow Model 60/80, Epoch 18/20, Loss: 0.0972, Correct: 6767, Accuracy: 0.9667
Shadow Model 60/80, Epoch 19/20, Loss: 0.0768, Correct: 6813, Accuracy: 0.9733
Shadow Model 60/80, Epoch 20/20, Loss: 0.1123, Correct: 6721, Accuracy: 0.9601
Shadow Model 61/80, Epoch 1/20, Loss: 1.0969, Correct: 4217, Accuracy: 0.6024
Shadow Model 61/80, Epoch 2/20, Loss: 0.7668, Correct: 5095, Accuracy: 0.7279
Shadow Model 61/80, Epoch 3/20, Loss: 0.6103, Correct: 5488, Accuracy: 0.7840
Shadow Model 61/80, Epoch 4/20, Loss: 0.5323, Correct: 5700, Accuracy: 0.8143
Shadow Model 61/80, Epoch 5/20, Loss: 0.4491, Correct: 5877, Accuracy: 0.8396
Shadow Model 61/80, Epoch 6/20, Loss: 0.3746, Correct: 6064, Accuracy: 0.8663
Shadow Model 61/80, Epoch 7/20, Loss: 0.3543, Correct: 6107, Accuracy: 0.8724
Shadow Model 61/80, Epoch 8/20, Loss: 0.3340, Correct: 6179, Accuracy: 0.8827
Shadow Model 61/80, Epoch 9/20, Loss: 0.3073, Correct: 6240, Accuracy: 0.8914
Shadow Model 61/80, Epoch 10/20, Loss: 0.2250, Correct: 6443, Accuracy: 0.9204
Shadow Model 61/80, Epoch 11/20, Loss: 0.2009, Correct: 6510, Accuracy: 0.9300
Shadow Model 61/80, Epoch 12/20, Loss: 0.1663, Correct: 6570, Accuracy: 0.9386
Shadow Model 61/80, Epoch 13/20, Loss: 0.1518, Correct: 6624, Accuracy: 0.9463
Shadow Model 61/80, Epoch 14/20, Loss: 0.1068, Correct: 6758, Accuracy: 0.9654
Shadow Model 61/80, Epoch 15/20, Loss: 0.1114, Correct: 6731, Accuracy: 0.9616
Shadow Model 61/80, Epoch 16/20, Loss: 0.0873, Correct: 6809, Accuracy: 0.9727
Shadow Model 61/80, Epoch 17/20, Loss: 0.1019, Correct: 6760, Accuracy: 0.9657
Shadow Model 61/80, Epoch 18/20, Loss: 0.0558, Correct: 6879, Accuracy: 0.9827
Shadow Model 61/80, Epoch 19/20, Loss: 0.0519, Correct: 6877, Accuracy: 0.9824
Shadow Model 61/80, Epoch 20/20, Loss: 0.0671, Correct: 6840, Accuracy: 0.9771
Shadow Model 62/80, Epoch 1/20, Loss: 1.0870, Correct: 4205, Accuracy: 0.6007
Shadow Model 62/80, Epoch 2/20, Loss: 0.7885, Correct: 5017, Accuracy: 0.7167
Shadow Model 62/80, Epoch 3/20, Loss: 0.6588, Correct: 5358, Accuracy: 0.7654
Shadow Model 62/80, Epoch 4/20, Loss: 0.5829, Correct: 5555, Accuracy: 0.7936
Shadow Model 62/80, Epoch 5/20, Loss: 0.4920, Correct: 5750, Accuracy: 0.8214
Shadow Model 62/80, Epoch 6/20, Loss: 0.4575, Correct: 5888, Accuracy: 0.8411
Shadow Model 62/80, Epoch 7/20, Loss: 0.4003, Correct: 6027, Accuracy: 0.8610
Shadow Model 62/80, Epoch 8/20, Loss: 0.3810, Correct: 6062, Accuracy: 0.8660
Shadow Model 62/80, Epoch 9/20, Loss: 0.3389, Correct: 6159, Accuracy: 0.8799
Shadow Model 62/80, Epoch 10/20, Loss: 0.2830, Correct: 6292, Accuracy: 0.8989
Shadow Model 62/80, Epoch 11/20, Loss: 0.2921, Correct: 6275, Accuracy: 0.8964
Shadow Model 62/80, Epoch 12/20, Loss: 0.2465, Correct: 6424, Accuracy: 0.9177
Shadow Model 62/80, Epoch 13/20, Loss: 0.1937, Correct: 6536, Accuracy: 0.9337
Shadow Model 62/80, Epoch 14/20, Loss: 0.1657, Correct: 6601, Accuracy: 0.9430
Shadow Model 62/80, Epoch 15/20, Loss: 0.1772, Correct: 6569, Accuracy: 0.9384
Shadow Model 62/80, Epoch 16/20, Loss: 0.1819, Correct: 6568, Accuracy: 0.9383
Shadow Model 62/80, Epoch 17/20, Loss: 0.1108, Correct: 6765, Accuracy: 0.9664
Shadow Model 62/80, Epoch 18/20, Loss: 0.1148, Correct: 6726, Accuracy: 0.9609
Shadow Model 62/80, Epoch 19/20, Loss: 0.0889, Correct: 6800, Accuracy: 0.9714
Shadow Model 62/80, Epoch 20/20, Loss: 0.0845, Correct: 6804, Accuracy: 0.9720
Shadow Model 63/80, Epoch 1/20, Loss: 1.1014, Correct: 4242, Accuracy: 0.6060
Shadow Model 63/80, Epoch 2/20, Loss: 0.8384, Correct: 4900, Accuracy: 0.7000
Shadow Model 63/80, Epoch 3/20, Loss: 0.6885, Correct: 5305, Accuracy: 0.7579
Shadow Model 63/80, Epoch 4/20, Loss: 0.5761, Correct: 5603, Accuracy: 0.8004
Shadow Model 63/80, Epoch 5/20, Loss: 0.5042, Correct: 5742, Accuracy: 0.8203
Shadow Model 63/80, Epoch 6/20, Loss: 0.4686, Correct: 5842, Accuracy: 0.8346
Shadow Model 63/80, Epoch 7/20, Loss: 0.4258, Correct: 5948, Accuracy: 0.8497
Shadow Model 63/80, Epoch 8/20, Loss: 0.3730, Correct: 6070, Accuracy: 0.8671
Shadow Model 63/80, Epoch 9/20, Loss: 0.3264, Correct: 6191, Accuracy: 0.8844
Shadow Model 63/80, Epoch 10/20, Loss: 0.2663, Correct: 6337, Accuracy: 0.9053
Shadow Model 63/80, Epoch 11/20, Loss: 0.3087, Correct: 6257, Accuracy: 0.8939
Shadow Model 63/80, Epoch 12/20, Loss: 0.2318, Correct: 6422, Accuracy: 0.9174
Shadow Model 63/80, Epoch 13/20, Loss: 0.1991, Correct: 6514, Accuracy: 0.9306
Shadow Model 63/80, Epoch 14/20, Loss: 0.1558, Correct: 6630, Accuracy: 0.9471
Shadow Model 63/80, Epoch 15/20, Loss: 0.1439, Correct: 6657, Accuracy: 0.9510
Shadow Model 63/80, Epoch 16/20, Loss: 0.1151, Correct: 6733, Accuracy: 0.9619
Shadow Model 63/80, Epoch 17/20, Loss: 0.0999, Correct: 6764, Accuracy: 0.9663
Shadow Model 63/80, Epoch 18/20, Loss: 0.0957, Correct: 6762, Accuracy: 0.9660
Shadow Model 63/80, Epoch 19/20, Loss: 0.1254, Correct: 6709, Accuracy: 0.9584
Shadow Model 63/80, Epoch 20/20, Loss: 0.0571, Correct: 6863, Accuracy: 0.9804
Shadow Model 64/80, Epoch 1/20, Loss: 1.1026, Correct: 4246, Accuracy: 0.6066
Shadow Model 64/80, Epoch 2/20, Loss: 0.8194, Correct: 4946, Accuracy: 0.7066
Shadow Model 64/80, Epoch 3/20, Loss: 0.6935, Correct: 5216, Accuracy: 0.7451
Shadow Model 64/80, Epoch 4/20, Loss: 0.5948, Correct: 5521, Accuracy: 0.7887
Shadow Model 64/80, Epoch 5/20, Loss: 0.5456, Correct: 5644, Accuracy: 0.8063
Shadow Model 64/80, Epoch 6/20, Loss: 0.4791, Correct: 5792, Accuracy: 0.8274
Shadow Model 64/80, Epoch 7/20, Loss: 0.4285, Correct: 5935, Accuracy: 0.8479
Shadow Model 64/80, Epoch 8/20, Loss: 0.3486, Correct: 6134, Accuracy: 0.8763
Shadow Model 64/80, Epoch 9/20, Loss: 0.3154, Correct: 6178, Accuracy: 0.8826
Shadow Model 64/80, Epoch 10/20, Loss: 0.2862, Correct: 6255, Accuracy: 0.8936
Shadow Model 64/80, Epoch 11/20, Loss: 0.2449, Correct: 6395, Accuracy: 0.9136
Shadow Model 64/80, Epoch 12/20, Loss: 0.2360, Correct: 6411, Accuracy: 0.9159
Shadow Model 64/80, Epoch 13/20, Loss: 0.2196, Correct: 6444, Accuracy: 0.9206
Shadow Model 64/80, Epoch 14/20, Loss: 0.1727, Correct: 6578, Accuracy: 0.9397
Shadow Model 64/80, Epoch 15/20, Loss: 0.1741, Correct: 6568, Accuracy: 0.9383
Shadow Model 64/80, Epoch 16/20, Loss: 0.1366, Correct: 6687, Accuracy: 0.9553
Shadow Model 64/80, Epoch 17/20, Loss: 0.1088, Correct: 6741, Accuracy: 0.9630
Shadow Model 64/80, Epoch 18/20, Loss: 0.0869, Correct: 6788, Accuracy: 0.9697
Shadow Model 64/80, Epoch 19/20, Loss: 0.0904, Correct: 6766, Accuracy: 0.9666
Shadow Model 64/80, Epoch 20/20, Loss: 0.0661, Correct: 6855, Accuracy: 0.9793
Shadow Model 65/80, Epoch 1/20, Loss: 1.1047, Correct: 4197, Accuracy: 0.5996
Shadow Model 65/80, Epoch 2/20, Loss: 0.7836, Correct: 5077, Accuracy: 0.7253
Shadow Model 65/80, Epoch 3/20, Loss: 0.6449, Correct: 5437, Accuracy: 0.7767
Shadow Model 65/80, Epoch 4/20, Loss: 0.5672, Correct: 5634, Accuracy: 0.8049
Shadow Model 65/80, Epoch 5/20, Loss: 0.4747, Correct: 5860, Accuracy: 0.8371
Shadow Model 65/80, Epoch 6/20, Loss: 0.4747, Correct: 5863, Accuracy: 0.8376
Shadow Model 65/80, Epoch 7/20, Loss: 0.3884, Correct: 6055, Accuracy: 0.8650
Shadow Model 65/80, Epoch 8/20, Loss: 0.3382, Correct: 6165, Accuracy: 0.8807
Shadow Model 65/80, Epoch 9/20, Loss: 0.2957, Correct: 6275, Accuracy: 0.8964
Shadow Model 65/80, Epoch 10/20, Loss: 0.2800, Correct: 6325, Accuracy: 0.9036
Shadow Model 65/80, Epoch 11/20, Loss: 0.2372, Correct: 6419, Accuracy: 0.9170
Shadow Model 65/80, Epoch 12/20, Loss: 0.1785, Correct: 6560, Accuracy: 0.9371
Shadow Model 65/80, Epoch 13/20, Loss: 0.1745, Correct: 6586, Accuracy: 0.9409
Shadow Model 65/80, Epoch 14/20, Loss: 0.1311, Correct: 6676, Accuracy: 0.9537
Shadow Model 65/80, Epoch 15/20, Loss: 0.1093, Correct: 6747, Accuracy: 0.9639
Shadow Model 65/80, Epoch 16/20, Loss: 0.1209, Correct: 6707, Accuracy: 0.9581
Shadow Model 65/80, Epoch 17/20, Loss: 0.0789, Correct: 6831, Accuracy: 0.9759
Shadow Model 65/80, Epoch 18/20, Loss: 0.0751, Correct: 6818, Accuracy: 0.9740
Shadow Model 65/80, Epoch 19/20, Loss: 0.0800, Correct: 6804, Accuracy: 0.9720
Shadow Model 65/80, Epoch 20/20, Loss: 0.0660, Correct: 6856, Accuracy: 0.9794
Shadow Model 66/80, Epoch 1/20, Loss: 1.0680, Correct: 4263, Accuracy: 0.6090
Shadow Model 66/80, Epoch 2/20, Loss: 0.7974, Correct: 4957, Accuracy: 0.7081
Shadow Model 66/80, Epoch 3/20, Loss: 0.6682, Correct: 5333, Accuracy: 0.7619
Shadow Model 66/80, Epoch 4/20, Loss: 0.5785, Correct: 5576, Accuracy: 0.7966
Shadow Model 66/80, Epoch 5/20, Loss: 0.4784, Correct: 5834, Accuracy: 0.8334
Shadow Model 66/80, Epoch 6/20, Loss: 0.4301, Correct: 5947, Accuracy: 0.8496
Shadow Model 66/80, Epoch 7/20, Loss: 0.3582, Correct: 6089, Accuracy: 0.8699
Shadow Model 66/80, Epoch 8/20, Loss: 0.3303, Correct: 6147, Accuracy: 0.8781
Shadow Model 66/80, Epoch 9/20, Loss: 0.3021, Correct: 6254, Accuracy: 0.8934
Shadow Model 66/80, Epoch 10/20, Loss: 0.2585, Correct: 6348, Accuracy: 0.9069
Shadow Model 66/80, Epoch 11/20, Loss: 0.2992, Correct: 6253, Accuracy: 0.8933
Shadow Model 66/80, Epoch 12/20, Loss: 0.2135, Correct: 6469, Accuracy: 0.9241
Shadow Model 66/80, Epoch 13/20, Loss: 0.1899, Correct: 6567, Accuracy: 0.9381
Shadow Model 66/80, Epoch 14/20, Loss: 0.1478, Correct: 6646, Accuracy: 0.9494
Shadow Model 66/80, Epoch 15/20, Loss: 0.1260, Correct: 6698, Accuracy: 0.9569
Shadow Model 66/80, Epoch 16/20, Loss: 0.1205, Correct: 6719, Accuracy: 0.9599
Shadow Model 66/80, Epoch 17/20, Loss: 0.1163, Correct: 6709, Accuracy: 0.9584
Shadow Model 66/80, Epoch 18/20, Loss: 0.0829, Correct: 6799, Accuracy: 0.9713
Shadow Model 66/80, Epoch 19/20, Loss: 0.0637, Correct: 6854, Accuracy: 0.9791
Shadow Model 66/80, Epoch 20/20, Loss: 0.0603, Correct: 6865, Accuracy: 0.9807
Shadow Model 67/80, Epoch 1/20, Loss: 1.1135, Correct: 4164, Accuracy: 0.5949
Shadow Model 67/80, Epoch 2/20, Loss: 0.8218, Correct: 4912, Accuracy: 0.7017
Shadow Model 67/80, Epoch 3/20, Loss: 0.6976, Correct: 5283, Accuracy: 0.7547
Shadow Model 67/80, Epoch 4/20, Loss: 0.5898, Correct: 5542, Accuracy: 0.7917
Shadow Model 67/80, Epoch 5/20, Loss: 0.5258, Correct: 5719, Accuracy: 0.8170
Shadow Model 67/80, Epoch 6/20, Loss: 0.4440, Correct: 5881, Accuracy: 0.8401
Shadow Model 67/80, Epoch 7/20, Loss: 0.4083, Correct: 6007, Accuracy: 0.8581
Shadow Model 67/80, Epoch 8/20, Loss: 0.3578, Correct: 6114, Accuracy: 0.8734
Shadow Model 67/80, Epoch 9/20, Loss: 0.3300, Correct: 6204, Accuracy: 0.8863
Shadow Model 67/80, Epoch 10/20, Loss: 0.3252, Correct: 6220, Accuracy: 0.8886
Shadow Model 67/80, Epoch 11/20, Loss: 0.2477, Correct: 6399, Accuracy: 0.9141
Shadow Model 67/80, Epoch 12/20, Loss: 0.2358, Correct: 6426, Accuracy: 0.9180
Shadow Model 67/80, Epoch 13/20, Loss: 0.2014, Correct: 6502, Accuracy: 0.9289
Shadow Model 67/80, Epoch 14/20, Loss: 0.2209, Correct: 6481, Accuracy: 0.9259
Shadow Model 67/80, Epoch 15/20, Loss: 0.1583, Correct: 6628, Accuracy: 0.9469
Shadow Model 67/80, Epoch 16/20, Loss: 0.1306, Correct: 6686, Accuracy: 0.9551
Shadow Model 67/80, Epoch 17/20, Loss: 0.0965, Correct: 6775, Accuracy: 0.9679
Shadow Model 67/80, Epoch 18/20, Loss: 0.0875, Correct: 6800, Accuracy: 0.9714
Shadow Model 67/80, Epoch 19/20, Loss: 0.0834, Correct: 6820, Accuracy: 0.9743
Shadow Model 67/80, Epoch 20/20, Loss: 0.0916, Correct: 6783, Accuracy: 0.9690
Shadow Model 68/80, Epoch 1/20, Loss: 1.1644, Correct: 4066, Accuracy: 0.5809
Shadow Model 68/80, Epoch 2/20, Loss: 0.8225, Correct: 4899, Accuracy: 0.6999
Shadow Model 68/80, Epoch 3/20, Loss: 0.6967, Correct: 5292, Accuracy: 0.7560
Shadow Model 68/80, Epoch 4/20, Loss: 0.5862, Correct: 5584, Accuracy: 0.7977
Shadow Model 68/80, Epoch 5/20, Loss: 0.5064, Correct: 5780, Accuracy: 0.8257
Shadow Model 68/80, Epoch 6/20, Loss: 0.4558, Correct: 5880, Accuracy: 0.8400
Shadow Model 68/80, Epoch 7/20, Loss: 0.4312, Correct: 5955, Accuracy: 0.8507
Shadow Model 68/80, Epoch 8/20, Loss: 0.3898, Correct: 6069, Accuracy: 0.8670
Shadow Model 68/80, Epoch 9/20, Loss: 0.3602, Correct: 6111, Accuracy: 0.8730
Shadow Model 68/80, Epoch 10/20, Loss: 0.3175, Correct: 6195, Accuracy: 0.8850
Shadow Model 68/80, Epoch 11/20, Loss: 0.2949, Correct: 6251, Accuracy: 0.8930
Shadow Model 68/80, Epoch 12/20, Loss: 0.2784, Correct: 6322, Accuracy: 0.9031
Shadow Model 68/80, Epoch 13/20, Loss: 0.2363, Correct: 6423, Accuracy: 0.9176
Shadow Model 68/80, Epoch 14/20, Loss: 0.2032, Correct: 6509, Accuracy: 0.9299
Shadow Model 68/80, Epoch 15/20, Loss: 0.1761, Correct: 6570, Accuracy: 0.9386
Shadow Model 68/80, Epoch 16/20, Loss: 0.1535, Correct: 6630, Accuracy: 0.9471
Shadow Model 68/80, Epoch 17/20, Loss: 0.1907, Correct: 6553, Accuracy: 0.9361
Shadow Model 68/80, Epoch 18/20, Loss: 0.1161, Correct: 6718, Accuracy: 0.9597
Shadow Model 68/80, Epoch 19/20, Loss: 0.0903, Correct: 6782, Accuracy: 0.9689
Shadow Model 68/80, Epoch 20/20, Loss: 0.0948, Correct: 6782, Accuracy: 0.9689
Shadow Model 69/80, Epoch 1/20, Loss: 1.1001, Correct: 4134, Accuracy: 0.5906
Shadow Model 69/80, Epoch 2/20, Loss: 0.8030, Correct: 5004, Accuracy: 0.7149
Shadow Model 69/80, Epoch 3/20, Loss: 0.6797, Correct: 5324, Accuracy: 0.7606
Shadow Model 69/80, Epoch 4/20, Loss: 0.5974, Correct: 5514, Accuracy: 0.7877
Shadow Model 69/80, Epoch 5/20, Loss: 0.4992, Correct: 5761, Accuracy: 0.8230
Shadow Model 69/80, Epoch 6/20, Loss: 0.4412, Correct: 5935, Accuracy: 0.8479
Shadow Model 69/80, Epoch 7/20, Loss: 0.4101, Correct: 5999, Accuracy: 0.8570
Shadow Model 69/80, Epoch 8/20, Loss: 0.3529, Correct: 6144, Accuracy: 0.8777
Shadow Model 69/80, Epoch 9/20, Loss: 0.3149, Correct: 6237, Accuracy: 0.8910
Shadow Model 69/80, Epoch 10/20, Loss: 0.2744, Correct: 6339, Accuracy: 0.9056
Shadow Model 69/80, Epoch 11/20, Loss: 0.2569, Correct: 6362, Accuracy: 0.9089
Shadow Model 69/80, Epoch 12/20, Loss: 0.2212, Correct: 6475, Accuracy: 0.9250
Shadow Model 69/80, Epoch 13/20, Loss: 0.1890, Correct: 6561, Accuracy: 0.9373
Shadow Model 69/80, Epoch 14/20, Loss: 0.1623, Correct: 6624, Accuracy: 0.9463
Shadow Model 69/80, Epoch 15/20, Loss: 0.1491, Correct: 6663, Accuracy: 0.9519
Shadow Model 69/80, Epoch 16/20, Loss: 0.1229, Correct: 6689, Accuracy: 0.9556
Shadow Model 69/80, Epoch 17/20, Loss: 0.1025, Correct: 6761, Accuracy: 0.9659
Shadow Model 69/80, Epoch 18/20, Loss: 0.1005, Correct: 6763, Accuracy: 0.9661
Shadow Model 69/80, Epoch 19/20, Loss: 0.0736, Correct: 6842, Accuracy: 0.9774
Shadow Model 69/80, Epoch 20/20, Loss: 0.0606, Correct: 6854, Accuracy: 0.9791
Shadow Model 70/80, Epoch 1/20, Loss: 1.1133, Correct: 4179, Accuracy: 0.5970
Shadow Model 70/80, Epoch 2/20, Loss: 0.8117, Correct: 4967, Accuracy: 0.7096
Shadow Model 70/80, Epoch 3/20, Loss: 0.6338, Correct: 5410, Accuracy: 0.7729
Shadow Model 70/80, Epoch 4/20, Loss: 0.5489, Correct: 5611, Accuracy: 0.8016
Shadow Model 70/80, Epoch 5/20, Loss: 0.5173, Correct: 5673, Accuracy: 0.8104
Shadow Model 70/80, Epoch 6/20, Loss: 0.4281, Correct: 5926, Accuracy: 0.8466
Shadow Model 70/80, Epoch 7/20, Loss: 0.3989, Correct: 6005, Accuracy: 0.8579
Shadow Model 70/80, Epoch 8/20, Loss: 0.3958, Correct: 6049, Accuracy: 0.8641
Shadow Model 70/80, Epoch 9/20, Loss: 0.3253, Correct: 6187, Accuracy: 0.8839
Shadow Model 70/80, Epoch 10/20, Loss: 0.2845, Correct: 6318, Accuracy: 0.9026
Shadow Model 70/80, Epoch 11/20, Loss: 0.2380, Correct: 6412, Accuracy: 0.9160
Shadow Model 70/80, Epoch 12/20, Loss: 0.2214, Correct: 6449, Accuracy: 0.9213
Shadow Model 70/80, Epoch 13/20, Loss: 0.2050, Correct: 6511, Accuracy: 0.9301
Shadow Model 70/80, Epoch 14/20, Loss: 0.1590, Correct: 6627, Accuracy: 0.9467
Shadow Model 70/80, Epoch 15/20, Loss: 0.1296, Correct: 6697, Accuracy: 0.9567
Shadow Model 70/80, Epoch 16/20, Loss: 0.1139, Correct: 6719, Accuracy: 0.9599
Shadow Model 70/80, Epoch 17/20, Loss: 0.1113, Correct: 6733, Accuracy: 0.9619
Shadow Model 70/80, Epoch 18/20, Loss: 0.0863, Correct: 6797, Accuracy: 0.9710
Shadow Model 70/80, Epoch 19/20, Loss: 0.0657, Correct: 6835, Accuracy: 0.9764
Shadow Model 70/80, Epoch 20/20, Loss: 0.0706, Correct: 6826, Accuracy: 0.9751
Shadow Model 71/80, Epoch 1/20, Loss: 1.0929, Correct: 4224, Accuracy: 0.6034
Shadow Model 71/80, Epoch 2/20, Loss: 0.7858, Correct: 5055, Accuracy: 0.7221
Shadow Model 71/80, Epoch 3/20, Loss: 0.6591, Correct: 5354, Accuracy: 0.7649
Shadow Model 71/80, Epoch 4/20, Loss: 0.5623, Correct: 5564, Accuracy: 0.7949
Shadow Model 71/80, Epoch 5/20, Loss: 0.4651, Correct: 5857, Accuracy: 0.8367
Shadow Model 71/80, Epoch 6/20, Loss: 0.4093, Correct: 5966, Accuracy: 0.8523
Shadow Model 71/80, Epoch 7/20, Loss: 0.4124, Correct: 5962, Accuracy: 0.8517
Shadow Model 71/80, Epoch 8/20, Loss: 0.3284, Correct: 6194, Accuracy: 0.8849
Shadow Model 71/80, Epoch 9/20, Loss: 0.2759, Correct: 6323, Accuracy: 0.9033
Shadow Model 71/80, Epoch 10/20, Loss: 0.2501, Correct: 6365, Accuracy: 0.9093
Shadow Model 71/80, Epoch 11/20, Loss: 0.2206, Correct: 6462, Accuracy: 0.9231
Shadow Model 71/80, Epoch 12/20, Loss: 0.1767, Correct: 6586, Accuracy: 0.9409
Shadow Model 71/80, Epoch 13/20, Loss: 0.1590, Correct: 6602, Accuracy: 0.9431
Shadow Model 71/80, Epoch 14/20, Loss: 0.1576, Correct: 6625, Accuracy: 0.9464
Shadow Model 71/80, Epoch 15/20, Loss: 0.0897, Correct: 6789, Accuracy: 0.9699
Shadow Model 71/80, Epoch 16/20, Loss: 0.0990, Correct: 6777, Accuracy: 0.9681
Shadow Model 71/80, Epoch 17/20, Loss: 0.0867, Correct: 6789, Accuracy: 0.9699
Shadow Model 71/80, Epoch 18/20, Loss: 0.0854, Correct: 6810, Accuracy: 0.9729
Shadow Model 71/80, Epoch 19/20, Loss: 0.0744, Correct: 6831, Accuracy: 0.9759
Shadow Model 71/80, Epoch 20/20, Loss: 0.0605, Correct: 6860, Accuracy: 0.9800
Shadow Model 72/80, Epoch 1/20, Loss: 1.1461, Correct: 4089, Accuracy: 0.5841
Shadow Model 72/80, Epoch 2/20, Loss: 0.8112, Correct: 4921, Accuracy: 0.7030
Shadow Model 72/80, Epoch 3/20, Loss: 0.6929, Correct: 5295, Accuracy: 0.7564
Shadow Model 72/80, Epoch 4/20, Loss: 0.5780, Correct: 5599, Accuracy: 0.7999
Shadow Model 72/80, Epoch 5/20, Loss: 0.5214, Correct: 5751, Accuracy: 0.8216
Shadow Model 72/80, Epoch 6/20, Loss: 0.4407, Correct: 5887, Accuracy: 0.8410
Shadow Model 72/80, Epoch 7/20, Loss: 0.4152, Correct: 5962, Accuracy: 0.8517
Shadow Model 72/80, Epoch 8/20, Loss: 0.3781, Correct: 6075, Accuracy: 0.8679
Shadow Model 72/80, Epoch 9/20, Loss: 0.3364, Correct: 6193, Accuracy: 0.8847
Shadow Model 72/80, Epoch 10/20, Loss: 0.3004, Correct: 6298, Accuracy: 0.8997
Shadow Model 72/80, Epoch 11/20, Loss: 0.2730, Correct: 6336, Accuracy: 0.9051
Shadow Model 72/80, Epoch 12/20, Loss: 0.2663, Correct: 6359, Accuracy: 0.9084
Shadow Model 72/80, Epoch 13/20, Loss: 0.2266, Correct: 6451, Accuracy: 0.9216
Shadow Model 72/80, Epoch 14/20, Loss: 0.1909, Correct: 6527, Accuracy: 0.9324
Shadow Model 72/80, Epoch 15/20, Loss: 0.1362, Correct: 6677, Accuracy: 0.9539
Shadow Model 72/80, Epoch 16/20, Loss: 0.1383, Correct: 6681, Accuracy: 0.9544
Shadow Model 72/80, Epoch 17/20, Loss: 0.1300, Correct: 6707, Accuracy: 0.9581
Shadow Model 72/80, Epoch 18/20, Loss: 0.0910, Correct: 6791, Accuracy: 0.9701
Shadow Model 72/80, Epoch 19/20, Loss: 0.0682, Correct: 6838, Accuracy: 0.9769
Shadow Model 72/80, Epoch 20/20, Loss: 0.0982, Correct: 6758, Accuracy: 0.9654
Shadow Model 73/80, Epoch 1/20, Loss: 1.1143, Correct: 4148, Accuracy: 0.5926
Shadow Model 73/80, Epoch 2/20, Loss: 0.8244, Correct: 4954, Accuracy: 0.7077
Shadow Model 73/80, Epoch 3/20, Loss: 0.7106, Correct: 5217, Accuracy: 0.7453
Shadow Model 73/80, Epoch 4/20, Loss: 0.5781, Correct: 5567, Accuracy: 0.7953
Shadow Model 73/80, Epoch 5/20, Loss: 0.5074, Correct: 5734, Accuracy: 0.8191
Shadow Model 73/80, Epoch 6/20, Loss: 0.4577, Correct: 5907, Accuracy: 0.8439
Shadow Model 73/80, Epoch 7/20, Loss: 0.4107, Correct: 5956, Accuracy: 0.8509
Shadow Model 73/80, Epoch 8/20, Loss: 0.3600, Correct: 6085, Accuracy: 0.8693
Shadow Model 73/80, Epoch 9/20, Loss: 0.3197, Correct: 6201, Accuracy: 0.8859
Shadow Model 73/80, Epoch 10/20, Loss: 0.2796, Correct: 6291, Accuracy: 0.8987
Shadow Model 73/80, Epoch 11/20, Loss: 0.2543, Correct: 6390, Accuracy: 0.9129
Shadow Model 73/80, Epoch 12/20, Loss: 0.2267, Correct: 6457, Accuracy: 0.9224
Shadow Model 73/80, Epoch 13/20, Loss: 0.1977, Correct: 6520, Accuracy: 0.9314
Shadow Model 73/80, Epoch 14/20, Loss: 0.1652, Correct: 6587, Accuracy: 0.9410
Shadow Model 73/80, Epoch 15/20, Loss: 0.1395, Correct: 6671, Accuracy: 0.9530
Shadow Model 73/80, Epoch 16/20, Loss: 0.0980, Correct: 6783, Accuracy: 0.9690
Shadow Model 73/80, Epoch 17/20, Loss: 0.1553, Correct: 6610, Accuracy: 0.9443
Shadow Model 73/80, Epoch 18/20, Loss: 0.0930, Correct: 6785, Accuracy: 0.9693
Shadow Model 73/80, Epoch 19/20, Loss: 0.0616, Correct: 6865, Accuracy: 0.9807
Shadow Model 73/80, Epoch 20/20, Loss: 0.0786, Correct: 6819, Accuracy: 0.9741
Shadow Model 74/80, Epoch 1/20, Loss: 1.1405, Correct: 4019, Accuracy: 0.5741
Shadow Model 74/80, Epoch 2/20, Loss: 0.8396, Correct: 4870, Accuracy: 0.6957
Shadow Model 74/80, Epoch 3/20, Loss: 0.7413, Correct: 5157, Accuracy: 0.7367
Shadow Model 74/80, Epoch 4/20, Loss: 0.6342, Correct: 5449, Accuracy: 0.7784
Shadow Model 74/80, Epoch 5/20, Loss: 0.5168, Correct: 5717, Accuracy: 0.8167
Shadow Model 74/80, Epoch 6/20, Loss: 0.4717, Correct: 5844, Accuracy: 0.8349
Shadow Model 74/80, Epoch 7/20, Loss: 0.4607, Correct: 5854, Accuracy: 0.8363
Shadow Model 74/80, Epoch 8/20, Loss: 0.4018, Correct: 6025, Accuracy: 0.8607
Shadow Model 74/80, Epoch 9/20, Loss: 0.3537, Correct: 6131, Accuracy: 0.8759
Shadow Model 74/80, Epoch 10/20, Loss: 0.3329, Correct: 6152, Accuracy: 0.8789
Shadow Model 74/80, Epoch 11/20, Loss: 0.2838, Correct: 6310, Accuracy: 0.9014
Shadow Model 74/80, Epoch 12/20, Loss: 0.2352, Correct: 6422, Accuracy: 0.9174
Shadow Model 74/80, Epoch 13/20, Loss: 0.2161, Correct: 6455, Accuracy: 0.9221
Shadow Model 74/80, Epoch 14/20, Loss: 0.1763, Correct: 6581, Accuracy: 0.9401
Shadow Model 74/80, Epoch 15/20, Loss: 0.1865, Correct: 6537, Accuracy: 0.9339
Shadow Model 74/80, Epoch 16/20, Loss: 0.1349, Correct: 6682, Accuracy: 0.9546
Shadow Model 74/80, Epoch 17/20, Loss: 0.1003, Correct: 6759, Accuracy: 0.9656
Shadow Model 74/80, Epoch 18/20, Loss: 0.1442, Correct: 6652, Accuracy: 0.9503
Shadow Model 74/80, Epoch 19/20, Loss: 0.0818, Correct: 6815, Accuracy: 0.9736
Shadow Model 74/80, Epoch 20/20, Loss: 0.0684, Correct: 6847, Accuracy: 0.9781
Shadow Model 75/80, Epoch 1/20, Loss: 1.0864, Correct: 4254, Accuracy: 0.6077
Shadow Model 75/80, Epoch 2/20, Loss: 0.7987, Correct: 5009, Accuracy: 0.7156
Shadow Model 75/80, Epoch 3/20, Loss: 0.6493, Correct: 5396, Accuracy: 0.7709
Shadow Model 75/80, Epoch 4/20, Loss: 0.5741, Correct: 5607, Accuracy: 0.8010
Shadow Model 75/80, Epoch 5/20, Loss: 0.4815, Correct: 5775, Accuracy: 0.8250
Shadow Model 75/80, Epoch 6/20, Loss: 0.4728, Correct: 5841, Accuracy: 0.8344
Shadow Model 75/80, Epoch 7/20, Loss: 0.4041, Correct: 6016, Accuracy: 0.8594
Shadow Model 75/80, Epoch 8/20, Loss: 0.3345, Correct: 6198, Accuracy: 0.8854
Shadow Model 75/80, Epoch 9/20, Loss: 0.3155, Correct: 6233, Accuracy: 0.8904
Shadow Model 75/80, Epoch 10/20, Loss: 0.2806, Correct: 6336, Accuracy: 0.9051
Shadow Model 75/80, Epoch 11/20, Loss: 0.2721, Correct: 6336, Accuracy: 0.9051
Shadow Model 75/80, Epoch 12/20, Loss: 0.2269, Correct: 6422, Accuracy: 0.9174
Shadow Model 75/80, Epoch 13/20, Loss: 0.1887, Correct: 6522, Accuracy: 0.9317
Shadow Model 75/80, Epoch 14/20, Loss: 0.2307, Correct: 6465, Accuracy: 0.9236
Shadow Model 75/80, Epoch 15/20, Loss: 0.1617, Correct: 6606, Accuracy: 0.9437
Shadow Model 75/80, Epoch 16/20, Loss: 0.1307, Correct: 6678, Accuracy: 0.9540
Shadow Model 75/80, Epoch 17/20, Loss: 0.1189, Correct: 6715, Accuracy: 0.9593
Shadow Model 75/80, Epoch 18/20, Loss: 0.1048, Correct: 6753, Accuracy: 0.9647
Shadow Model 75/80, Epoch 19/20, Loss: 0.0973, Correct: 6762, Accuracy: 0.9660
Shadow Model 75/80, Epoch 20/20, Loss: 0.0863, Correct: 6802, Accuracy: 0.9717
Shadow Model 76/80, Epoch 1/20, Loss: 1.0966, Correct: 4217, Accuracy: 0.6024
Shadow Model 76/80, Epoch 2/20, Loss: 0.7740, Correct: 5024, Accuracy: 0.7177
Shadow Model 76/80, Epoch 3/20, Loss: 0.6766, Correct: 5327, Accuracy: 0.7610
Shadow Model 76/80, Epoch 4/20, Loss: 0.5578, Correct: 5614, Accuracy: 0.8020
Shadow Model 76/80, Epoch 5/20, Loss: 0.5227, Correct: 5694, Accuracy: 0.8134
Shadow Model 76/80, Epoch 6/20, Loss: 0.4135, Correct: 5994, Accuracy: 0.8563
Shadow Model 76/80, Epoch 7/20, Loss: 0.4184, Correct: 5978, Accuracy: 0.8540
Shadow Model 76/80, Epoch 8/20, Loss: 0.3795, Correct: 6063, Accuracy: 0.8661
Shadow Model 76/80, Epoch 9/20, Loss: 0.3433, Correct: 6184, Accuracy: 0.8834
Shadow Model 76/80, Epoch 10/20, Loss: 0.2781, Correct: 6329, Accuracy: 0.9041
Shadow Model 76/80, Epoch 11/20, Loss: 0.2417, Correct: 6414, Accuracy: 0.9163
Shadow Model 76/80, Epoch 12/20, Loss: 0.2254, Correct: 6451, Accuracy: 0.9216
Shadow Model 76/80, Epoch 13/20, Loss: 0.1761, Correct: 6581, Accuracy: 0.9401
Shadow Model 76/80, Epoch 14/20, Loss: 0.1625, Correct: 6610, Accuracy: 0.9443
Shadow Model 76/80, Epoch 15/20, Loss: 0.1430, Correct: 6662, Accuracy: 0.9517
Shadow Model 76/80, Epoch 16/20, Loss: 0.1043, Correct: 6756, Accuracy: 0.9651
Shadow Model 76/80, Epoch 17/20, Loss: 0.1024, Correct: 6771, Accuracy: 0.9673
Shadow Model 76/80, Epoch 18/20, Loss: 0.0586, Correct: 6860, Accuracy: 0.9800
Shadow Model 76/80, Epoch 19/20, Loss: 0.0913, Correct: 6778, Accuracy: 0.9683
Shadow Model 76/80, Epoch 20/20, Loss: 0.0777, Correct: 6810, Accuracy: 0.9729
Shadow Model 77/80, Epoch 1/20, Loss: 1.0880, Correct: 4290, Accuracy: 0.6129
Shadow Model 77/80, Epoch 2/20, Loss: 0.7824, Correct: 5043, Accuracy: 0.7204
Shadow Model 77/80, Epoch 3/20, Loss: 0.6890, Correct: 5285, Accuracy: 0.7550
Shadow Model 77/80, Epoch 4/20, Loss: 0.6161, Correct: 5463, Accuracy: 0.7804
Shadow Model 77/80, Epoch 5/20, Loss: 0.4941, Correct: 5784, Accuracy: 0.8263
Shadow Model 77/80, Epoch 6/20, Loss: 0.4318, Correct: 5923, Accuracy: 0.8461
Shadow Model 77/80, Epoch 7/20, Loss: 0.4172, Correct: 5990, Accuracy: 0.8557
Shadow Model 77/80, Epoch 8/20, Loss: 0.3720, Correct: 6095, Accuracy: 0.8707
Shadow Model 77/80, Epoch 9/20, Loss: 0.3393, Correct: 6126, Accuracy: 0.8751
Shadow Model 77/80, Epoch 10/20, Loss: 0.3126, Correct: 6190, Accuracy: 0.8843
Shadow Model 77/80, Epoch 11/20, Loss: 0.2863, Correct: 6305, Accuracy: 0.9007
Shadow Model 77/80, Epoch 12/20, Loss: 0.2403, Correct: 6404, Accuracy: 0.9149
Shadow Model 77/80, Epoch 13/20, Loss: 0.2274, Correct: 6436, Accuracy: 0.9194
Shadow Model 77/80, Epoch 14/20, Loss: 0.2119, Correct: 6484, Accuracy: 0.9263
Shadow Model 77/80, Epoch 15/20, Loss: 0.1693, Correct: 6572, Accuracy: 0.9389
Shadow Model 77/80, Epoch 16/20, Loss: 0.1504, Correct: 6628, Accuracy: 0.9469
Shadow Model 77/80, Epoch 17/20, Loss: 0.1431, Correct: 6641, Accuracy: 0.9487
Shadow Model 77/80, Epoch 18/20, Loss: 0.1338, Correct: 6662, Accuracy: 0.9517
Shadow Model 77/80, Epoch 19/20, Loss: 0.1490, Correct: 6641, Accuracy: 0.9487
Shadow Model 77/80, Epoch 20/20, Loss: 0.0877, Correct: 6800, Accuracy: 0.9714
Shadow Model 78/80, Epoch 1/20, Loss: 1.1567, Correct: 4030, Accuracy: 0.5757
Shadow Model 78/80, Epoch 2/20, Loss: 0.8382, Correct: 4906, Accuracy: 0.7009
Shadow Model 78/80, Epoch 3/20, Loss: 0.6864, Correct: 5298, Accuracy: 0.7569
Shadow Model 78/80, Epoch 4/20, Loss: 0.5961, Correct: 5468, Accuracy: 0.7811
Shadow Model 78/80, Epoch 5/20, Loss: 0.5084, Correct: 5718, Accuracy: 0.8169
Shadow Model 78/80, Epoch 6/20, Loss: 0.4850, Correct: 5808, Accuracy: 0.8297
Shadow Model 78/80, Epoch 7/20, Loss: 0.4158, Correct: 5966, Accuracy: 0.8523
Shadow Model 78/80, Epoch 8/20, Loss: 0.3685, Correct: 6097, Accuracy: 0.8710
Shadow Model 78/80, Epoch 9/20, Loss: 0.3182, Correct: 6207, Accuracy: 0.8867
Shadow Model 78/80, Epoch 10/20, Loss: 0.3206, Correct: 6200, Accuracy: 0.8857
Shadow Model 78/80, Epoch 11/20, Loss: 0.2975, Correct: 6268, Accuracy: 0.8954
Shadow Model 78/80, Epoch 12/20, Loss: 0.2331, Correct: 6415, Accuracy: 0.9164
Shadow Model 78/80, Epoch 13/20, Loss: 0.2322, Correct: 6439, Accuracy: 0.9199
Shadow Model 78/80, Epoch 14/20, Loss: 0.1637, Correct: 6613, Accuracy: 0.9447
Shadow Model 78/80, Epoch 15/20, Loss: 0.1598, Correct: 6585, Accuracy: 0.9407
Shadow Model 78/80, Epoch 16/20, Loss: 0.1223, Correct: 6717, Accuracy: 0.9596
Shadow Model 78/80, Epoch 17/20, Loss: 0.1216, Correct: 6723, Accuracy: 0.9604
Shadow Model 78/80, Epoch 18/20, Loss: 0.1105, Correct: 6731, Accuracy: 0.9616
Shadow Model 78/80, Epoch 19/20, Loss: 0.0793, Correct: 6822, Accuracy: 0.9746
Shadow Model 78/80, Epoch 20/20, Loss: 0.0780, Correct: 6809, Accuracy: 0.9727
Shadow Model 79/80, Epoch 1/20, Loss: 1.0651, Correct: 4322, Accuracy: 0.6174
Shadow Model 79/80, Epoch 2/20, Loss: 0.7766, Correct: 5064, Accuracy: 0.7234
Shadow Model 79/80, Epoch 3/20, Loss: 0.6172, Correct: 5479, Accuracy: 0.7827
Shadow Model 79/80, Epoch 4/20, Loss: 0.5211, Correct: 5724, Accuracy: 0.8177
Shadow Model 79/80, Epoch 5/20, Loss: 0.4791, Correct: 5849, Accuracy: 0.8356
Shadow Model 79/80, Epoch 6/20, Loss: 0.4039, Correct: 5985, Accuracy: 0.8550
Shadow Model 79/80, Epoch 7/20, Loss: 0.3707, Correct: 6076, Accuracy: 0.8680
Shadow Model 79/80, Epoch 8/20, Loss: 0.3481, Correct: 6148, Accuracy: 0.8783
Shadow Model 79/80, Epoch 9/20, Loss: 0.3063, Correct: 6256, Accuracy: 0.8937
Shadow Model 79/80, Epoch 10/20, Loss: 0.2564, Correct: 6373, Accuracy: 0.9104
Shadow Model 79/80, Epoch 11/20, Loss: 0.2075, Correct: 6503, Accuracy: 0.9290
Shadow Model 79/80, Epoch 12/20, Loss: 0.2010, Correct: 6516, Accuracy: 0.9309
Shadow Model 79/80, Epoch 13/20, Loss: 0.1707, Correct: 6571, Accuracy: 0.9387
Shadow Model 79/80, Epoch 14/20, Loss: 0.1384, Correct: 6673, Accuracy: 0.9533
Shadow Model 79/80, Epoch 15/20, Loss: 0.1298, Correct: 6680, Accuracy: 0.9543
Shadow Model 79/80, Epoch 16/20, Loss: 0.1271, Correct: 6706, Accuracy: 0.9580
Shadow Model 79/80, Epoch 17/20, Loss: 0.0650, Correct: 6845, Accuracy: 0.9779
Shadow Model 79/80, Epoch 18/20, Loss: 0.0660, Correct: 6858, Accuracy: 0.9797
Shadow Model 79/80, Epoch 19/20, Loss: 0.0657, Correct: 6864, Accuracy: 0.9806
Shadow Model 79/80, Epoch 20/20, Loss: 0.0479, Correct: 6892, Accuracy: 0.9846
Shadow Model 80/80, Epoch 1/20, Loss: 1.1219, Correct: 4147, Accuracy: 0.5924
Shadow Model 80/80, Epoch 2/20, Loss: 0.8665, Correct: 4796, Accuracy: 0.6851
Shadow Model 80/80, Epoch 3/20, Loss: 0.6923, Correct: 5235, Accuracy: 0.7479
Shadow Model 80/80, Epoch 4/20, Loss: 0.5790, Correct: 5565, Accuracy: 0.7950
Shadow Model 80/80, Epoch 5/20, Loss: 0.5275, Correct: 5631, Accuracy: 0.8044
Shadow Model 80/80, Epoch 6/20, Loss: 0.4782, Correct: 5803, Accuracy: 0.8290
Shadow Model 80/80, Epoch 7/20, Loss: 0.4220, Correct: 5962, Accuracy: 0.8517
Shadow Model 80/80, Epoch 8/20, Loss: 0.3912, Correct: 6044, Accuracy: 0.8634
Shadow Model 80/80, Epoch 9/20, Loss: 0.3373, Correct: 6171, Accuracy: 0.8816
Shadow Model 80/80, Epoch 10/20, Loss: 0.2854, Correct: 6300, Accuracy: 0.9000
Shadow Model 80/80, Epoch 11/20, Loss: 0.2954, Correct: 6296, Accuracy: 0.8994
Shadow Model 80/80, Epoch 12/20, Loss: 0.2366, Correct: 6409, Accuracy: 0.9156
Shadow Model 80/80, Epoch 13/20, Loss: 0.2228, Correct: 6435, Accuracy: 0.9193
Shadow Model 80/80, Epoch 14/20, Loss: 0.1798, Correct: 6553, Accuracy: 0.9361
Shadow Model 80/80, Epoch 15/20, Loss: 0.1663, Correct: 6606, Accuracy: 0.9437
Shadow Model 80/80, Epoch 16/20, Loss: 0.1474, Correct: 6659, Accuracy: 0.9513
Shadow Model 80/80, Epoch 17/20, Loss: 0.1421, Correct: 6668, Accuracy: 0.9526
Shadow Model 80/80, Epoch 18/20, Loss: 0.0934, Correct: 6779, Accuracy: 0.9684
Shadow Model 80/80, Epoch 19/20, Loss: 0.0902, Correct: 6778, Accuracy: 0.9683
Shadow Model 80/80, Epoch 20/20, Loss: 0.0628, Correct: 6840, Accuracy: 0.9771
Min count per class (IN or OUT): 48801
Attack X per class distribution before balancing: {np.int64(8): {'in': 81774, 'out': 81426}, np.int64(2): {'in': 61803, 'out': 61877}, np.int64(0): {'in': 60811, 'out': 60389}, np.int64(4): {'in': 53984, 'out': 53856}, np.int64(3): {'in': 63078, 'out': 63402}, np.int64(1): {'in': 61911, 'out': 61929}, np.int64(7): {'in': 55934, 'out': 56466}, np.int64(6): {'in': 48801, 'out': 48959}, np.int64(5): {'in': 71904, 'out': 71696}}
Class 0: 48801 IN + 48801 OUT = 97602 total
Class 1: 48801 IN + 48801 OUT = 97602 total
Class 2: 48801 IN + 48801 OUT = 97602 total
Class 3: 48801 IN + 48801 OUT = 97602 total
Class 4: 48801 IN + 48801 OUT = 97602 total
Class 5: 48801 IN + 48801 OUT = 97602 total
Class 6: 48801 IN + 48801 OUT = 97602 total
Class 7: 48801 IN + 48801 OUT = 97602 total
Class 8: 48801 IN + 48801 OUT = 97602 total

--- Attack Dataset ---
(878418, 11) (878418,)
Attack training set: (702734, 11), (702734,)
Attack validation set: (175684, 11), (175684,)

--- Training Attack Model ---
Initializing attack model, optimizer
Starting attack model training loop
Epoch 1/20 | Val Loss: 0.6620 Acc: 0.5811 | AUC: 0.5886 TPR@5%FPR: 0.0553
Epoch 2/20 | Val Loss: 0.6621 Acc: 0.5814 | AUC: 0.5895 TPR@5%FPR: 0.0331
Epoch 3/20 | Val Loss: 0.6619 Acc: 0.5813 | AUC: 0.5905 TPR@5%FPR: 0.0587
Epoch 4/20 | Val Loss: 0.6621 Acc: 0.5815 | AUC: 0.5928 TPR@5%FPR: 0.0681
Epoch 5/20 | Val Loss: 0.6636 Acc: 0.5820 | AUC: 0.5921 TPR@5%FPR: 0.0673
Epoch 6/20 | Val Loss: 0.6616 Acc: 0.5817 | AUC: 0.5935 TPR@5%FPR: 0.0684
Epoch 7/20 | Val Loss: 0.6617 Acc: 0.5818 | AUC: 0.5943 TPR@5%FPR: 0.0679
Epoch 8/20 | Val Loss: 0.6616 Acc: 0.5818 | AUC: 0.5955 TPR@5%FPR: 0.0677
Epoch 9/20 | Val Loss: 0.6624 Acc: 0.5813 | AUC: 0.5958 TPR@5%FPR: 0.0673
Epoch 10/20 | Val Loss: 0.6626 Acc: 0.5817 | AUC: 0.5952 TPR@5%FPR: 0.0670
Epoch 11/20 | Val Loss: 0.6616 Acc: 0.5816 | AUC: 0.5979 TPR@5%FPR: 0.0671
Epoch 12/20 | Val Loss: 0.6625 Acc: 0.5810 | AUC: 0.5984 TPR@5%FPR: 0.0681
Epoch 13/20 | Val Loss: 0.6616 Acc: 0.5814 | AUC: 0.5988 TPR@5%FPR: 0.0660
Epoch 14/20 | Val Loss: 0.6621 Acc: 0.5819 | AUC: 0.5976 TPR@5%FPR: 0.0680
Epoch 15/20 | Val Loss: 0.6617 Acc: 0.5815 | AUC: 0.5985 TPR@5%FPR: 0.0680
Epoch 16/20 | Val Loss: 0.6616 Acc: 0.5811 | AUC: 0.6000 TPR@5%FPR: 0.0679
Epoch 17/20 | Val Loss: 0.6618 Acc: 0.5816 | AUC: 0.5986 TPR@5%FPR: 0.0683
Epoch 18/20 | Val Loss: 0.6619 Acc: 0.5811 | AUC: 0.5988 TPR@5%FPR: 0.0679
Epoch 19/20 | Val Loss: 0.6617 Acc: 0.5815 | AUC: 0.5987 TPR@5%FPR: 0.0685
Epoch 20/20 | Val Loss: 0.6622 Acc: 0.5811 | AUC: 0.5989 TPR@5%FPR: 0.0666
Loading model...

--- Predicting Membership ---
Saved: /scratch/bjoshi/TML/submission.csv
Submission error: 429 Client Error: Too Many Requests for url: http://34.63.153.158/submit/01-mia
Server response: {'detail': 'You submitted too recently (last submission successful). Wait 688 seconds before sending another submission.'}
