no change     /scratch/bjoshi/miniconda3/condabin/conda
no change     /scratch/bjoshi/miniconda3/bin/conda
no change     /scratch/bjoshi/miniconda3/bin/conda-env
no change     /scratch/bjoshi/miniconda3/bin/activate
no change     /scratch/bjoshi/miniconda3/bin/deactivate
no change     /scratch/bjoshi/miniconda3/etc/profile.d/conda.sh
no change     /scratch/bjoshi/miniconda3/etc/fish/conf.d/conda.fish
no change     /scratch/bjoshi/miniconda3/shell/condabin/Conda.psm1
no change     /scratch/bjoshi/miniconda3/shell/condabin/conda-hook.ps1
no change     /scratch/bjoshi/miniconda3/lib/python3.13/site-packages/xontrib/conda.xsh
no change     /scratch/bjoshi/miniconda3/etc/profile.d/conda.csh
no change     /nethome/bjoshi/.bashrc
No action taken.
Loading datasets...

--- Training 3 Shadow Models ---
Shadow training: 7000 In, 7000 Out
Shadow Model 1/3, Epoch 1/10, Loss: 0.0172, Correct: 4195, Accuracy: 0.5993
Shadow Model 1/3, Epoch 2/10, Loss: 0.0122, Correct: 5034, Accuracy: 0.7191
Shadow Model 1/3, Epoch 3/10, Loss: 0.0106, Correct: 5290, Accuracy: 0.7557
Shadow Model 1/3, Epoch 4/10, Loss: 0.0089, Correct: 5641, Accuracy: 0.8059
Shadow Model 1/3, Epoch 5/10, Loss: 0.0082, Correct: 5728, Accuracy: 0.8183
Shadow Model 1/3, Epoch 6/10, Loss: 0.0065, Correct: 6020, Accuracy: 0.8600
Shadow Model 1/3, Epoch 7/10, Loss: 0.0059, Correct: 6103, Accuracy: 0.8719
Shadow Model 1/3, Epoch 8/10, Loss: 0.0056, Correct: 6133, Accuracy: 0.8761
Shadow Model 1/3, Epoch 9/10, Loss: 0.0055, Correct: 6158, Accuracy: 0.8797
Shadow Model 1/3, Epoch 10/10, Loss: 0.0050, Correct: 6214, Accuracy: 0.8877
sorted_probs shape: (64, 9)
sored_probs sample: [9.8494023e-01 1.3445811e-02 1.1977579e-03 2.2564584e-04 1.1238719e-04
 4.3627082e-05 2.9286593e-05 4.0370951e-06 1.1889611e-06]
sorted_probs shape: (64, 9)
sored_probs sample: [9.4190669e-01 3.5483036e-02 1.2522553e-02 8.1036557e-03 9.9525263e-04
 8.1294472e-04 1.4677500e-04 2.0543810e-05 8.5324264e-06]
sorted_probs shape: (64, 9)
sored_probs sample: [9.9854642e-01 1.1518440e-03 2.4319824e-04 3.6416215e-05 1.0407781e-05
 6.9069624e-06 4.3904788e-06 3.0764213e-07 1.4065116e-08]
sorted_probs shape: (64, 9)
sored_probs sample: [9.8934513e-01 1.0432803e-02 1.0285392e-04 5.8408663e-05 4.8710714e-05
 8.7665776e-06 2.0366263e-06 1.1845958e-06 1.3327808e-07]
sorted_probs shape: (64, 9)
sored_probs sample: [9.9996030e-01 1.7010747e-05 1.5087410e-05 5.6589174e-06 1.8668766e-06
 1.2482098e-08 7.2725683e-09 2.1435436e-09 4.6552490e-10]
sorted_probs shape: (64, 9)
sored_probs sample: [1.00000000e+00 2.23034258e-10 1.29403530e-10 5.22163805e-11
 1.67913409e-11 2.65494088e-13 5.83492939e-16 6.15993284e-22
 1.30037054e-23]
sorted_probs shape: (64, 9)
sored_probs sample: [8.9152271e-01 7.2873302e-02 3.4922145e-02 3.9704575e-04 1.3342814e-04
 7.8537305e-05 6.8121393e-05 4.7342064e-06 2.2647155e-08]
sorted_probs shape: (64, 9)
sored_probs sample: [9.9999714e-01 2.1627081e-06 4.6100627e-07 1.4320244e-07 9.0237705e-08
 4.0084362e-09 1.5542194e-09 2.6118215e-11 8.7218982e-12]
sorted_probs shape: (64, 9)
sored_probs sample: [1.0000000e+00 3.8263431e-11 1.5734131e-11 4.0850461e-12 2.0021068e-12
 1.0758932e-14 1.8051571e-17 4.8529425e-24 5.8461730e-26]
sorted_probs shape: (64, 9)
sored_probs sample: [9.9935263e-01 2.8546221e-04 1.6206186e-04 1.3039744e-04 5.4652679e-05
 9.4238885e-06 5.0430945e-06 2.3517261e-07 1.2342139e-07]
sorted_probs shape: (64, 9)
sored_probs sample: [9.4757420e-01 1.5904227e-02 1.2650369e-02 1.1667650e-02 1.0116223e-02
 1.2339018e-03 5.3971296e-04 3.0820619e-04 5.4635257e-06]
sorted_probs shape: (64, 9)
sored_probs sample: [8.9484298e-01 3.9099280e-02 2.0684440e-02 1.9912906e-02 8.1613204e-03
 7.1206610e-03 5.7705548e-03 3.6793798e-03 7.2842446e-04]
sorted_probs shape: (64, 9)
sored_probs sample: [9.9765670e-01 1.1403881e-03 3.8845564e-04 3.6020565e-04 2.6538139e-04
 1.0727461e-04 4.2636799e-05 3.8820104e-05 2.1298028e-07]
sorted_probs shape: (64, 9)
sored_probs sample: [9.9188250e-01 5.2649500e-03 2.1626060e-03 3.4320453e-04 1.6927962e-04
 6.1620740e-05 5.6227491e-05 3.5348108e-05 2.4208895e-05]
sorted_probs shape: (64, 9)
sored_probs sample: [5.6415343e-01 2.0628825e-01 1.7926721e-01 3.9449394e-02 6.8704528e-03
 2.6954594e-03 7.3824386e-04 4.8397583e-04 5.3540822e-05]
sorted_probs shape: (64, 9)
sored_probs sample: [9.3844122e-01 5.6311034e-02 2.7882911e-03 1.8144163e-03 4.7667930e-04
 1.4254083e-04 2.3814877e-05 1.6930679e-06 2.6929820e-07]
sorted_probs shape: (64, 9)
sored_probs sample: [1.0000000e+00 3.1836014e-10 1.4505172e-10 3.1132760e-11 1.7209810e-11
 1.3356961e-13 3.8586541e-16 3.6467724e-22 6.3169840e-24]
sorted_probs shape: (64, 9)
sored_probs sample: [9.3489718e-01 2.6592433e-02 2.1328483e-02 1.5819479e-02 1.0501025e-03
 1.9872229e-04 1.0967194e-04 3.2342209e-06 6.5122396e-07]
sorted_probs shape: (64, 9)
sored_probs sample: [3.67907524e-01 3.12089741e-01 2.36723661e-01 7.34569132e-02
 6.21761521e-03 3.11904843e-03 4.50470805e-04 2.39560904e-05
 1.10306155e-05]
sorted_probs shape: (64, 9)
sored_probs sample: [9.1273087e-01 4.8764914e-02 2.0997573e-02 1.5129373e-02 1.2679216e-03
 6.8250386e-04 3.5336486e-04 7.2765906e-05 7.2401315e-07]
sorted_probs shape: (64, 9)
sored_probs sample: [5.3866786e-01 2.6897874e-01 1.6279730e-01 1.8493684e-02 5.0851526e-03
 4.6647876e-03 1.1536671e-03 1.2516102e-04 3.3667231e-05]
sorted_probs shape: (64, 9)
sored_probs sample: [9.9999833e-01 7.6964602e-07 5.8047635e-07 2.4171010e-07 5.7310416e-08
 6.2625563e-09 2.1681065e-10 3.3336445e-14 3.2919273e-15]
sorted_probs shape: (64, 9)
sored_probs sample: [6.1883557e-01 3.7761292e-01 3.4639481e-03 5.5157809e-05 1.5768548e-05
 1.2799703e-05 1.9960162e-06 1.3249398e-06 4.3309299e-07]
sorted_probs shape: (64, 9)
sored_probs sample: [9.9927729e-01 6.6438230e-04 3.9723491e-05 1.2272291e-05 6.1448154e-06
 1.9062590e-07 1.1192958e-07 6.5262511e-09 2.0266415e-09]
sorted_probs shape: (64, 9)
sored_probs sample: [9.99774516e-01 1.68601036e-04 2.40175250e-05 1.78906903e-05
 1.49416755e-05 4.73739732e-08 1.45709551e-08 1.19386936e-08
 2.83336354e-09]
sorted_probs shape: (64, 9)
sored_probs sample: [9.6091586e-01 2.8182127e-02 5.3745983e-03 5.3736372e-03 8.3443621e-05
 3.7911181e-05 2.0571046e-05 1.1777579e-05 1.1280906e-07]
sorted_probs shape: (64, 9)
sored_probs sample: [1.0000000e+00 3.2311892e-10 1.6627409e-10 4.6431407e-11 2.0988716e-11
 2.1404130e-13 6.9145216e-16 7.4784680e-22 1.4643623e-23]
sorted_probs shape: (64, 9)
sored_probs sample: [9.9471670e-01 2.3512403e-03 1.3482878e-03 6.8531907e-04 3.7552603e-04
 3.5052228e-04 1.0671975e-04 6.4626533e-05 1.1962068e-06]
sorted_probs shape: (64, 9)
sored_probs sample: [7.8768915e-01 2.1116123e-01 5.5783015e-04 5.3598924e-04 5.2692747e-05
 1.6796499e-06 7.3143019e-07 7.0160871e-07 1.5127400e-08]
sorted_probs shape: (64, 9)
sored_probs sample: [9.94887888e-01 4.10607923e-03 7.55359360e-04 1.04940285e-04
 4.64407494e-05 4.39771866e-05 4.13976159e-05 1.30020371e-05
 9.85934548e-07]
sorted_probs shape: (64, 9)
sored_probs sample: [8.5114020e-01 1.3998383e-01 7.1462966e-03 5.7586766e-04 4.9929292e-04
 3.0105200e-04 1.9316615e-04 1.6027298e-04 1.0053533e-07]
sorted_probs shape: (64, 9)
sored_probs sample: [9.9055159e-01 7.4033607e-03 1.9351065e-03 9.5762385e-05 6.8887525e-06
 5.2003493e-06 1.9562501e-06 4.9380517e-08 4.4661981e-08]
sorted_probs shape: (64, 9)
sored_probs sample: [9.9985170e-01 1.1917036e-04 2.4124844e-05 2.9476248e-06 1.1322911e-06
 7.0901513e-07 1.1354794e-07 2.5110376e-09 1.8860388e-10]
sorted_probs shape: (64, 9)
sored_probs sample: [9.9999750e-01 1.1816619e-06 8.3203275e-07 4.4604997e-07 8.9251955e-08
 1.1421808e-08 4.9252158e-10 1.0852045e-13 1.1942505e-14]
sorted_probs shape: (64, 9)
sored_probs sample: [9.9075037e-01 4.6736528e-03 4.2211078e-03 2.2889524e-04 6.9304369e-05
 3.0687504e-05 1.8133675e-05 5.7363491e-06 2.1779374e-06]
sorted_probs shape: (64, 9)
sored_probs sample: [9.9909413e-01 5.5684935e-04 2.6720340e-04 7.1315597e-05 6.6707180e-06
 3.3685544e-06 3.8357246e-07 2.5589365e-08 1.0975364e-09]
sorted_probs shape: (64, 9)
sored_probs sample: [5.75497508e-01 4.05593663e-01 1.88271049e-02 5.04759773e-05
 1.84667679e-05 1.13179167e-05 8.79211655e-07 5.20898254e-07
 1.06050585e-07]
sorted_probs shape: (64, 9)
sored_probs sample: [9.9993634e-01 3.8677397e-05 1.5375816e-05 3.8664984e-06 3.4437103e-06
 1.8276295e-06 4.6433237e-07 4.4227097e-08 2.4414912e-09]
sorted_probs shape: (64, 9)
sored_probs sample: [9.9997008e-01 2.7972903e-05 9.7283225e-07 3.7568529e-07 3.7255057e-07
 1.2836385e-07 9.9301204e-08 3.3826186e-10 5.6722772e-11]
sorted_probs shape: (64, 9)
sored_probs sample: [6.3211751e-01 3.6733034e-01 2.8353513e-04 1.9961160e-04 3.4011642e-05
 2.6929656e-05 4.5144620e-06 2.5285299e-06 9.7712859e-07]
sorted_probs shape: (64, 9)
sored_probs sample: [5.8877569e-01 2.1243818e-01 1.4352895e-01 4.6293132e-02 4.0796171e-03
 2.2260949e-03 1.4131950e-03 1.2393623e-03 5.7650263e-06]
sorted_probs shape: (64, 9)
sored_probs sample: [9.9766290e-01 1.4192763e-03 6.2514597e-04 1.7930601e-04 5.4746088e-05
 3.9849940e-05 1.7917619e-05 8.0576888e-07 1.0347643e-09]
sorted_probs shape: (64, 9)
sored_probs sample: [8.8666183e-01 1.1142617e-01 1.4938372e-03 3.6425292e-04 4.0763982e-05
 1.1374473e-05 1.7874745e-06 1.6879495e-08 3.6601150e-10]
sorted_probs shape: (64, 9)
sored_probs sample: [9.8324388e-01 1.4468036e-02 1.0460762e-03 7.6436513e-04 4.1809163e-04
 2.8480623e-05 2.3178996e-05 4.0076056e-06 3.8247699e-06]
sorted_probs shape: (64, 9)
sored_probs sample: [9.3166029e-01 5.6266215e-02 1.1364714e-02 3.9188593e-04 3.0008066e-04
 7.8736184e-06 7.2512012e-06 1.7317008e-06 4.9161219e-08]
sorted_probs shape: (64, 9)
sored_probs sample: [6.9109511e-01 2.7984816e-01 2.8854286e-02 1.1200508e-04 7.3526215e-05
 1.3629353e-05 1.7569223e-06 1.2388542e-06 2.3806719e-07]
sorted_probs shape: (64, 9)
sored_probs sample: [5.7850218e-01 2.9767248e-01 5.7065591e-02 5.0360866e-02 1.4459300e-02
 1.1787782e-03 7.2904641e-04 2.3899585e-05 7.8395078e-06]
sorted_probs shape: (64, 9)
sored_probs sample: [9.9990928e-01 5.2928423e-05 2.6044492e-05 1.0173553e-05 8.6124669e-07
 6.2876899e-07 1.2942087e-07 4.0833572e-09 4.1987439e-10]
sorted_probs shape: (64, 9)
sored_probs sample: [9.9979168e-01 1.1017790e-04 6.3754705e-05 3.0038402e-05 2.9095359e-06
 1.1150725e-06 2.5407630e-07 5.2699001e-08 2.9472622e-08]
sorted_probs shape: (64, 9)
sored_probs sample: [9.9892694e-01 2.8789029e-04 2.6405454e-04 2.2069759e-04 1.7404804e-04
 6.2800747e-05 6.1474348e-05 1.9681736e-06 1.3984831e-08]
sorted_probs shape: (64, 9)
sored_probs sample: [9.9909782e-01 7.1800151e-04 9.7712153e-05 3.6603182e-05 2.5331010e-05
 1.6085944e-05 8.4282510e-06 4.8766417e-08 4.1752754e-10]
sorted_probs shape: (64, 9)
sored_probs sample: [9.9782515e-01 2.1234013e-03 5.0903684e-05 5.2496500e-07 5.5184035e-08
 4.5998366e-08 3.6527751e-08 7.1524102e-09 9.3277841e-10]
sorted_probs shape: (64, 9)
sored_probs sample: [1.0000000e+00 8.5270541e-11 3.1292548e-11 7.1010650e-12 3.7433620e-12
 1.9907043e-14 4.2613414e-17 1.7082098e-23 2.1571544e-25]
sorted_probs shape: (64, 9)
sored_probs sample: [1.0000000e+00 2.5857280e-10 1.3453451e-10 3.7749470e-11 1.7298237e-11
 1.6806351e-13 5.0397989e-16 4.7168091e-22 8.9144264e-24]
sorted_probs shape: (64, 9)
sored_probs sample: [8.5970038e-01 1.3640969e-01 2.1659094e-03 1.2207414e-03 4.1658056e-04
 5.6622670e-05 2.6902246e-05 1.6353825e-06 1.4907064e-06]
sorted_probs shape: (64, 9)
sored_probs sample: [9.5828044e-01 3.7355170e-02 3.1388041e-03 7.3821470e-04 3.3412012e-04
 1.3530233e-04 1.6439286e-05 8.8585119e-07 6.6071385e-07]
sorted_probs shape: (64, 9)
sored_probs sample: [9.8921961e-01 6.3423659e-03 3.1943957e-03 1.1361989e-03 8.8601715e-05
 1.6476586e-05 1.1707513e-06 1.1310457e-06 1.4367686e-08]
sorted_probs shape: (64, 9)
sored_probs sample: [9.9927217e-01 4.0090908e-04 2.9234093e-04 1.6951930e-05 1.6666767e-05
 7.5021882e-07 1.3112684e-07 9.2968669e-08 2.2441160e-08]
sorted_probs shape: (64, 9)
sored_probs sample: [9.3448842e-01 3.1921014e-02 2.2690993e-02 9.8161884e-03 9.5810537e-04
 7.9867386e-05 2.0807669e-05 1.6029682e-05 8.6026512e-06]
sorted_probs shape: (64, 9)
sored_probs sample: [9.9397051e-01 1.6834629e-03 1.4473326e-03 1.4420819e-03 6.8867224e-04
 4.4940511e-04 2.6587548e-04 5.1102208e-05 1.5582357e-06]
sorted_probs shape: (64, 9)
sored_probs sample: [9.8750347e-01 3.2436396e-03 2.4861323e-03 2.3106714e-03 1.4469923e-03
 1.2149273e-03 9.1983879e-04 8.6875731e-04 5.3932231e-06]
sorted_probs shape: (64, 9)
sored_probs sample: [9.7314328e-01 6.7584515e-03 5.2628675e-03 4.4539934e-03 4.1804663e-03
 3.8038215e-03 2.1815579e-03 2.1118208e-04 4.3218706e-06]
sorted_probs shape: (64, 9)
sored_probs sample: [9.9598807e-01 2.0771578e-03 1.7727209e-03 1.1800519e-04 3.0071744e-05
 1.3723055e-05 3.3709406e-07 4.2949580e-08 1.8487496e-09]
sorted_probs shape: (64, 9)
sored_probs sample: [9.99694109e-01 3.00724874e-04 2.38094731e-06 1.97676059e-06
 5.16895739e-07 1.29788745e-07 8.31020230e-08 2.03311092e-08
 1.03216644e-10]
sorted_probs shape: (64, 9)
sored_probs sample: [9.9346328e-01 4.9509779e-03 1.3130615e-03 1.4431251e-04 5.4406977e-05
 4.0457249e-05 2.1625303e-05 1.1400516e-05 4.1402211e-07]
sorted_probs shape: (64, 9)
sored_probs sample: [9.9501097e-01 1.8382714e-03 1.0623256e-03 9.7182475e-04 6.5710285e-04
 2.7994849e-04 1.1016949e-04 6.8045527e-05 1.3376022e-06]
sorted_probs shape: (64, 9)
sored_probs sample: [5.4692686e-01 4.0587708e-01 4.5263801e-02 1.1435781e-03 5.4155936e-04
 2.2081673e-04 2.3344468e-05 2.8789657e-06 8.0331219e-08]
sorted_probs shape: (64, 9)
sored_probs sample: [8.9907426e-01 5.9291486e-02 4.1043080e-02 2.8613856e-04 2.1329492e-04
 7.1586430e-05 1.5798825e-05 3.2646678e-06 1.1057144e-06]
sorted_probs shape: (64, 9)
sored_probs sample: [9.9999309e-01 4.4783078e-06 1.2116300e-06 1.0252165e-06 2.1078338e-07
 1.2333175e-08 5.8697474e-09 1.1911584e-10 3.1273897e-11]
sorted_probs shape: (64, 9)
sored_probs sample: [9.7204179e-01 2.2639716e-02 2.9000395e-03 1.6668161e-03 6.7522377e-04
 3.6393696e-05 3.1086664e-05 8.7768876e-06 1.4865500e-07]
sorted_probs shape: (64, 9)
sored_probs sample: [9.9762696e-01 1.9187974e-03 1.9165791e-04 1.2315792e-04 8.2233026e-05
 2.7055523e-05 1.7384235e-05 1.0706214e-05 2.1125923e-06]
sorted_probs shape: (64, 9)
sored_probs sample: [9.7940505e-01 8.9074653e-03 3.7556083e-03 3.0556142e-03 2.5222178e-03
 2.0854364e-03 1.7152770e-04 9.6270815e-05 8.5559981e-07]
sorted_probs shape: (64, 9)
sored_probs sample: [1.0000000e+00 6.8481401e-11 2.3931950e-11 5.4497075e-12 3.1404224e-12
 1.3864368e-14 2.9684567e-17 9.9734067e-24 1.2179081e-25]
sorted_probs shape: (64, 9)
sored_probs sample: [9.9733943e-01 2.6264805e-03 1.8372826e-05 9.3170602e-06 5.6218350e-06
 6.0487702e-07 6.9389948e-08 6.2490511e-09 2.8048146e-09]
sorted_probs shape: (64, 9)
sored_probs sample: [9.9999964e-01 1.5978003e-07 9.8838356e-08 4.3626976e-08 1.0068069e-08
 8.6060714e-10 1.6893684e-11 1.0488704e-15 7.7888921e-17]
sorted_probs shape: (64, 9)
sored_probs sample: [9.9042845e-01 7.5677098e-03 1.9287119e-03 5.2280731e-05 1.3309296e-05
 6.8053323e-06 2.0151874e-06 5.9856524e-07 9.6913475e-08]
sorted_probs shape: (64, 9)
sored_probs sample: [9.9768138e-01 2.3005756e-03 1.8059187e-05 4.7710142e-08 1.5564556e-08
 3.2156544e-09 2.5452578e-09 1.2752598e-09 2.5512686e-10]
sorted_probs shape: (64, 9)
sored_probs sample: [8.3505529e-01 1.3493435e-01 2.7042381e-02 1.6972297e-03 9.0708159e-04
 1.9797817e-04 1.5709095e-04 8.2875231e-06 3.6238893e-07]
sorted_probs shape: (64, 9)
sored_probs sample: [9.9999511e-01 2.7368928e-06 9.8170506e-07 8.7804483e-07 3.0220150e-07
 4.4941721e-08 3.4478178e-09 3.7329162e-10 2.4794500e-10]
sorted_probs shape: (64, 9)
sored_probs sample: [9.9881774e-01 9.4634492e-04 1.9921266e-04 3.3516939e-05 3.0012932e-06
 1.3850996e-07 8.7484402e-09 2.7868201e-09 2.1684690e-10]
sorted_probs shape: (64, 9)
sored_probs sample: [9.9231827e-01 5.1301853e-03 7.3881110e-04 6.8035926e-04 6.5193512e-04
 3.2302196e-04 1.4755479e-04 8.2298820e-06 1.6008490e-06]
sorted_probs shape: (64, 9)
sored_probs sample: [6.3297415e-01 3.4799656e-01 1.7339019e-02 1.1825671e-03 2.5929633e-04
 1.3822447e-04 1.0385512e-04 6.2852969e-06 4.9101466e-08]
sorted_probs shape: (64, 9)
sored_probs sample: [8.9896941e-01 8.8713355e-02 5.2528111e-03 3.4127731e-03 3.2049934e-03
 3.9498182e-04 4.7501013e-05 2.6851192e-06 1.5466530e-06]
sorted_probs shape: (64, 9)
sored_probs sample: [7.4036396e-01 2.2610046e-01 2.6536308e-02 2.9715849e-03 2.7348022e-03
 9.7674038e-04 2.9885134e-04 1.4919485e-05 2.3703778e-06]
sorted_probs shape: (64, 9)
sored_probs sample: [7.8521580e-01 1.8316513e-01 2.3441162e-02 7.4874097e-03 4.6978056e-04
 1.1969570e-04 4.6215777e-05 3.2795557e-05 2.1956941e-05]
sorted_probs shape: (64, 9)
sored_probs sample: [5.8107954e-01 2.7437609e-01 1.3854188e-01 5.3721215e-03 3.3248070e-04
 2.5716974e-04 2.2585851e-05 1.1384533e-05 6.7160736e-06]
sorted_probs shape: (64, 9)
sored_probs sample: [6.1503154e-01 3.4541506e-01 2.2561211e-02 1.6778782e-02 9.6830765e-05
 5.2717620e-05 3.9083716e-05 2.4772286e-05 9.0492215e-08]
sorted_probs shape: (64, 9)
sored_probs sample: [9.9999988e-01 4.6643702e-08 3.6456438e-08 1.2598814e-08 4.3182231e-09
 2.3366120e-10 2.8165382e-12 8.5171764e-17 5.5674669e-18]
sorted_probs shape: (64, 9)
sored_probs sample: [9.0520453e-01 8.0218092e-02 6.7096669e-03 5.8597256e-03 1.4345093e-03
 4.0297452e-04 1.6662996e-04 3.2485318e-06 5.9840738e-07]
sorted_probs shape: (64, 9)
sored_probs sample: [9.0037352e-01 9.1034889e-02 4.1597444e-03 3.4916878e-03 7.0934999e-04
 1.1583481e-04 7.1270239e-05 3.9317903e-05 4.3679470e-06]
sorted_probs shape: (64, 9)
sored_probs sample: [9.0519941e-01 8.9163184e-02 4.1764681e-03 6.5088051e-04 6.4035971e-04
 7.8259392e-05 7.2269337e-05 1.1039211e-05 8.0895024e-06]
sorted_probs shape: (64, 9)
sored_probs sample: [9.76463079e-01 1.40169123e-02 7.25354766e-03 1.21145905e-03
 8.77347949e-04 1.09100954e-04 4.60047377e-05 2.24020478e-05
 7.80434206e-08]
sorted_probs shape: (64, 9)
sored_probs sample: [9.4483501e-01 3.8515024e-02 8.2770949e-03 4.3045864e-03 3.7579460e-03
 1.6145478e-04 1.2265988e-04 2.5698797e-05 3.9804246e-07]
sorted_probs shape: (64, 9)
sored_probs sample: [9.8401606e-01 8.0105560e-03 2.7494433e-03 2.2413952e-03 1.9508300e-03
 8.6845440e-04 1.4975532e-04 1.3477129e-05 1.3987399e-07]
sorted_probs shape: (64, 9)
sored_probs sample: [9.9955422e-01 2.4390615e-04 1.5584810e-04 3.7661288e-05 6.1820551e-06
 1.1513763e-06 9.2007838e-07 2.4369825e-08 7.7741031e-09]
sorted_probs shape: (64, 9)
sored_probs sample: [0.3093425  0.24002421 0.18079992 0.13083756 0.11612032 0.01556118
 0.00564408 0.00099982 0.00067036]
sorted_probs shape: (64, 9)
sored_probs sample: [9.9987602e-01 9.6996177e-05 2.6710428e-05 2.1300649e-07 1.5124320e-08
 1.0619856e-08 1.8102295e-09 1.2259026e-09 2.1330762e-10]
sorted_probs shape: (64, 9)
sored_probs sample: [9.9992728e-01 4.9654973e-05 1.3822431e-05 7.2645544e-06 1.2891315e-06
 3.7093116e-07 3.3189355e-07 1.2375689e-09 5.3393229e-10]
sorted_probs shape: (64, 9)
sored_probs sample: [9.9997115e-01 2.3884317e-05 2.4013668e-06 2.0257285e-06 6.2218174e-07
 1.0703712e-09 7.3355294e-10 2.0873385e-10 1.1406561e-10]
sorted_probs shape: (64, 9)
sored_probs sample: [8.7705082e-01 7.4128926e-02 4.0703960e-02 4.9759843e-03 1.8734671e-03
 1.2245439e-03 2.6596574e-05 1.5055454e-05 6.1837119e-07]
sorted_probs shape: (64, 9)
sored_probs sample: [9.9519193e-01 2.7889323e-03 1.3914796e-03 3.0338077e-04 2.5215370e-04
 3.6932423e-05 3.2053802e-05 1.7838951e-06 1.4769334e-06]
sorted_probs shape: (64, 9)
sored_probs sample: [9.31585610e-01 6.06706142e-02 3.91766941e-03 2.06897012e-03
 1.04718457e-03 4.32818459e-04 2.65664828e-04 1.03478005e-05
 1.09865721e-06]
sorted_probs shape: (64, 9)
sored_probs sample: [9.9999976e-01 1.4899929e-07 9.3624166e-08 4.2325873e-08 9.8481712e-09
 8.1095847e-10 1.6089350e-11 9.8282270e-16 7.4131576e-17]
sorted_probs shape: (64, 9)
sored_probs sample: [9.64426398e-01 3.43412124e-02 7.31550914e-04 2.51310470e-04
 1.26986110e-04 1.06422915e-04 1.04334595e-05 3.57187901e-06
 2.04071898e-06]
sorted_probs shape: (64, 9)
sored_probs sample: [1.0000000e+00 1.6903239e-10 6.4376386e-11 1.3986994e-11 7.4643130e-12
 4.1117215e-14 1.1581848e-16 6.3937176e-23 8.8495383e-25]
sorted_probs shape: (64, 9)
sored_probs sample: [6.7443299e-01 3.0550772e-01 1.5514669e-02 1.9478147e-03 1.5917785e-03
 5.7529216e-04 4.2169227e-04 6.0396155e-06 2.0250679e-06]
sorted_probs shape: (64, 9)
sored_probs sample: [1.0000000e+00 2.0214184e-09 1.4586859e-09 1.2091871e-09 1.8338916e-10
 1.3103176e-11 3.7645014e-14 2.1595816e-19 8.5786578e-21]
sorted_probs shape: (64, 9)
sored_probs sample: [9.9527138e-01 2.4974379e-03 1.1173912e-03 8.7343855e-04 1.7122563e-04
 3.3866017e-05 3.1316642e-05 3.9473925e-06 4.2009390e-08]
sorted_probs shape: (64, 9)
sored_probs sample: [9.9998093e-01 1.6589152e-05 1.2937935e-06 6.4121258e-07 2.5122171e-07
 2.2651577e-07 7.0327410e-08 9.1048530e-10 2.0666047e-10]
sorted_probs shape: (64, 9)
sored_probs sample: [9.9762493e-01 1.3696016e-03 6.9443323e-04 2.5731645e-04 3.0879990e-05
 1.6624434e-05 3.4639916e-06 2.0727662e-06 5.9634448e-07]
sorted_probs shape: (64, 9)
sored_probs sample: [9.3958676e-01 4.6505045e-02 1.1223888e-02 1.5002901e-03 5.6269113e-04
 3.7758442e-04 2.2276238e-04 2.0125894e-05 8.0726517e-07]
sorted_probs shape: (64, 9)
sored_probs sample: [8.0592787e-01 1.3912779e-01 4.9576845e-02 4.2811073e-03 5.5367342e-04
 4.6415173e-04 5.2458126e-05 1.5741745e-05 4.4158207e-07]
sorted_probs shape: (64, 9)
sored_probs sample: [9.9991703e-01 5.5114222e-05 2.2519136e-05 4.3691030e-06 5.1681786e-07
 2.6471290e-07 1.2991676e-07 4.1593466e-09 5.0718252e-10]
sorted_probs shape: (64, 9)
sored_probs sample: [9.8865426e-01 1.0392220e-02 3.8130631e-04 2.4832491e-04 1.3045259e-04
 1.0249286e-04 8.5908126e-05 4.7970934e-06 2.1125216e-07]
sorted_probs shape: (64, 9)
sored_probs sample: [7.7229655e-01 2.2295702e-01 4.6772626e-03 3.6794256e-05 2.8797303e-05
 2.7060703e-06 5.8611568e-07 1.6577859e-07 1.2942063e-07]
sorted_probs shape: (64, 9)
sored_probs sample: [4.6872693e-01 2.3354991e-01 2.1554910e-01 6.1490525e-02 1.1120686e-02
 5.2612554e-03 4.2216689e-03 4.2751759e-05 3.7176967e-05]
sorted_probs shape: (64, 9)
sored_probs sample: [8.7080544e-01 1.0365043e-01 1.3875490e-02 1.0828293e-02 3.2656617e-04
 2.7459665e-04 1.9798080e-04 3.7402042e-05 3.7704106e-06]
sorted_probs shape: (64, 9)
sored_probs sample: [9.9962103e-01 1.2145580e-04 7.5645999e-05 7.1156421e-05 6.0807441e-05
 3.0098048e-05 1.4772713e-05 4.9616451e-06 1.4051815e-08]
sorted_probs shape: (64, 9)
sored_probs sample: [9.9988341e-01 9.8350698e-05 8.9194300e-06 6.2681502e-06 1.0498961e-06
 1.0203046e-06 9.3979617e-07 4.9464113e-09 1.2163600e-09]
sorted_probs shape: (64, 9)
sored_probs sample: [9.9996316e-01 3.3783548e-05 1.7291279e-06 6.8473793e-07 4.0613935e-07
 1.4579385e-07 1.2440404e-07 3.8390410e-10 7.1608136e-11]
sorted_probs shape: (64, 9)
sored_probs sample: [9.9998069e-01 6.8997606e-06 6.2431291e-06 4.4799267e-06 1.5510323e-06
 9.2917368e-08 1.5322954e-08 8.2885348e-12 2.3005460e-12]
sorted_probs shape: (64, 9)
sored_probs sample: [9.8592037e-01 1.0424353e-02 3.4539979e-03 1.4634307e-04 4.7562229e-05
 6.4929836e-06 7.6305110e-07 1.2510959e-07 2.4746821e-08]
sorted_probs shape: (64, 9)
sored_probs sample: [8.8558823e-01 7.2015181e-02 3.8885050e-02 1.5734836e-03 1.5357826e-03
 3.1834186e-04 5.8709240e-05 2.5115603e-05 1.2599997e-07]
sorted_probs shape: (64, 9)
sored_probs sample: [9.9517030e-01 4.5637921e-03 1.1482578e-04 8.2189013e-05 6.5149376e-05
 3.0289025e-06 6.7877846e-07 1.0779607e-07 2.0668136e-09]
sorted_probs shape: (64, 9)
sored_probs sample: [8.1517184e-01 6.6299036e-02 6.3256718e-02 4.0330954e-02 8.0154594e-03
 5.9749368e-03 7.0478139e-04 1.9443565e-04 5.1801337e-05]
sorted_probs shape: (64, 9)
sored_probs sample: [9.9280566e-01 4.0144771e-03 2.3822880e-03 4.2610255e-04 1.3232755e-04
 1.0994219e-04 7.7876794e-05 2.7348306e-05 2.4032655e-05]
sorted_probs shape: (64, 9)
sored_probs sample: [9.8352480e-01 1.5119457e-02 1.2958227e-03 2.7982882e-05 1.7204968e-05
 1.4555534e-05 1.3404839e-07 5.2400871e-08 9.4376311e-09]
sorted_probs shape: (64, 9)
sored_probs sample: [9.9999499e-01 2.5793463e-06 1.6531479e-06 4.9419322e-07 2.5505886e-07
 4.5685220e-09 2.8041467e-09 8.5967421e-11 2.7422441e-11]
sorted_probs shape: (64, 9)
sored_probs sample: [9.9690092e-01 1.4479150e-03 9.7373006e-04 4.0289594e-04 8.0788086e-05
 7.8604920e-05 7.7620054e-05 3.7370948e-05 1.9550383e-07]
sorted_probs shape: (64, 9)
sored_probs sample: [9.2080176e-01 4.4496626e-02 1.5962020e-02 8.2285954e-03 7.7186832e-03
 1.8224379e-03 5.5968045e-04 4.0797968e-04 2.1276244e-06]
sorted_probs shape: (64, 9)
sored_probs sample: [9.9433041e-01 4.1629076e-03 1.2651556e-03 2.3416075e-04 5.0026943e-06
 1.7666836e-06 5.2882814e-07 5.7528431e-09 8.0251222e-11]
sorted_probs shape: (64, 9)
sored_probs sample: [9.8984373e-01 7.4588889e-03 2.5711320e-03 1.0043609e-04 1.1271002e-05
 8.1009912e-06 6.0143034e-06 2.7760595e-07 1.0577308e-07]
sorted_probs shape: (64, 9)
sored_probs sample: [4.0952745e-01 2.9427370e-01 2.6098037e-01 1.9904505e-02 1.3384813e-02
 1.1154016e-03 6.4016250e-04 1.4335234e-04 3.0273472e-05]
sorted_probs shape: (64, 9)
sored_probs sample: [9.1996843e-01 7.3333703e-02 5.0219372e-03 7.4088975e-04 3.9493587e-04
 3.8628178e-04 1.1394205e-04 3.7389866e-05 2.5493480e-06]
sorted_probs shape: (64, 9)
sored_probs sample: [7.4354208e-01 1.1500027e-01 7.3199250e-02 5.5205870e-02 1.3041166e-02
 9.4824109e-06 1.0159264e-06 8.1073290e-07 3.0798621e-08]
sorted_probs shape: (64, 9)
sored_probs sample: [6.3303703e-01 3.5759887e-01 6.9311350e-03 2.3695370e-03 2.9863020e-05
 1.4464894e-05 1.3777195e-05 5.3032604e-06 4.0140101e-08]
sorted_probs shape: (64, 9)
sored_probs sample: [9.1764754e-01 4.4083998e-02 2.1689096e-02 8.9234598e-03 3.5731765e-03
 3.4519362e-03 4.6752399e-04 1.3747250e-04 2.5742675e-05]
sorted_probs shape: (64, 9)
sored_probs sample: [9.8030370e-01 1.9241514e-02 3.6887583e-04 3.0529667e-05 2.7053515e-05
 2.4415560e-05 1.7177927e-06 1.3500041e-06 7.6985060e-07]
sorted_probs shape: (64, 9)
sored_probs sample: [8.6367911e-01 1.3573942e-01 5.7745195e-04 2.8861159e-06 8.1791836e-07
 2.0586434e-07 5.6298745e-08 2.3314973e-08 2.1870028e-09]
sorted_probs shape: (64, 9)
sored_probs sample: [8.9668888e-01 7.6700933e-02 1.0511887e-02 6.6685653e-03 5.0498168e-03
 3.2068677e-03 5.9788750e-04 4.7312307e-04 1.0200000e-04]
sorted_probs shape: (64, 9)
sored_probs sample: [5.3309935e-01 4.3537891e-01 2.0448560e-02 8.8088103e-03 2.1339026e-03
 6.8880225e-05 6.0719784e-05 5.4280184e-07 3.0790486e-07]
sorted_probs shape: (64, 9)
sored_probs sample: [9.7935128e-01 1.0183971e-02 8.4051024e-03 1.5474897e-03 3.4206864e-04
 8.2655773e-05 5.8779198e-05 2.8501887e-05 1.2890740e-07]
sorted_probs shape: (64, 9)
sored_probs sample: [9.9753112e-01 2.0271670e-03 3.3506166e-04 7.6283613e-05 1.9192050e-05
 9.5042333e-06 1.6347848e-06 4.1877076e-08 1.4765542e-08]
sorted_probs shape: (64, 9)
sored_probs sample: [8.67210627e-01 7.90727586e-02 5.35279959e-02 1.44168269e-04
 2.83678201e-05 1.47789315e-05 7.50820220e-07 6.02067530e-07
 4.94767889e-08]
sorted_probs shape: (64, 9)
sored_probs sample: [9.3996048e-01 3.6955308e-02 1.2783395e-02 4.6645314e-03 2.7254261e-03
 1.2113571e-03 1.1677726e-03 4.0289981e-04 1.2880516e-04]
sorted_probs shape: (64, 9)
sored_probs sample: [9.4411862e-01 2.1526126e-02 1.9558430e-02 8.4552066e-03 4.1325530e-03
 1.4798119e-03 6.8423752e-04 2.3890458e-05 2.1162423e-05]
sorted_probs shape: (64, 9)
sored_probs sample: [5.7548243e-01 4.2383870e-01 6.6499208e-04 1.1116376e-05 1.7280819e-06
 8.5223473e-07 1.6543490e-07 6.2979367e-08 3.8923260e-09]
sorted_probs shape: (64, 9)
sored_probs sample: [9.3531799e-01 5.6219142e-02 5.5379774e-03 1.5363771e-03 9.2897331e-04
 3.2383396e-04 1.3413842e-04 1.1821461e-06 4.3716682e-07]
sorted_probs shape: (64, 9)
sored_probs sample: [8.0406690e-01 1.5738264e-01 3.5726354e-02 1.1490582e-03 1.0894790e-03
 3.0791140e-04 2.1329995e-04 6.3752181e-05 6.1579010e-07]
sorted_probs shape: (64, 9)
sored_probs sample: [9.5072627e-01 4.8718676e-02 2.7913888e-04 9.7513665e-05 8.4832835e-05
 6.8626250e-05 2.2485967e-05 1.3319566e-06 1.1335670e-06]
sorted_probs shape: (64, 9)
sored_probs sample: [9.9250883e-01 4.2310385e-03 2.9958009e-03 1.6352221e-04 5.9330549e-05
 2.5604631e-05 1.0616675e-05 3.2739656e-06 2.0323259e-06]
sorted_probs shape: (64, 9)
sored_probs sample: [9.8220533e-01 8.7529598e-03 7.0211650e-03 1.7872009e-03 1.5953837e-04
 5.7726000e-05 1.0192665e-05 4.1445119e-06 1.7752207e-06]
sorted_probs shape: (64, 9)
sored_probs sample: [9.0241945e-01 6.6001296e-02 2.2484317e-02 4.8228255e-03 2.1098368e-03
 1.6061343e-03 4.4481378e-04 1.0878727e-04 2.4778517e-06]
sorted_probs shape: (64, 9)
sored_probs sample: [7.0856827e-01 2.0867646e-01 8.0375686e-02 1.5366031e-03 6.0396711e-04
 1.4992637e-04 5.9949987e-05 2.9043607e-05 1.0093518e-07]
sorted_probs shape: (64, 9)
sored_probs sample: [7.0904052e-01 2.5865671e-01 1.3249908e-02 9.0620006e-03 8.5903611e-03
 1.2397266e-03 1.1056276e-04 4.1108811e-05 9.0913791e-06]
sorted_probs shape: (64, 9)
sored_probs sample: [5.4068124e-01 4.4938263e-01 4.4699269e-03 4.3989616e-03 6.9945422e-04
 1.9747253e-04 1.4753648e-04 2.1180647e-05 1.5881094e-06]
sorted_probs shape: (64, 9)
sored_probs sample: [7.4538922e-01 2.4818552e-01 6.1957035e-03 1.4442223e-04 5.6308134e-05
 1.1607978e-05 7.1288609e-06 6.2209160e-06 3.9093457e-06]
sorted_probs shape: (64, 9)
sored_probs sample: [9.9996877e-01 1.3867978e-05 8.4762496e-06 8.2907145e-06 5.9835747e-07
 2.3597591e-08 1.9828610e-08 1.0540434e-09 2.1510065e-10]
sorted_probs shape: (64, 9)
sored_probs sample: [1.0000000e+00 4.2443463e-10 2.5779276e-10 2.0860297e-10 2.9628657e-11
 1.6473784e-12 3.0130444e-15 7.0408014e-21 2.0346341e-22]
sorted_probs shape: (64, 9)
sored_probs sample: [9.6477383e-01 2.0768197e-02 1.0044165e-02 3.1210952e-03 1.1037040e-03
 1.7399147e-04 9.6511922e-06 5.2417308e-06 8.4271164e-08]
sorted_probs shape: (64, 9)
sored_probs sample: [9.4980204e-01 4.3084141e-02 3.6122273e-03 1.4084129e-03 9.9675416e-04
 8.5913541e-04 2.1082106e-04 2.5382422e-05 1.0611075e-06]
sorted_probs shape: (64, 9)
sored_probs sample: [9.9409097e-01 5.7950863e-03 6.6555906e-05 2.5943516e-05 1.7227901e-05
 3.8376138e-06 2.5617578e-07 5.1938024e-08 7.4105149e-09]
sorted_probs shape: (64, 9)
sored_probs sample: [9.9998748e-01 7.7972400e-06 2.4140259e-06 1.9512015e-06 4.4391942e-07
 1.2632244e-09 8.8996999e-10 1.7392350e-10 7.2460073e-11]
sorted_probs shape: (64, 9)
sored_probs sample: [7.4127644e-01 9.0775087e-02 8.0842495e-02 4.7026936e-02 2.5080388e-02
 1.2804486e-02 1.2918150e-03 7.6910667e-04 1.3322070e-04]
sorted_probs shape: (64, 9)
sored_probs sample: [9.9756753e-01 1.9388014e-03 4.2897064e-04 3.8533995e-05 1.5929463e-05
 1.0212498e-05 8.0218463e-08 3.0788893e-08 6.1798167e-09]
sorted_probs shape: (64, 9)
sored_probs sample: [9.86125767e-01 1.14269545e-02 2.08929530e-03 2.12164843e-04
 9.05559500e-05 4.77541435e-05 3.72312911e-06 2.59987723e-06
 1.22055690e-06]
sorted_probs shape: (64, 9)
sored_probs sample: [9.2368472e-01 6.7639254e-02 4.1526384e-03 3.0053887e-03 1.0950505e-03
 3.5069164e-04 6.3039697e-05 8.7766139e-06 3.8055725e-07]
sorted_probs shape: (64, 9)
sored_probs sample: [9.5828974e-01 3.0998964e-02 9.5455367e-03 4.6692064e-04 3.1535095e-04
 2.3047443e-04 1.5168180e-04 8.9107237e-07 2.9044105e-07]
sorted_probs shape: (64, 9)
sored_probs sample: [9.9900961e-01 4.2738355e-04 2.1532414e-04 1.6940004e-04 6.9799062e-05
 5.3627715e-05 4.4470005e-05 8.5062911e-06 1.8596990e-06]
sorted_probs shape: (64, 9)
sored_probs sample: [9.99865055e-01 8.74179532e-05 2.31875620e-05 1.17283817e-05
 1.16468245e-05 7.82656343e-07 1.03778753e-07 7.14450223e-08
 4.20470911e-08]
sorted_probs shape: (64, 9)
sored_probs sample: [9.9999952e-01 2.8153897e-07 1.5976417e-07 6.5724215e-08 1.8405645e-08
 1.4899768e-09 3.3879597e-11 2.8621862e-15 2.6132660e-16]
sorted_probs shape: (64, 9)
sored_probs sample: [9.3559414e-01 6.3863307e-02 2.8841582e-04 2.1336861e-04 3.2646454e-05
 6.7708047e-06 1.0688885e-06 2.7349415e-07 4.9838036e-09]
sorted_probs shape: (64, 9)
sored_probs sample: [9.9582219e-01 3.5829158e-03 4.8067313e-04 3.7998019e-05 3.7660706e-05
 3.0453024e-05 7.6372535e-06 5.2759600e-07 1.4185700e-08]
sorted_probs shape: (64, 9)
sored_probs sample: [7.9803705e-01 1.5183029e-01 2.4809862e-02 9.3246251e-03 8.6669438e-03
 3.9266469e-03 2.3387743e-03 1.0113280e-03 5.4498832e-05]
sorted_probs shape: (64, 9)
sored_probs sample: [7.9670376e-01 2.0015444e-01 1.7521849e-03 6.4218946e-04 6.1293691e-04
 9.9657031e-05 2.1548522e-05 1.1358652e-05 1.9410063e-06]
sorted_probs shape: (64, 9)
sored_probs sample: [9.9993455e-01 5.7404101e-05 7.6272327e-06 1.6665825e-07 1.5793385e-07
 1.7152011e-09 9.6722963e-11 7.3070085e-11 7.6659902e-12]
sorted_probs shape: (64, 9)
sored_probs sample: [8.1246179e-01 1.8483761e-01 2.6396788e-03 2.8843426e-05 2.8707942e-05
 2.8365137e-06 3.8961596e-07 1.2372958e-07 2.6589129e-08]
sorted_probs shape: (64, 9)
sored_probs sample: [9.9992418e-01 4.7449917e-05 2.4048535e-05 3.2808546e-06 4.8220124e-07
 4.1456707e-07 1.6851124e-07 2.2546434e-09 2.9637165e-10]
sorted_probs shape: (64, 9)
sored_probs sample: [9.5584965e-01 3.3988550e-02 6.0135233e-03 1.7235189e-03 1.2142869e-03
 9.7044057e-04 2.2010876e-04 1.9957184e-05 2.1157158e-08]
sorted_probs shape: (64, 9)
sored_probs sample: [9.0614426e-01 8.4176064e-02 4.5055491e-03 3.7395959e-03 8.7233953e-04
 2.3630149e-04 1.5637069e-04 9.4119008e-05 7.5269141e-05]
sorted_probs shape: (64, 9)
sored_probs sample: [9.10346210e-01 5.90603575e-02 2.43455078e-02 5.48340194e-03
 3.33168777e-04 2.54859915e-04 1.14840186e-04 5.93444456e-05
 2.43331669e-06]
sorted_probs shape: (64, 9)
sored_probs sample: [9.8464495e-01 7.8070005e-03 2.6637667e-03 1.7383802e-03 1.3104057e-03
 1.1646383e-03 5.4451800e-04 1.2529051e-04 1.0658891e-06]
sorted_probs shape: (64, 9)
sored_probs sample: [9.9998450e-01 1.1456215e-05 3.1721149e-06 6.3369305e-07 1.6581571e-07
 7.9804089e-08 2.7375631e-08 3.4949876e-10 7.7943270e-11]
sorted_probs shape: (64, 9)
sored_probs sample: [9.9843508e-01 7.3692016e-04 7.0701976e-04 5.6583940e-05 2.8741000e-05
 2.3441151e-05 1.0642052e-05 8.4453461e-07 7.5532682e-07]
sorted_probs shape: (64, 9)
sored_probs sample: [8.9433289e-01 1.0456647e-01 1.0789544e-03 1.4431637e-05 4.3910536e-06
 1.1742504e-06 1.0453226e-06 6.9037662e-07 3.0687868e-08]
sorted_probs shape: (64, 9)
sored_probs sample: [9.9969399e-01 1.7336648e-04 5.2160201e-05 3.5722736e-05 1.5103658e-05
 1.4405939e-05 1.2045133e-05 3.2565852e-06 2.0581593e-08]
sorted_probs shape: (64, 9)
sored_probs sample: [9.9999380e-01 5.2448463e-06 8.4605881e-07 7.3063788e-08 1.9092903e-08
 5.4771414e-09 3.1689102e-09 2.1255595e-12 7.5973402e-13]
sorted_probs shape: (64, 9)
sored_probs sample: [9.5256680e-01 4.5344729e-02 1.3029738e-03 4.9088325e-04 1.4817248e-04
 1.3302772e-04 1.0402309e-05 2.9127195e-06 3.2180321e-08]
sorted_probs shape: (64, 9)
sored_probs sample: [9.9733883e-01 2.0381706e-03 4.2980770e-04 1.0896257e-04 8.2397171e-05
 7.0647008e-07 6.1844304e-07 2.9488305e-07 1.5288573e-07]
sorted_probs shape: (64, 9)
sored_probs sample: [9.9554706e-01 1.9636685e-03 1.3503719e-03 1.1140085e-03 1.0487405e-05
 9.7177272e-06 4.1230519e-06 5.4290155e-07 4.8417022e-09]
sorted_probs shape: (64, 9)
sored_probs sample: [9.7218341e-01 1.6176416e-02 7.7909585e-03 3.7059479e-03 1.0147589e-04
 2.3840581e-05 1.6463409e-05 1.5283697e-06 1.3699446e-08]
sorted_probs shape: (64, 9)
sored_probs sample: [7.9646111e-01 1.8422145e-01 1.5148547e-02 2.8215919e-03 5.5201218e-04
 4.5193004e-04 3.1286580e-04 1.8399474e-05 1.2033882e-05]
sorted_probs shape: (64, 9)
sored_probs sample: [9.9672842e-01 2.5361062e-03 7.1300688e-04 1.3452021e-05 3.2740982e-06
 2.7424476e-06 1.7425208e-06 1.2992115e-06 1.9601091e-08]
sorted_probs shape: (64, 9)
sored_probs sample: [9.9990475e-01 6.9041955e-05 2.2313634e-05 1.9340596e-06 1.0609967e-06
 7.0887080e-07 1.4869059e-07 3.6468253e-09 2.3255106e-10]
sorted_probs shape: (64, 9)
sored_probs sample: [9.7591090e-01 2.0725772e-02 3.1358413e-03 9.7251119e-05 9.1971961e-05
 3.7401940e-05 4.5521995e-07 2.2838829e-07 1.4802976e-07]
sorted_probs shape: (64, 9)
sored_probs sample: [9.2501390e-01 3.8216870e-02 3.4827471e-02 1.6398201e-03 1.9041258e-04
 8.4144383e-05 1.3743649e-05 8.2940751e-06 5.3747349e-06]
sorted_probs shape: (64, 9)
sored_probs sample: [8.6932409e-01 1.2359016e-01 7.0696305e-03 8.9544365e-06 4.0625337e-06
 1.6088169e-06 8.1510819e-07 4.3110359e-07 1.2146079e-07]
sorted_probs shape: (64, 9)
sored_probs sample: [5.9998715e-01 2.6684648e-01 6.8175890e-02 3.6048379e-02 9.6813478e-03
 7.9437261e-03 7.4572610e-03 3.6263738e-03 2.3348999e-04]
sorted_probs shape: (64, 9)
sored_probs sample: [5.6831914e-01 3.9998603e-01 1.4141058e-02 1.0554652e-02 2.9342533e-03
 1.8742676e-03 1.1648801e-03 1.0240623e-03 1.7072099e-06]
sorted_probs shape: (64, 9)
sored_probs sample: [7.5246346e-01 2.2897011e-01 6.4781671e-03 6.1906585e-03 5.3645005e-03
 4.0251369e-04 1.2110898e-04 8.5130268e-06 9.4188613e-07]
sorted_probs shape: (64, 9)
sored_probs sample: [9.99986053e-01 1.23378841e-05 8.34495438e-07 3.80874951e-07
 2.49341213e-07 1.13450945e-07 3.56787417e-08 1.49515428e-10
 5.12303255e-11]
sorted_probs shape: (64, 9)
sored_probs sample: [9.0696520e-01 4.6557691e-02 4.3248076e-02 2.8962868e-03 2.7444842e-04
 2.1501546e-05 1.7916487e-05 1.6045202e-05 2.8933532e-06]
sorted_probs shape: (64, 9)
sored_probs sample: [7.7874845e-01 1.1649740e-01 8.9521691e-02 1.3893617e-02 8.6430856e-04
 3.1213555e-04 1.0804428e-04 5.3176569e-05 1.2338514e-06]
sorted_probs shape: (64, 9)
sored_probs sample: [1.0000000e+00 1.6437203e-10 9.4051808e-11 3.3469196e-11 1.3775294e-11
 1.5227269e-13 3.4677267e-16 2.8169970e-22 5.2511670e-24]
sorted_probs shape: (64, 9)
sored_probs sample: [8.9959699e-01 7.2603233e-02 2.5721582e-02 1.5297078e-03 3.9076130e-04
 1.2650999e-04 1.5463938e-05 1.4313622e-05 1.3752830e-06]
sorted_probs shape: (64, 9)
sored_probs sample: [6.1279988e-01 3.4546888e-01 3.9132401e-02 1.9277658e-03 4.1365274e-04
 2.0623812e-04 4.1679072e-05 9.4344960e-06 5.9512661e-08]
sorted_probs shape: (64, 9)
sored_probs sample: [9.4888633e-01 4.9886722e-02 1.2233499e-03 1.9180409e-06 1.0758988e-06
 3.2105376e-07 7.1396300e-08 4.9234163e-08 1.1465417e-08]
sorted_probs shape: (64, 9)
sored_probs sample: [9.9932325e-01 3.4268838e-04 1.8072638e-04 7.9654063e-05 3.7717422e-05
 2.2277083e-05 1.2776132e-05 8.3456200e-07 1.5578020e-07]
sorted_probs shape: (64, 9)
sored_probs sample: [5.7981217e-01 4.0424925e-01 1.5528653e-02 2.3152330e-04 1.2776788e-04
 3.4085329e-05 8.9040614e-06 7.4022969e-06 2.5789066e-07]
sorted_probs shape: (64, 9)
sored_probs sample: [5.8571893e-01 3.9969215e-01 8.5612563e-03 4.2871623e-03 8.8705344e-04
 5.9252285e-04 2.5242040e-04 7.7630475e-06 6.7983069e-07]
sorted_probs shape: (64, 9)
sored_probs sample: [9.5443559e-01 3.7130237e-02 8.3326530e-03 8.9699410e-05 7.3293750e-06
 4.2742081e-06 2.1872981e-07 4.4532005e-08 1.6309237e-08]
sorted_probs shape: (64, 9)
sored_probs sample: [9.87152278e-01 8.13061930e-03 3.95335816e-03 6.43445062e-04
 1.03752034e-04 8.42591544e-06 6.17929891e-06 1.38356825e-06
 3.86517911e-07]
sorted_probs shape: (64, 9)
sored_probs sample: [9.9641138e-01 1.9373903e-03 1.0400632e-03 2.7816460e-04 2.2462163e-04
 5.8660804e-05 4.7118781e-05 2.5610893e-06 5.1456448e-09]
sorted_probs shape: (64, 9)
sored_probs sample: [9.9465102e-01 2.8080407e-03 2.2991875e-03 1.7405400e-04 2.6393505e-05
 2.1343518e-05 1.6266304e-05 3.6153187e-06 4.6462663e-08]
sorted_probs shape: (64, 9)
sored_probs sample: [9.9998963e-01 5.9640420e-06 2.9789496e-06 1.2167440e-06 2.2658385e-07
 1.1046091e-09 7.6525269e-10 7.7339760e-11 6.5235511e-11]
sorted_probs shape: (64, 9)
sored_probs sample: [9.5306063e-01 4.0412933e-02 4.8414902e-03 8.3676272e-04 4.6475691e-04
 1.7173144e-04 1.1103498e-04 9.3794115e-05 6.7080832e-06]
sorted_probs shape: (64, 9)
sored_probs sample: [9.9858922e-01 6.7434058e-04 5.9136975e-04 5.3015756e-05 3.4360924e-05
 2.1815800e-05 1.8887727e-05 1.7014969e-05 8.1650782e-08]
sorted_probs shape: (64, 9)
sored_probs sample: [7.97955453e-01 1.10910304e-01 6.46325275e-02 1.44567350e-02
 5.54498332e-03 3.72934924e-03 2.09009694e-03 4.77914204e-04
 2.02663854e-04]
sorted_probs shape: (48, 9)
sored_probs sample: [9.8609030e-01 9.8636393e-03 3.7960175e-03 1.2368719e-04 9.6372241e-05
 2.1429591e-05 8.3370178e-06 1.6712460e-07 3.1013155e-08]
Shadow Model 2/3, Epoch 1/10, Loss: 0.0188, Correct: 3960, Accuracy: 0.5657
Shadow Model 2/3, Epoch 2/10, Loss: 0.0127, Correct: 4949, Accuracy: 0.7070
Shadow Model 2/3, Epoch 3/10, Loss: 0.0105, Correct: 5344, Accuracy: 0.7634
Shadow Model 2/3, Epoch 4/10, Loss: 0.0093, Correct: 5525, Accuracy: 0.7893
Shadow Model 2/3, Epoch 5/10, Loss: 0.0077, Correct: 5806, Accuracy: 0.8294
Shadow Model 2/3, Epoch 6/10, Loss: 0.0074, Correct: 5846, Accuracy: 0.8351
Shadow Model 2/3, Epoch 7/10, Loss: 0.0069, Correct: 5910, Accuracy: 0.8443
Shadow Model 2/3, Epoch 8/10, Loss: 0.0058, Correct: 6085, Accuracy: 0.8693
Shadow Model 2/3, Epoch 9/10, Loss: 0.0050, Correct: 6210, Accuracy: 0.8871
Shadow Model 2/3, Epoch 10/10, Loss: 0.0049, Correct: 6231, Accuracy: 0.8901
sorted_probs shape: (64, 9)
sored_probs sample: [9.9653012e-01 2.9477044e-03 4.2391641e-04 4.9371723e-05 2.7417045e-05
 1.7067488e-05 2.6456571e-06 1.3341786e-06 3.3104556e-07]
sorted_probs shape: (64, 9)
sored_probs sample: [9.3099999e-01 6.6116646e-02 1.2511419e-03 1.0878198e-03 3.7122448e-04
 1.3427908e-04 3.2986467e-05 4.5081711e-06 1.3537664e-06]
sorted_probs shape: (64, 9)
sored_probs sample: [9.8146260e-01 1.0938731e-02 3.8249786e-03 1.2769459e-03 1.0966210e-03
 8.5274439e-04 3.7943240e-04 1.6122984e-04 6.7385258e-06]
sorted_probs shape: (64, 9)
sored_probs sample: [9.9918681e-01 4.6879626e-04 3.1937615e-04 1.0004238e-05 7.2464686e-06
 3.8112933e-06 2.3422101e-06 1.5852993e-06 5.0417576e-08]
sorted_probs shape: (64, 9)
sored_probs sample: [9.9991357e-01 4.9544789e-05 2.3184972e-05 1.2481735e-05 5.6600913e-07
 5.2965856e-07 1.2761630e-07 2.6782095e-08 3.8177643e-09]
sorted_probs shape: (64, 9)
sored_probs sample: [9.9999821e-01 1.6208833e-06 1.4128838e-07 4.6621658e-08 2.3105557e-08
 1.0480713e-11 1.0024274e-11 8.1509053e-12 6.3093885e-16]
sorted_probs shape: (64, 9)
sored_probs sample: [8.1389242e-01 1.6721770e-01 1.1847278e-02 4.8088739e-03 1.8522788e-03
 2.8032745e-04 9.3209776e-05 6.5055056e-06 1.3678402e-06]
sorted_probs shape: (64, 9)
sored_probs sample: [9.9953222e-01 2.7409167e-04 7.2655122e-05 5.3855496e-05 3.4158380e-05
 2.0083626e-05 8.9576079e-06 3.4961636e-06 4.4237581e-07]
sorted_probs shape: (64, 9)
sored_probs sample: [9.9999833e-01 1.3918931e-06 2.0698668e-07 3.5552553e-08 2.1428251e-08
 8.3875224e-12 7.1990513e-12 6.2126740e-12 2.9391344e-16]
sorted_probs shape: (64, 9)
sored_probs sample: [9.9960881e-01 2.8520121e-04 7.6661512e-05 1.3762084e-05 9.9841727e-06
 2.1006506e-06 1.7311579e-06 1.5284876e-06 2.3825872e-07]
sorted_probs shape: (64, 9)
sored_probs sample: [9.9763894e-01 1.9547523e-03 2.6271623e-04 9.3968920e-05 3.2376112e-05
 1.5960637e-05 1.0952812e-06 1.8136134e-07 7.7925812e-08]
sorted_probs shape: (64, 9)
sored_probs sample: [7.0710242e-01 2.7283120e-01 1.0906623e-02 6.9484506e-03 9.0588466e-04
 7.7526621e-04 2.2906273e-04 2.0857950e-04 9.2521994e-05]
sorted_probs shape: (64, 9)
sored_probs sample: [9.9879503e-01 1.1487385e-03 2.6799393e-05 1.6448848e-05 1.1822400e-05
 1.0084752e-06 1.6215017e-07 3.6688144e-09 3.3141818e-09]
sorted_probs shape: (64, 9)
sored_probs sample: [9.8599142e-01 1.1201831e-02 1.0334366e-03 9.7470998e-04 3.5205000e-04
 3.0521714e-04 7.5606942e-05 4.8317517e-05 1.7484866e-05]
sorted_probs shape: (64, 9)
sored_probs sample: [9.5564282e-01 3.6639757e-02 5.4089809e-03 1.0931387e-03 9.8601100e-04
 2.1712680e-04 6.6707203e-06 4.1130756e-06 1.4556684e-06]
sorted_probs shape: (64, 9)
sored_probs sample: [5.7387030e-01 4.1058430e-01 1.3442443e-02 1.8514321e-03 1.5722719e-04
 4.8949270e-05 3.2883803e-05 1.1570226e-05 8.9406194e-07]
sorted_probs shape: (64, 9)
sored_probs sample: [9.9999499e-01 3.9524125e-06 8.3423555e-07 1.3351459e-07 7.1268381e-08
 5.6066537e-11 5.1150528e-11 4.9841506e-11 3.3307584e-15]
sorted_probs shape: (64, 9)
sored_probs sample: [7.3419845e-01 2.3624985e-01 1.5018518e-02 1.0662417e-02 3.3863785e-03
 2.7370622e-04 1.6921891e-04 3.7255828e-05 4.0978421e-06]
sorted_probs shape: (64, 9)
sored_probs sample: [4.8382905e-01 4.1400316e-01 6.9099024e-02 2.8085507e-02 3.0566908e-03
 1.6359587e-03 2.0064045e-04 8.2441758e-05 7.4846944e-06]
sorted_probs shape: (64, 9)
sored_probs sample: [8.5543972e-01 6.2447164e-02 2.7398327e-02 1.8647166e-02 1.6927630e-02
 1.6491063e-02 1.4668949e-03 1.1793303e-03 2.7363103e-06]
sorted_probs shape: (64, 9)
sored_probs sample: [5.2714777e-01 2.1996099e-01 1.8630883e-01 3.1885978e-02 2.9910205e-02
 3.0203306e-03 8.8423037e-04 6.9292466e-04 1.8872647e-04]
sorted_probs shape: (64, 9)
sored_probs sample: [9.9992657e-01 5.5661880e-05 1.2272561e-05 4.2453748e-06 1.2754746e-06
 1.3651219e-08 7.8365892e-09 6.7096808e-09 5.2152406e-12]
sorted_probs shape: (64, 9)
sored_probs sample: [8.92636359e-01 1.05827324e-01 1.50194298e-03 2.61884543e-05
 6.03053968e-06 1.79966833e-06 3.12009490e-07 1.94784917e-08
 5.32298117e-09]
sorted_probs shape: (64, 9)
sored_probs sample: [9.8259568e-01 1.0199474e-02 6.7024650e-03 2.6230773e-04 8.0883940e-05
 7.0063594e-05 4.9710161e-05 3.9219743e-05 8.3911978e-08]
sorted_probs shape: (64, 9)
sored_probs sample: [9.9951673e-01 2.1660894e-04 1.5987422e-04 9.3417773e-05 8.7681292e-06
 2.2668726e-06 1.8382942e-06 4.5187497e-07 4.5942166e-08]
sorted_probs shape: (64, 9)
sored_probs sample: [7.4798316e-01 2.0821400e-01 4.1150127e-02 1.9759282e-03 6.0187338e-04
 4.6776571e-05 1.2927656e-05 9.5522219e-06 5.6428776e-06]
sorted_probs shape: (64, 9)
sored_probs sample: [9.9999547e-01 3.6550027e-06 6.4569417e-07 1.2530394e-07 6.7020110e-08
 5.1520375e-11 4.9574355e-11 4.9433197e-11 3.9005647e-15]
sorted_probs shape: (64, 9)
sored_probs sample: [9.9113780e-01 8.6407689e-03 1.5060643e-04 4.0308238e-05 2.8725244e-05
 1.5892365e-06 1.1868560e-07 1.5846311e-08 6.1336056e-09]
sorted_probs shape: (64, 9)
sored_probs sample: [6.9272316e-01 2.7845630e-01 2.5164349e-02 3.3500427e-03 9.9598896e-05
 9.3341601e-05 9.0599031e-05 1.9187399e-05 3.3962053e-06]
sorted_probs shape: (64, 9)
sored_probs sample: [9.9561608e-01 2.3782274e-03 1.3207460e-03 2.5885020e-04 1.8177384e-04
 1.4063620e-04 5.5273980e-05 4.6265090e-05 2.1039755e-06]
sorted_probs shape: (64, 9)
sored_probs sample: [9.6839786e-01 2.6322370e-02 2.2757426e-03 8.3920453e-04 7.7063881e-04
 6.7161437e-04 3.9594987e-04 3.2625595e-04 2.2332573e-07]
sorted_probs shape: (64, 9)
sored_probs sample: [9.94545221e-01 4.76052985e-03 3.65479325e-04 3.06165020e-04
 1.01800915e-05 6.15999852e-06 5.39685925e-06 4.85413125e-07
 2.83693822e-07]
sorted_probs shape: (64, 9)
sored_probs sample: [9.8591596e-01 4.5676478e-03 3.1207434e-03 2.5093821e-03 2.4673322e-03
 7.4792275e-04 6.1964389e-04 3.8910501e-05 1.2473079e-05]
sorted_probs shape: (64, 9)
sored_probs sample: [9.9990392e-01 7.1169357e-05 1.8405319e-05 4.5028919e-06 1.9334750e-06
 2.2723166e-08 1.1921397e-08 1.0675963e-08 8.8492191e-12]
sorted_probs shape: (64, 9)
sored_probs sample: [9.9353963e-01 3.6320493e-03 1.8398749e-03 8.3587226e-04 6.7370078e-05
 5.6529683e-05 1.0746284e-05 9.3977433e-06 8.5216607e-06]
sorted_probs shape: (64, 9)
sored_probs sample: [9.99770582e-01 1.02926315e-04 5.82776229e-05 4.72536994e-05
 1.11247909e-05 9.04934404e-06 4.43486783e-07 3.23745383e-07
 1.38368672e-09]
sorted_probs shape: (64, 9)
sored_probs sample: [6.5123278e-01 2.3834716e-01 1.1029793e-01 6.2669664e-05 5.3215921e-05
 5.8498422e-06 2.6532484e-07 1.2650935e-07 4.6763262e-08]
sorted_probs shape: (64, 9)
sored_probs sample: [9.99887466e-01 1.09903725e-04 2.05464494e-06 4.43887302e-07
 9.55838999e-08 4.72956323e-08 3.56378704e-09 4.13866059e-11
 2.51721491e-11]
sorted_probs shape: (64, 9)
sored_probs sample: [9.8751509e-01 4.7269426e-03 3.9357804e-03 1.3133427e-03 1.1719009e-03
 1.1427595e-03 1.6738244e-04 1.8581206e-05 8.2062697e-06]
sorted_probs shape: (64, 9)
sored_probs sample: [8.7374842e-01 8.9980774e-02 3.2178648e-02 1.3745027e-03 1.1536069e-03
 7.6334580e-04 6.7957543e-04 7.5705946e-05 4.5545825e-05]
sorted_probs shape: (64, 9)
sored_probs sample: [5.2104759e-01 2.4255297e-01 1.8331900e-01 2.8000224e-02 2.1075152e-02
 2.7515679e-03 1.1381246e-03 9.7477525e-05 1.7907851e-05]
sorted_probs shape: (64, 9)
sored_probs sample: [9.7338980e-01 1.0890267e-02 5.9509524e-03 5.1751165e-03 3.2462990e-03
 1.1759974e-03 1.1639265e-04 5.4057768e-05 1.1356291e-06]
sorted_probs shape: (64, 9)
sored_probs sample: [9.4469351e-01 4.9597118e-02 3.8478409e-03 1.2110793e-03 2.2971959e-04
 2.2107809e-04 1.2334750e-04 7.6263139e-05 1.3565442e-08]
sorted_probs shape: (64, 9)
sored_probs sample: [9.9604297e-01 3.4916976e-03 2.0297678e-04 1.5674513e-04 5.7677989e-05
 4.6727062e-05 7.7021974e-07 5.3063440e-07 3.8969024e-08]
sorted_probs shape: (64, 9)
sored_probs sample: [9.1717249e-01 4.8480261e-02 3.4308661e-02 2.4622441e-05 1.1558335e-05
 2.3224218e-06 1.7723634e-07 3.0231650e-08 8.7054524e-09]
sorted_probs shape: (64, 9)
sored_probs sample: [9.6814448e-01 2.3429008e-02 8.3961012e-03 1.5313040e-05 1.3893808e-05
 9.4853903e-07 2.8138300e-07 2.5195327e-08 1.0546656e-08]
sorted_probs shape: (64, 9)
sored_probs sample: [9.2450428e-01 5.1048867e-02 2.1311061e-02 2.9631248e-03 1.0389059e-04
 3.2933385e-05 2.8247245e-05 7.2924768e-06 2.8924580e-07]
sorted_probs shape: (64, 9)
sored_probs sample: [9.7450101e-01 1.0594624e-02 6.4268960e-03 5.7419748e-03 1.3019816e-03
 1.2220229e-03 1.8868741e-04 1.2736041e-05 1.0042328e-05]
sorted_probs shape: (64, 9)
sored_probs sample: [9.9854493e-01 9.1376196e-04 2.9811665e-04 1.6152262e-04 5.2978074e-05
 1.6109516e-05 8.4458770e-06 4.1777280e-06 1.1789859e-08]
sorted_probs shape: (64, 9)
sored_probs sample: [9.5892721e-01 2.2095598e-02 7.2559654e-03 6.5777502e-03 2.7690232e-03
 1.4705189e-03 5.6176772e-04 3.4178054e-04 4.9746819e-07]
sorted_probs shape: (64, 9)
sored_probs sample: [9.9905950e-01 5.8599049e-04 1.2208823e-04 1.0352850e-04 1.0119239e-04
 1.8305156e-05 8.7843509e-06 6.2362028e-07 2.6700018e-09]
sorted_probs shape: (64, 9)
sored_probs sample: [9.99702394e-01 2.52297235e-04 4.26130173e-05 2.53687199e-06
 1.02846634e-07 6.80514205e-08 4.05443892e-08 2.02333830e-10
 3.27540495e-11]
sorted_probs shape: (64, 9)
sored_probs sample: [9.9999702e-01 2.4305102e-06 5.0149674e-07 6.4674623e-08 4.2225203e-08
 2.2643040e-11 1.9414628e-11 1.8600522e-11 9.7690290e-16]
sorted_probs shape: (64, 9)
sored_probs sample: [9.9999559e-01 3.5998753e-06 6.1281474e-07 1.2250534e-07 6.6321867e-08
 4.9398236e-11 4.8274180e-11 4.6299433e-11 3.6065113e-15]
sorted_probs shape: (64, 9)
sored_probs sample: [9.3204945e-01 6.7019135e-02 4.7086665e-04 2.9113700e-04 8.3238905e-05
 6.4508116e-05 1.9220814e-05 2.3596019e-06 5.8378490e-08]
sorted_probs shape: (64, 9)
sored_probs sample: [8.9471614e-01 7.3126212e-02 3.1453412e-02 3.5398570e-04 3.0787810e-04
 3.2796946e-05 7.1926497e-06 1.7928371e-06 6.7622358e-07]
sorted_probs shape: (64, 9)
sored_probs sample: [8.9008802e-01 6.1369266e-02 4.7721963e-02 3.6446491e-04 3.2090611e-04
 1.2763802e-04 5.1440279e-06 1.7253191e-06 8.3306713e-07]
sorted_probs shape: (64, 9)
sored_probs sample: [9.9807751e-01 1.4500304e-03 2.7839493e-04 1.0636929e-04 5.0596165e-05
 3.1259064e-05 3.4119680e-06 2.3048492e-06 2.2419047e-07]
sorted_probs shape: (64, 9)
sored_probs sample: [9.9851745e-01 6.1192451e-04 5.7808601e-04 2.2056041e-04 6.1182269e-05
 9.8879518e-06 8.0148840e-07 1.0666861e-07 1.7367231e-08]
sorted_probs shape: (64, 9)
sored_probs sample: [5.3847539e-01 3.5577878e-01 7.1986370e-02 2.2870142e-02 4.0081823e-03
 3.5494005e-03 2.1017531e-03 1.1899064e-03 4.0085608e-05]
sorted_probs shape: (64, 9)
sored_probs sample: [9.9744451e-01 1.4177315e-03 5.5743073e-04 3.9656094e-04 7.7231343e-05
 7.4058691e-05 2.8250253e-05 2.8501092e-06 1.2847576e-06]
sorted_probs shape: (64, 9)
sored_probs sample: [9.9630922e-01 2.5469686e-03 7.4385462e-04 2.5268632e-04 6.6453358e-05
 6.2744213e-05 1.6102525e-05 1.0030312e-06 8.9353637e-07]
sorted_probs shape: (64, 9)
sored_probs sample: [8.7960094e-01 9.3834445e-02 2.1239895e-02 3.9712032e-03 1.0553946e-03
 2.6139073e-04 2.8076567e-05 8.1143326e-06 6.0853193e-07]
sorted_probs shape: (64, 9)
sored_probs sample: [9.9236125e-01 5.2564158e-03 9.5995580e-04 7.2187820e-04 5.3741777e-04
 8.8320186e-05 6.5142165e-05 6.9647381e-06 2.6823739e-06]
sorted_probs shape: (64, 9)
sored_probs sample: [9.3655825e-01 6.2813953e-02 4.6934851e-04 1.0440391e-04 4.8627629e-05
 4.9842010e-06 3.7754108e-07 2.5045624e-08 1.9707828e-08]
sorted_probs shape: (64, 9)
sored_probs sample: [9.4344288e-01 4.7753140e-02 3.7270691e-03 2.0381329e-03 1.2074760e-03
 7.5886713e-04 6.3879008e-04 4.2979571e-04 3.7875004e-06]
sorted_probs shape: (64, 9)
sored_probs sample: [8.3381349e-01 1.3527572e-01 2.9015867e-02 1.4137538e-03 2.8889798e-04
 1.1822600e-04 5.4959750e-05 1.8730187e-05 4.4165736e-07]
sorted_probs shape: (64, 9)
sored_probs sample: [8.7021452e-01 8.8350862e-02 4.1175045e-02 1.6089254e-04 8.4135521e-05
 9.2085056e-06 3.6202514e-06 1.1717175e-06 5.5060144e-07]
sorted_probs shape: (64, 9)
sored_probs sample: [9.9630606e-01 3.1304865e-03 2.1813807e-04 1.4744008e-04 7.0209673e-05
 5.0592367e-05 4.5249788e-05 2.9861627e-05 2.0288230e-06]
sorted_probs shape: (64, 9)
sored_probs sample: [8.9834344e-01 6.0591247e-02 1.9736039e-02 1.0696128e-02 7.0247906e-03
 3.1792382e-03 3.4137498e-04 6.1578816e-05 2.6134083e-05]
sorted_probs shape: (64, 9)
sored_probs sample: [9.9452919e-01 2.7821087e-03 1.4051558e-03 7.7497412e-04 2.6148779e-04
 9.9214179e-05 9.6904798e-05 4.1316442e-05 9.6218873e-06]
sorted_probs shape: (64, 9)
sored_probs sample: [9.7915572e-01 6.9847014e-03 4.5591844e-03 3.4875830e-03 3.1733357e-03
 2.0886471e-03 3.2510562e-04 2.2244549e-04 3.3183755e-06]
sorted_probs shape: (64, 9)
sored_probs sample: [9.9999583e-01 3.2616470e-06 7.5581744e-07 9.7722257e-08 6.1031024e-08
 3.8953403e-11 3.2496294e-11 3.1300296e-11 1.8058812e-15]
sorted_probs shape: (64, 9)
sored_probs sample: [9.9470103e-01 4.9120630e-03 3.3591685e-04 2.9572173e-05 1.4859743e-05
 5.2459382e-06 8.5645348e-07 4.8255981e-07 2.1695896e-09]
sorted_probs shape: (64, 9)
sored_probs sample: [9.9998116e-01 1.5287940e-05 2.3633786e-06 8.6559959e-07 2.7259441e-07
 1.1104214e-09 7.0618089e-10 6.9705297e-10 2.5026164e-13]
sorted_probs shape: (64, 9)
sored_probs sample: [9.8571825e-01 8.9673828e-03 4.6959342e-03 5.2247581e-04 8.1114667e-05
 1.0040871e-05 3.1271043e-06 1.5883131e-06 1.4921667e-07]
sorted_probs shape: (64, 9)
sored_probs sample: [9.9993706e-01 6.0810598e-05 2.0433931e-06 6.6107326e-08 5.8157057e-09
 1.9244888e-09 8.3926649e-10 3.8926583e-12 6.3733562e-13]
sorted_probs shape: (64, 9)
sored_probs sample: [5.8404046e-01 1.6382188e-01 1.4645712e-01 6.0294833e-02 2.2045648e-02
 1.1591264e-02 6.3782493e-03 5.1961136e-03 1.7446389e-04]
sorted_probs shape: (64, 9)
sored_probs sample: [9.7380143e-01 1.7637830e-02 4.0146178e-03 1.4234446e-03 9.7587402e-04
 8.9227810e-04 6.2121317e-04 5.8887294e-04 4.4471850e-05]
sorted_probs shape: (64, 9)
sored_probs sample: [9.9922669e-01 6.5666263e-04 7.5855001e-05 2.7262889e-05 1.0846807e-05
 2.1757676e-06 2.8817900e-07 1.7977442e-07 7.2215414e-08]
sorted_probs shape: (64, 9)
sored_probs sample: [9.9894434e-01 1.0224195e-03 1.8394792e-05 7.9538440e-06 5.6867634e-06
 8.1813636e-07 3.7086139e-07 3.8282542e-09 1.5886863e-09]
sorted_probs shape: (64, 9)
sored_probs sample: [6.1385828e-01 2.6026794e-01 1.1852121e-01 5.9147724e-03 8.5354049e-04
 2.9389057e-04 2.5642663e-04 3.2868400e-05 1.0584581e-06]
sorted_probs shape: (64, 9)
sored_probs sample: [9.9005657e-01 8.3403885e-03 7.6216389e-04 6.7074993e-04 1.5196619e-04
 1.6013162e-05 1.5700826e-06 4.8016699e-07 1.0854770e-07]
sorted_probs shape: (64, 9)
sored_probs sample: [8.2596946e-01 1.6978666e-01 2.8941086e-03 4.6940913e-04 4.0465521e-04
 2.3073165e-04 1.5722305e-04 8.7040637e-05 6.8322299e-07]
sorted_probs shape: (64, 9)
sored_probs sample: [5.9365964e-01 3.3300692e-01 6.4236730e-02 4.1070706e-03 2.2848623e-03
 2.1283717e-03 4.4998043e-04 6.6398577e-05 5.9999395e-05]
sorted_probs shape: (64, 9)
sored_probs sample: [9.7819430e-01 1.0073190e-02 7.5319037e-03 3.2770275e-03 8.8703353e-04
 1.2150781e-05 1.1885053e-05 8.1200351e-06 4.2719771e-06]
sorted_probs shape: (64, 9)
sored_probs sample: [5.9160376e-01 3.5799107e-01 3.1803254e-02 1.7780617e-02 4.5928653e-04
 1.7445904e-04 1.2144165e-04 6.1492705e-05 4.6195291e-06]
sorted_probs shape: (64, 9)
sored_probs sample: [9.9997568e-01 1.8916297e-05 3.7844245e-06 1.2553930e-06 3.9990266e-07
 1.8109209e-09 1.3022246e-09 1.1583153e-09 4.1631219e-13]
sorted_probs shape: (64, 9)
sored_probs sample: [9.8828936e-01 7.3296209e-03 2.5670810e-03 9.6807018e-04 6.1483419e-04
 1.5832190e-04 4.0653951e-05 3.0974032e-05 1.0149525e-06]
sorted_probs shape: (64, 9)
sored_probs sample: [7.8260094e-01 9.6476331e-02 5.7354745e-02 3.9904848e-02 1.6842943e-02
 6.2046130e-03 3.3284002e-04 1.4734079e-04 1.3537433e-04]
sorted_probs shape: (64, 9)
sored_probs sample: [9.9966419e-01 2.3190342e-04 8.9421832e-05 1.4058084e-05 2.8357027e-07
 1.4547265e-07 6.3328107e-09 3.7429886e-09 3.1646272e-10]
sorted_probs shape: (64, 9)
sored_probs sample: [9.5468229e-01 3.8970381e-02 3.0170167e-03 2.6641754e-03 3.9240599e-04
 2.5620719e-04 1.0430752e-05 6.8356194e-06 3.2658068e-07]
sorted_probs shape: (64, 9)
sored_probs sample: [9.5133787e-01 3.2151669e-02 7.3027625e-03 6.4515281e-03 2.5171738e-03
 1.5442885e-04 7.1454007e-05 1.1212143e-05 1.8101194e-06]
sorted_probs shape: (64, 9)
sored_probs sample: [9.9348193e-01 2.3521052e-03 2.0360444e-03 1.6971715e-03 2.2735583e-04
 8.8359069e-05 8.1868086e-05 3.1728705e-05 3.4027451e-06]
sorted_probs shape: (64, 9)
sored_probs sample: [8.6442542e-01 5.6353074e-02 2.0765094e-02 1.8705023e-02 1.5100465e-02
 1.2542171e-02 1.0487145e-02 1.5983583e-03 2.3367735e-05]
sorted_probs shape: (64, 9)
sored_probs sample: [9.6208018e-01 3.5190184e-02 1.2413275e-03 7.7442778e-04 5.3350377e-04
 1.7396695e-04 2.6610230e-06 1.9909683e-06 1.8701276e-06]
sorted_probs shape: (64, 9)
sored_probs sample: [9.9994314e-01 3.7194703e-05 1.7752916e-05 1.6337178e-06 2.5984761e-07
 3.1886678e-08 2.9765095e-09 4.3149131e-10 6.9118523e-11]
sorted_probs shape: (64, 9)
sored_probs sample: [9.8239821e-01 5.8038016e-03 3.6898141e-03 3.6455449e-03 2.9755775e-03
 7.9791812e-04 6.1074417e-04 5.1509702e-05 2.6913680e-05]
sorted_probs shape: (64, 9)
sored_probs sample: [9.9905115e-01 6.6851516e-04 1.4055795e-04 1.2979159e-04 6.5956679e-06
 1.6891004e-06 1.1861218e-06 3.9403068e-07 5.4259498e-08]
sorted_probs shape: (64, 9)
sored_probs sample: [7.97163665e-01 1.87056854e-01 1.16309011e-02 2.37869844e-03
 1.19400304e-03 4.21056553e-04 1.15801595e-04 3.81081445e-05
 9.39254107e-07]
sorted_probs shape: (64, 9)
sored_probs sample: [9.9936348e-01 4.6266604e-04 7.9676116e-05 7.7208249e-05 9.6617732e-06
 6.6826419e-06 6.0235504e-07 6.2428228e-08 2.4868065e-08]
sorted_probs shape: (64, 9)
sored_probs sample: [8.5362035e-01 7.4777164e-02 5.3749587e-02 1.0222389e-02 3.8513932e-03
 1.8889079e-03 1.4003630e-03 4.7198855e-04 1.7894967e-05]
sorted_probs shape: (64, 9)
sored_probs sample: [9.9996901e-01 2.4271681e-05 4.5563011e-06 1.6213861e-06 4.8343526e-07
 3.2115095e-09 1.8345108e-09 1.7771229e-09 9.0588279e-13]
sorted_probs shape: (64, 9)
sored_probs sample: [9.9947923e-01 3.7362502e-04 1.1582257e-04 1.7766661e-05 4.3490104e-06
 3.6750532e-06 3.4679190e-06 1.8756127e-06 2.0691316e-07]
sorted_probs shape: (64, 9)
sored_probs sample: [9.9999523e-01 3.7670127e-06 8.5256562e-07 1.1354030e-07 6.9497659e-08
 4.9037739e-11 4.2212258e-11 4.1291470e-11 2.6583305e-15]
sorted_probs shape: (64, 9)
sored_probs sample: [9.3694800e-01 5.1149722e-02 6.8609463e-03 3.1563076e-03 1.1751517e-03
 6.7763141e-04 1.5832966e-05 1.1757458e-05 4.6340965e-06]
sorted_probs shape: (64, 9)
sored_probs sample: [9.99991179e-01 8.01440183e-06 3.62663855e-07 3.12620870e-07
 1.08828736e-07 1.77944076e-10 1.36314265e-10 1.20897736e-10
 4.20732852e-14]
sorted_probs shape: (64, 9)
sored_probs sample: [8.9355636e-01 3.9719872e-02 3.5747040e-02 1.2676080e-02 1.0225317e-02
 5.7518953e-03 1.4056199e-03 9.0541842e-04 1.2401157e-05]
sorted_probs shape: (64, 9)
sored_probs sample: [9.8073560e-01 6.5971124e-03 4.7359644e-03 2.6746744e-03 2.1812138e-03
 1.6923125e-03 1.2953161e-03 4.7661859e-05 4.0123061e-05]
sorted_probs shape: (64, 9)
sored_probs sample: [9.9651057e-01 1.9846652e-03 6.5029558e-04 4.7682659e-04 3.0259235e-04
 3.5937413e-05 3.3948108e-05 4.5899187e-06 5.8732581e-07]
sorted_probs shape: (64, 9)
sored_probs sample: [8.5216010e-01 1.3796192e-01 8.0936207e-03 1.0664321e-03 5.2341231e-04
 1.4304760e-04 4.4914588e-05 5.3346112e-06 1.1854821e-06]
sorted_probs shape: (64, 9)
sored_probs sample: [6.0827523e-01 3.4522963e-01 4.3272309e-02 1.9897353e-03 1.0610420e-03
 1.4831913e-04 1.8586905e-05 4.1659218e-06 9.3761804e-07]
sorted_probs shape: (64, 9)
sored_probs sample: [9.9390441e-01 4.8609492e-03 3.9823944e-04 3.8779393e-04 1.8239635e-04
 1.2267743e-04 1.2166589e-04 2.0880825e-05 9.5895280e-07]
sorted_probs shape: (64, 9)
sored_probs sample: [9.9982172e-01 1.3628171e-04 3.6107132e-05 3.8827966e-06 1.5479885e-06
 2.2161278e-07 2.1070124e-07 2.9745817e-09 1.9013879e-09]
sorted_probs shape: (64, 9)
sored_probs sample: [7.82955229e-01 2.14116424e-01 2.79662642e-03 1.09508524e-04
 2.02759638e-05 1.45290790e-06 4.72690772e-07 5.25386774e-08
 6.34232844e-09]
sorted_probs shape: (64, 9)
sored_probs sample: [6.11959636e-01 2.99438745e-01 5.29912300e-02 2.34161466e-02
 1.11347595e-02 9.83750564e-04 5.70988632e-05 1.25066572e-05
 6.15755653e-06]
sorted_probs shape: (64, 9)
sored_probs sample: [9.8465097e-01 1.5065518e-02 1.1589571e-04 9.2833878e-05 6.5108077e-05
 9.4374118e-06 1.5004690e-07 8.3075356e-08 3.7224602e-08]
sorted_probs shape: (64, 9)
sored_probs sample: [9.9931061e-01 5.4760074e-04 9.0808295e-05 3.7398848e-05 7.9928250e-06
 4.4624740e-06 1.1468684e-06 4.9718825e-08 2.5944523e-08]
sorted_probs shape: (64, 9)
sored_probs sample: [9.8012745e-01 1.0378562e-02 3.5517926e-03 2.2188469e-03 1.5413562e-03
 1.5383604e-03 4.4946416e-04 1.9078521e-04 3.3097849e-06]
sorted_probs shape: (64, 9)
sored_probs sample: [9.7720259e-01 6.9127735e-03 6.6537815e-03 3.6884286e-03 2.4501062e-03
 2.1891720e-03 8.0985471e-04 7.3589559e-05 1.9748531e-05]
sorted_probs shape: (64, 9)
sored_probs sample: [9.9743748e-01 1.4600446e-03 8.2027644e-04 2.1832707e-04 5.3309610e-05
 5.8772780e-06 2.7624433e-06 1.8706803e-06 4.7886779e-09]
sorted_probs shape: (64, 9)
sored_probs sample: [9.1316283e-01 5.4060180e-02 3.0571621e-02 1.1589949e-03 7.9028105e-04
 2.3457743e-04 1.6775295e-05 2.8692029e-06 1.8717789e-06]
sorted_probs shape: (64, 9)
sored_probs sample: [8.79546523e-01 9.67096165e-02 1.53000560e-02 8.06041062e-03
 1.22422731e-04 1.18861746e-04 7.51217522e-05 6.62086604e-05
 8.62364914e-07]
sorted_probs shape: (64, 9)
sored_probs sample: [5.3932458e-01 2.5743732e-01 1.1764186e-01 4.1765682e-02 2.3917088e-02
 1.8614728e-02 1.0523637e-03 1.7448219e-04 7.1928756e-05]
sorted_probs shape: (64, 9)
sored_probs sample: [9.6680242e-01 2.5548410e-02 2.6154909e-03 2.4401105e-03 1.5148637e-03
 1.0083986e-03 4.0864747e-05 2.1821754e-05 7.5159724e-06]
sorted_probs shape: (64, 9)
sored_probs sample: [9.2416430e-01 4.3860860e-02 2.2024715e-02 4.5458819e-03 3.8508514e-03
 1.1192625e-03 2.1777001e-04 1.4711256e-04 6.9219801e-05]
sorted_probs shape: (64, 9)
sored_probs sample: [9.0571994e-01 8.4643267e-02 8.0557708e-03 1.0114134e-03 4.8983510e-04
 7.5741787e-05 2.0081609e-06 1.7265000e-06 1.7820399e-07]
sorted_probs shape: (64, 9)
sored_probs sample: [9.7764778e-01 1.9274889e-02 9.7724504e-04 7.6554116e-04 6.6672481e-04
 3.0433093e-04 2.3955239e-04 1.1554372e-04 8.4239555e-06]
sorted_probs shape: (64, 9)
sored_probs sample: [9.9781322e-01 2.0798920e-03 4.5525558e-05 3.2244883e-05 2.6679638e-05
 2.3094001e-06 1.4858421e-07 1.9903622e-08 8.9183079e-09]
sorted_probs shape: (64, 9)
sored_probs sample: [7.6820195e-01 1.5763180e-01 2.5454164e-02 1.9335046e-02 1.5936419e-02
 9.2216060e-03 3.9160852e-03 2.6356269e-04 3.9269227e-05]
sorted_probs shape: (64, 9)
sored_probs sample: [9.7435796e-01 1.4648056e-02 5.9752204e-03 1.7713764e-03 1.1914340e-03
 1.1627267e-03 8.2328473e-04 6.9663773e-05 3.3396714e-07]
sorted_probs shape: (64, 9)
sored_probs sample: [4.6324161e-01 2.2562727e-01 1.6958027e-01 1.1328936e-01 2.4202481e-02
 2.4518978e-03 8.0981530e-04 7.4073917e-04 5.6548077e-05]
sorted_probs shape: (64, 9)
sored_probs sample: [9.3688965e-01 5.3642504e-02 5.8953231e-03 2.9390515e-03 3.0887959e-04
 3.0450901e-04 1.0203349e-05 4.9681171e-06 4.9617302e-06]
sorted_probs shape: (64, 9)
sored_probs sample: [9.9958986e-01 3.2966762e-04 4.3736527e-05 2.8799250e-05 5.0311419e-06
 2.5946256e-06 2.4810620e-07 2.0936806e-08 1.0812099e-08]
sorted_probs shape: (64, 9)
sored_probs sample: [8.8098907e-01 7.6894745e-02 1.9259993e-02 1.7804429e-02 2.9737579e-03
 1.9382018e-03 9.6883006e-05 2.9969138e-05 1.2878065e-05]
sorted_probs shape: (64, 9)
sored_probs sample: [4.9609104e-01 4.6008822e-01 3.6154114e-02 7.3387171e-03 2.4074432e-04
 7.0377740e-05 1.0412505e-05 5.5991545e-06 7.3548870e-07]
sorted_probs shape: (64, 9)
sored_probs sample: [6.5657187e-01 3.2607070e-01 5.4329112e-03 5.2594296e-03 4.7460278e-03
 1.4005129e-03 4.3982200e-04 4.7898306e-05 3.0780502e-05]
sorted_probs shape: (64, 9)
sored_probs sample: [9.9967921e-01 2.8857816e-04 1.6259255e-05 8.6106866e-06 4.7285826e-06
 1.3887657e-06 8.2078333e-07 4.0600850e-07 2.1358582e-08]
sorted_probs shape: (64, 9)
sored_probs sample: [9.9888152e-01 1.0304394e-03 8.7010812e-05 6.9402694e-07 2.7268027e-07
 1.3436342e-08 1.0587118e-08 1.3034068e-10 2.7525929e-11]
sorted_probs shape: (64, 9)
sored_probs sample: [6.1256969e-01 3.1156883e-01 3.6974486e-02 1.6670231e-02 1.4585509e-02
 5.0051725e-03 2.0599745e-03 5.5864500e-04 7.4936620e-06]
sorted_probs shape: (64, 9)
sored_probs sample: [9.3402416e-01 4.0969800e-02 2.3771310e-02 7.3701027e-04 3.8099074e-04
 9.9638870e-05 1.2852626e-05 4.0932382e-06 2.4342546e-07]
sorted_probs shape: (64, 9)
sored_probs sample: [9.8940241e-01 4.1499706e-03 4.1060718e-03 1.6438992e-03 4.8138958e-04
 1.2273941e-04 6.1423780e-05 3.1631764e-05 4.1588487e-07]
sorted_probs shape: (64, 9)
sored_probs sample: [9.8996174e-01 5.0127446e-03 2.9034221e-03 9.8456338e-04 6.7613862e-04
 4.2238401e-04 2.4894362e-05 1.4014955e-05 3.9354767e-08]
sorted_probs shape: (64, 9)
sored_probs sample: [5.8962673e-01 2.2042780e-01 1.8943284e-01 3.1469134e-04 1.5646077e-04
 4.0065275e-05 5.8049915e-07 5.2797924e-07 2.7520443e-07]
sorted_probs shape: (64, 9)
sored_probs sample: [9.8508155e-01 1.0685007e-02 1.5143150e-03 1.3828338e-03 7.7879854e-04
 2.8897845e-04 1.6878580e-04 8.2507118e-05 1.7249578e-05]
sorted_probs shape: (64, 9)
sored_probs sample: [9.1425830e-01 7.7729262e-02 3.0144264e-03 2.9414638e-03 6.7161658e-04
 5.8911490e-04 5.4512575e-04 2.4415468e-04 6.4898809e-06]
sorted_probs shape: (64, 9)
sored_probs sample: [9.8967594e-01 1.0134966e-02 1.8291551e-04 5.6073550e-06 4.9112964e-07
 8.0914880e-08 4.0390109e-08 9.7684372e-10 7.1634969e-11]
sorted_probs shape: (64, 9)
sored_probs sample: [4.68271345e-01 3.96328956e-01 1.00127526e-01 2.32312549e-02
 8.73117894e-03 1.43458101e-03 1.14450546e-03 7.27303908e-04
 3.42329872e-06]
sorted_probs shape: (64, 9)
sored_probs sample: [4.5166403e-01 2.9171258e-01 1.6293584e-01 7.9875082e-02 6.3450565e-03
 2.8356682e-03 2.5511668e-03 2.0615321e-03 1.8997973e-05]
sorted_probs shape: (64, 9)
sored_probs sample: [9.9877042e-01 5.4623809e-04 4.7821249e-04 8.4969382e-05 6.0221064e-05
 4.3116561e-05 1.4950375e-05 1.7417567e-06 1.4254243e-07]
sorted_probs shape: (64, 9)
sored_probs sample: [9.6366906e-01 1.6472939e-02 1.5002518e-02 3.1207425e-03 1.4138018e-03
 2.8100333e-04 3.6819911e-05 1.8251625e-06 1.3569770e-06]
sorted_probs shape: (64, 9)
sored_probs sample: [9.9356234e-01 5.3299204e-03 9.3647355e-04 1.3936605e-04 1.7614149e-05
 1.3799370e-05 2.5894380e-07 2.0991237e-07 1.6651360e-07]
sorted_probs shape: (64, 9)
sored_probs sample: [7.3092371e-01 1.5050276e-01 6.9901511e-02 3.6475960e-02 7.8308377e-03
 2.9328165e-03 1.1333470e-03 2.7024205e-04 2.8933369e-05]
sorted_probs shape: (64, 9)
sored_probs sample: [6.1738932e-01 2.8862002e-01 8.8591501e-02 3.9511234e-03 9.2882192e-04
 2.4925295e-04 1.3572264e-04 1.3258785e-04 1.6069469e-06]
sorted_probs shape: (64, 9)
sored_probs sample: [7.4848658e-01 1.2804526e-01 5.7239130e-02 3.5313088e-02 2.9667091e-02
 6.9482595e-04 2.4245828e-04 1.6846633e-04 1.4305463e-04]
sorted_probs shape: (64, 9)
sored_probs sample: [5.8818775e-01 3.3447170e-01 3.7467070e-02 2.6300773e-02 1.0287444e-02
 2.8700118e-03 2.0743962e-04 1.8504873e-04 2.2688595e-05]
sorted_probs shape: (64, 9)
sored_probs sample: [9.7538519e-01 2.4054913e-02 4.9281889e-04 5.7228484e-05 6.7737042e-06
 1.7232921e-06 1.2614394e-06 3.3886337e-08 3.8629779e-09]
sorted_probs shape: (64, 9)
sored_probs sample: [9.99689460e-01 1.40836069e-04 1.11120185e-04 2.60104480e-05
 1.60601885e-05 9.41096641e-06 5.60691205e-06 1.41664918e-06
 1.07090180e-07]
sorted_probs shape: (64, 9)
sored_probs sample: [9.9999774e-01 2.1446701e-06 7.2871323e-08 6.4143954e-08 2.4448020e-08
 1.6295377e-11 1.3262103e-11 1.2138277e-11 2.2613315e-15]
sorted_probs shape: (64, 9)
sored_probs sample: [8.1899655e-01 1.2192391e-01 5.1520556e-02 3.5299207e-03 3.5141222e-03
 4.8136472e-04 2.6751955e-05 5.6078143e-06 1.3012765e-06]
sorted_probs shape: (64, 9)
sored_probs sample: [9.7963893e-01 1.3654857e-02 2.5781412e-03 1.5750702e-03 1.2457840e-03
 6.1061414e-04 5.2387826e-04 1.6678972e-04 5.9648746e-06]
sorted_probs shape: (64, 9)
sored_probs sample: [9.9526262e-01 4.0144422e-03 2.5754064e-04 2.2246662e-04 2.1045108e-04
 2.4666000e-05 5.6399062e-06 2.2006338e-06 2.1465034e-08]
sorted_probs shape: (64, 9)
sored_probs sample: [9.99701321e-01 1.60284675e-04 8.45427567e-05 3.56197888e-05
 1.25785555e-05 2.89416334e-06 2.16453373e-06 5.97222709e-07
 4.70937565e-08]
sorted_probs shape: (64, 9)
sored_probs sample: [8.49165678e-01 1.11707695e-01 2.09701043e-02 1.12992050e-02
 5.75304544e-03 8.04090814e-04 1.55329850e-04 1.28789543e-04
 1.61222997e-05]
sorted_probs shape: (64, 9)
sored_probs sample: [9.6880853e-01 2.1385262e-02 5.7162591e-03 2.6865343e-03 9.7309012e-04
 3.7466141e-04 4.0477637e-05 1.3077429e-05 2.0616646e-06]
sorted_probs shape: (64, 9)
sored_probs sample: [9.8696429e-01 6.9790818e-03 5.7342020e-03 2.5155515e-04 2.8570699e-05
 1.7637905e-05 1.1927965e-05 8.0793279e-06 4.7058534e-06]
sorted_probs shape: (64, 9)
sored_probs sample: [9.7866589e-01 1.3448739e-02 5.3692809e-03 1.3814061e-03 1.0014948e-03
 6.5722183e-05 5.0988630e-05 8.4996700e-06 7.9373485e-06]
sorted_probs shape: (64, 9)
sored_probs sample: [5.7710117e-01 3.9491445e-01 1.4633600e-02 7.1561765e-03 2.8541214e-03
 1.6798222e-03 1.5155175e-03 1.3750463e-04 7.5417229e-06]
sorted_probs shape: (64, 9)
sored_probs sample: [9.9967349e-01 1.6642158e-04 9.4151750e-05 2.9585479e-05 1.5193511e-05
 1.2425360e-05 6.3571924e-06 2.2349918e-06 1.6590299e-07]
sorted_probs shape: (64, 9)
sored_probs sample: [8.5008645e-01 9.4050772e-02 1.6825853e-02 1.0614099e-02 1.0486070e-02
 9.4990674e-03 6.8171588e-03 1.5386243e-03 8.1985767e-05]
sorted_probs shape: (64, 9)
sored_probs sample: [9.9997914e-01 1.6930855e-05 2.6626487e-06 9.9563692e-07 3.2020253e-07
 1.2855439e-09 8.6565022e-10 8.4675306e-10 2.9611909e-13]
sorted_probs shape: (64, 9)
sored_probs sample: [9.9706918e-01 2.4490044e-03 3.5472121e-04 1.1114149e-04 1.3603923e-05
 1.2616940e-06 6.7423184e-07 3.0992564e-07 2.5519292e-08]
sorted_probs shape: (64, 9)
sored_probs sample: [9.0041691e-01 3.6267713e-02 2.0428510e-02 1.4253709e-02 1.3577723e-02
 1.1565982e-02 3.0744956e-03 3.1829101e-04 9.6708281e-05]
sorted_probs shape: (64, 9)
sored_probs sample: [9.6044332e-01 3.2293845e-02 3.5067487e-03 2.8789719e-03 4.3890681e-04
 3.9747389e-04 1.6948981e-05 1.3321653e-05 1.0559633e-05]
sorted_probs shape: (64, 9)
sored_probs sample: [9.7167158e-01 1.3208193e-02 1.0609514e-02 2.2451731e-03 1.6816980e-03
 3.3011005e-04 1.6141860e-04 7.1508941e-05 2.0839245e-05]
sorted_probs shape: (64, 9)
sored_probs sample: [9.9954623e-01 1.9860157e-04 1.8011092e-04 6.8213842e-05 3.7507707e-06
 2.8158870e-06 1.2023889e-07 4.0390180e-08 4.7580988e-09]
sorted_probs shape: (64, 9)
sored_probs sample: [9.3881470e-01 5.8451284e-02 2.7157820e-03 1.1010404e-05 6.7959199e-06
 3.5106504e-07 3.2427689e-08 4.8317181e-09 1.7985039e-09]
sorted_probs shape: (64, 9)
sored_probs sample: [9.9919480e-01 4.9999199e-04 1.2651474e-04 7.9474856e-05 5.3074622e-05
 2.6905067e-05 1.1087339e-05 7.4119234e-06 7.2136743e-07]
sorted_probs shape: (64, 9)
sored_probs sample: [9.8699075e-01 7.1952105e-03 2.2983206e-03 1.5260665e-03 1.1210338e-03
 4.2696303e-04 2.9177265e-04 1.4978231e-04 2.1020265e-08]
sorted_probs shape: (64, 9)
sored_probs sample: [9.9272197e-01 5.6443373e-03 1.3317859e-03 2.6090691e-04 2.8817813e-05
 7.6183001e-06 2.7666063e-06 1.0911280e-06 7.4065935e-07]
sorted_probs shape: (64, 9)
sored_probs sample: [8.8055718e-01 1.0783196e-01 7.1537807e-03 4.2404258e-03 1.2834776e-04
 6.7681111e-05 1.1869113e-05 8.6863447e-06 7.5339628e-08]
sorted_probs shape: (64, 9)
sored_probs sample: [9.9927872e-01 5.0995732e-04 1.2418658e-04 6.6086592e-05 1.1862637e-05
 7.7873156e-06 1.2353242e-06 1.1721391e-07 6.9940768e-08]
sorted_probs shape: (64, 9)
sored_probs sample: [9.9733317e-01 8.7298296e-04 8.6765480e-04 3.5041198e-04 2.9357869e-04
 1.8409095e-04 7.1138456e-05 2.3425662e-05 3.6940671e-06]
sorted_probs shape: (64, 9)
sored_probs sample: [9.9307573e-01 5.2586780e-03 6.7848992e-04 6.4139528e-04 1.8354492e-04
 1.1151828e-04 2.6091586e-05 2.1627156e-05 2.8288850e-06]
sorted_probs shape: (64, 9)
sored_probs sample: [9.9478585e-01 5.0340598e-03 1.4385040e-04 3.1760228e-05 2.9183664e-06
 1.0051239e-06 6.4420749e-07 6.6464092e-09 7.0100892e-10]
sorted_probs shape: (64, 9)
sored_probs sample: [9.9928695e-01 6.4539793e-04 3.2290227e-05 2.6296471e-05 5.7357920e-06
 3.0015692e-06 3.3595643e-07 1.8975973e-08 1.8921364e-08]
sorted_probs shape: (64, 9)
sored_probs sample: [9.9958831e-01 3.2632859e-04 4.5405868e-05 2.1929391e-05 1.6964103e-05
 5.7143393e-07 2.8597768e-07 2.2139986e-07 6.5475203e-10]
sorted_probs shape: (64, 9)
sored_probs sample: [9.3520629e-01 5.6931276e-02 4.7568143e-03 9.0920337e-04 8.1557338e-04
 7.7098986e-04 3.0488108e-04 2.9742255e-04 7.5424609e-06]
sorted_probs shape: (64, 9)
sored_probs sample: [9.6565688e-01 1.9812277e-02 1.2374231e-02 1.8014978e-03 2.9606020e-04
 2.4379493e-05 1.8654206e-05 1.5966534e-05 1.1632551e-07]
sorted_probs shape: (64, 9)
sored_probs sample: [9.8141474e-01 1.1765503e-02 5.8870371e-03 6.5843452e-04 2.2233784e-04
 4.5632012e-05 5.1939114e-06 9.8201849e-07 1.8202192e-07]
sorted_probs shape: (64, 9)
sored_probs sample: [9.2101061e-01 4.3786421e-02 1.8341631e-02 1.1544754e-02 1.9236841e-03
 1.8055518e-03 1.2736876e-03 3.1120234e-04 2.5460465e-06]
sorted_probs shape: (64, 9)
sored_probs sample: [8.17420423e-01 1.44885108e-01 2.80765127e-02 6.40453771e-03
 1.67346536e-03 1.20585493e-03 2.23951705e-04 1.08425666e-04
 1.75128116e-06]
sorted_probs shape: (64, 9)
sored_probs sample: [8.9349031e-01 8.8843167e-02 1.3084013e-02 3.2397003e-03 9.3444902e-04
 2.0213147e-04 1.8645925e-04 1.7166712e-05 2.5947488e-06]
sorted_probs shape: (64, 9)
sored_probs sample: [9.8382461e-01 4.5332704e-03 4.3016789e-03 3.3618894e-03 2.6616375e-03
 8.0392160e-04 4.4344211e-04 5.9414509e-05 1.0138843e-05]
sorted_probs shape: (64, 9)
sored_probs sample: [8.4227800e-01 8.3474621e-02 7.1730256e-02 1.6934472e-03 4.3668726e-04
 3.7475259e-04 5.9977333e-06 4.1271501e-06 2.1502842e-06]
sorted_probs shape: (64, 9)
sored_probs sample: [9.8077399e-01 1.0270882e-02 6.3168993e-03 1.1164290e-03 1.1003753e-03
 3.6935700e-04 4.3594191e-05 5.5918822e-06 2.8753263e-06]
sorted_probs shape: (64, 9)
sored_probs sample: [9.9741697e-01 2.3951523e-03 1.8269077e-04 4.4373132e-06 5.0445641e-07
 8.9091280e-08 7.2600955e-08 7.1170592e-10 1.2908749e-10]
sorted_probs shape: (64, 9)
sored_probs sample: [9.1683638e-01 3.9846018e-02 3.9061174e-02 1.6560544e-03 1.2045203e-03
 9.9583017e-04 2.2671148e-04 1.5758935e-04 1.5701562e-05]
sorted_probs shape: (64, 9)
sored_probs sample: [7.8439361e-01 1.4028804e-01 4.9941704e-02 1.0667193e-02 9.1035608e-03
 5.3655179e-03 1.7608506e-04 5.9339709e-05 4.8418701e-06]
sorted_probs shape: (64, 9)
sored_probs sample: [9.6546346e-01 2.4859371e-02 4.5921891e-03 2.5951983e-03 2.1904821e-03
 2.1616374e-04 7.4016738e-05 6.3143052e-06 2.7214112e-06]
sorted_probs shape: (64, 9)
sored_probs sample: [9.9902225e-01 3.2670039e-04 3.0326133e-04 1.8964600e-04 7.1504488e-05
 4.7580819e-05 3.5047709e-05 2.9165606e-06 1.1984046e-06]
sorted_probs shape: (64, 9)
sored_probs sample: [9.9036914e-01 5.2982108e-03 2.1371346e-03 1.1447540e-03 5.3963205e-04
 4.9133890e-04 1.6483955e-05 2.7106896e-06 5.6626243e-07]
sorted_probs shape: (64, 9)
sored_probs sample: [9.6630806e-01 1.7000429e-02 9.0046274e-03 3.5768060e-03 3.5690493e-03
 3.3761957e-04 1.3221109e-04 5.2057458e-05 1.9160514e-05]
sorted_probs shape: (64, 9)
sored_probs sample: [9.9999571e-01 3.5698863e-06 5.3513094e-07 1.2114199e-07 6.5219339e-08
 4.5894642e-11 4.3407524e-11 3.7888890e-11 3.0190145e-15]
sorted_probs shape: (64, 9)
sored_probs sample: [5.9396744e-01 3.2731336e-01 4.0714677e-02 3.3452488e-02 2.7345922e-03
 1.5065544e-03 1.4564635e-04 8.5955449e-05 7.9201651e-05]
sorted_probs shape: (64, 9)
sored_probs sample: [5.0024623e-01 4.0887120e-01 7.5238764e-02 1.5268190e-02 1.7143851e-04
 8.8212051e-05 7.9684964e-05 3.4293917e-05 2.0253556e-06]
sorted_probs shape: (64, 9)
sored_probs sample: [9.7577226e-01 1.9172706e-02 5.0167893e-03 1.7805671e-05 1.7792310e-05
 2.1981500e-06 3.7000086e-07 2.8771032e-08 1.4290695e-08]
sorted_probs shape: (64, 9)
sored_probs sample: [9.9982518e-01 1.5916523e-04 1.0300033e-05 2.6438045e-06 1.3716518e-06
 1.1594699e-06 1.2928847e-07 9.1912732e-08 2.3671058e-08]
sorted_probs shape: (64, 9)
sored_probs sample: [9.3304974e-01 6.0192194e-02 6.6999434e-03 4.2789274e-05 1.0943491e-05
 3.7732837e-06 4.4761251e-07 4.3337263e-08 6.7760557e-09]
sorted_probs shape: (64, 9)
sored_probs sample: [8.8699442e-01 6.3719369e-02 2.1244200e-02 2.1154461e-02 5.4111262e-03
 7.2758540e-04 4.2632123e-04 3.2144925e-04 1.0511261e-06]
sorted_probs shape: (64, 9)
sored_probs sample: [6.4302224e-01 3.3486846e-01 2.1975402e-02 9.2114373e-05 3.6655947e-05
 4.9058581e-06 1.6992126e-07 6.4243153e-08 3.7587657e-08]
sorted_probs shape: (64, 9)
sored_probs sample: [9.73817289e-01 1.13496594e-02 1.00601185e-02 2.59354291e-03
 1.48858025e-03 3.53773707e-04 2.32440769e-04 8.90777883e-05
 1.55546477e-05]
sorted_probs shape: (64, 9)
sored_probs sample: [7.58450329e-01 1.05492711e-01 7.19788745e-02 2.44451631e-02
 2.39852034e-02 1.51091255e-02 3.22328764e-04 1.88077873e-04
 2.81591711e-05]
sorted_probs shape: (64, 9)
sored_probs sample: [9.7776866e-01 1.3976581e-02 7.2898204e-03 5.8965862e-04 1.2577279e-04
 1.2014057e-04 9.2716131e-05 3.4047844e-05 2.4852286e-06]
sorted_probs shape: (64, 9)
sored_probs sample: [9.9073619e-01 8.7045375e-03 3.2173438e-04 1.9828795e-04 1.6499218e-05
 1.3685704e-05 5.2570417e-06 3.4180671e-06 3.3451772e-07]
sorted_probs shape: (64, 9)
sored_probs sample: [9.9757761e-01 1.8691632e-03 3.9654959e-04 8.2957224e-05 3.4776083e-05
 2.0782190e-05 1.0460660e-05 4.9482737e-06 2.8503646e-06]
sorted_probs shape: (64, 9)
sored_probs sample: [9.9782276e-01 2.0822971e-03 4.8202892e-05 2.6983444e-05 1.4759757e-05
 4.2096885e-06 7.7187491e-07 2.4965733e-08 1.4915685e-08]
sorted_probs shape: (64, 9)
sored_probs sample: [9.6425003e-01 1.5117018e-02 6.2205028e-03 4.5796195e-03 3.9073825e-03
 2.4243323e-03 2.1582567e-03 1.3255297e-03 1.7278471e-05]
sorted_probs shape: (48, 9)
sored_probs sample: [9.9293888e-01 5.2565001e-03 1.5183215e-03 2.5060729e-04 1.9236390e-05
 7.9575557e-06 7.5336820e-06 8.2304638e-07 9.8752231e-08]
Shadow Model 3/3, Epoch 1/10, Loss: 0.0173, Correct: 4202, Accuracy: 0.6003
Shadow Model 3/3, Epoch 2/10, Loss: 0.0125, Correct: 5021, Accuracy: 0.7173
Shadow Model 3/3, Epoch 3/10, Loss: 0.0106, Correct: 5348, Accuracy: 0.7640
Shadow Model 3/3, Epoch 4/10, Loss: 0.0092, Correct: 5601, Accuracy: 0.8001
Shadow Model 3/3, Epoch 5/10, Loss: 0.0080, Correct: 5750, Accuracy: 0.8214
Shadow Model 3/3, Epoch 6/10, Loss: 0.0073, Correct: 5876, Accuracy: 0.8394
Shadow Model 3/3, Epoch 7/10, Loss: 0.0070, Correct: 5897, Accuracy: 0.8424
Shadow Model 3/3, Epoch 8/10, Loss: 0.0056, Correct: 6119, Accuracy: 0.8741
Shadow Model 3/3, Epoch 9/10, Loss: 0.0048, Correct: 6263, Accuracy: 0.8947
Shadow Model 3/3, Epoch 10/10, Loss: 0.0046, Correct: 6309, Accuracy: 0.9013
sorted_probs shape: (64, 9)
sored_probs sample: [9.6753234e-01 2.6647115e-02 3.7572084e-03 1.5016077e-03 2.7531534e-04
 2.5088125e-04 3.3429940e-05 2.1120011e-06 3.7206846e-08]
sorted_probs shape: (64, 9)
sored_probs sample: [9.1734600e-01 7.5749233e-02 5.8045988e-03 7.3690014e-04 2.3810737e-04
 6.6986184e-05 4.4063370e-05 7.2454172e-06 6.8836644e-06]
sorted_probs shape: (64, 9)
sored_probs sample: [9.99601424e-01 3.35811521e-04 3.91100220e-05 9.62950890e-06
 7.50733352e-06 3.63970389e-06 2.52077416e-06 3.16188988e-07
 1.23715935e-08]
sorted_probs shape: (64, 9)
sored_probs sample: [9.88252938e-01 1.14723556e-02 1.15195515e-04 1.10033601e-04
 2.19179965e-05 2.16151620e-05 5.85382213e-06 1.18813055e-07
 1.75847337e-09]
sorted_probs shape: (64, 9)
sored_probs sample: [9.9999547e-01 3.4113077e-06 5.5631585e-07 4.0360561e-07 1.5003813e-07
 2.5162569e-08 2.1155367e-08 2.0442863e-08 6.8332208e-11]
sorted_probs shape: (64, 9)
sored_probs sample: [9.9999130e-01 8.3763371e-06 1.4812075e-07 1.4079001e-07 5.3111382e-08
 6.6503199e-09 7.9917423e-10 3.1022473e-11 9.0749274e-12]
sorted_probs shape: (64, 9)
sored_probs sample: [8.19090843e-01 1.75649941e-01 4.49184608e-03 3.77929216e-04
 1.68873506e-04 1.39808268e-04 6.89513327e-05 1.04564415e-05
 1.40997145e-06]
sorted_probs shape: (64, 9)
sored_probs sample: [9.9998808e-01 7.8207022e-06 3.6871356e-06 2.2570316e-07 6.3643796e-08
 5.2949574e-08 2.5108735e-08 1.2854825e-08 9.4177999e-10]
sorted_probs shape: (64, 9)
sored_probs sample: [9.9998569e-01 1.3827787e-05 1.9151990e-07 1.8683657e-07 6.8374931e-08
 9.8051309e-09 1.1162236e-09 4.5095101e-11 1.4301885e-11]
sorted_probs shape: (64, 9)
sored_probs sample: [9.9971336e-01 1.5870441e-04 8.9665533e-05 2.3951006e-05 9.3031813e-06
 2.9682678e-06 1.8704337e-06 2.7411636e-07 3.3474046e-10]
sorted_probs shape: (64, 9)
sored_probs sample: [9.8149729e-01 1.5250938e-02 2.0272930e-03 9.6274604e-04 1.2566909e-04
 9.4067407e-05 3.9076087e-05 1.8392825e-06 1.1051328e-06]
sorted_probs shape: (64, 9)
sored_probs sample: [8.17978799e-01 1.63658783e-01 8.14919174e-03 7.83913862e-03
 1.85358454e-03 3.85262829e-04 1.16785821e-04 1.36793415e-05
 4.78521451e-06]
sorted_probs shape: (64, 9)
sored_probs sample: [9.9998486e-01 8.8927627e-06 5.6247241e-06 4.4742089e-07 1.4504559e-07
 2.3736149e-08 2.1569386e-08 4.7101159e-09 6.1197097e-10]
sorted_probs shape: (64, 9)
sored_probs sample: [9.9464107e-01 3.2647545e-03 6.3690473e-04 5.0729909e-04 3.4674091e-04
 3.2323416e-04 1.3931420e-04 7.5186203e-05 6.5413231e-05]
sorted_probs shape: (64, 9)
sored_probs sample: [9.8020101e-01 8.4958896e-03 5.8340272e-03 3.9328695e-03 7.6155976e-04
 4.5510122e-04 2.7341538e-04 3.9492206e-05 6.7460310e-06]
sorted_probs shape: (64, 9)
sored_probs sample: [7.5355893e-01 1.8302874e-01 5.8216106e-02 2.7843125e-03 1.6686297e-03
 4.3905032e-04 2.3595711e-04 6.5144959e-05 3.1658276e-06]
sorted_probs shape: (64, 9)
sored_probs sample: [9.9989808e-01 9.6288270e-05 2.6277660e-06 1.7711423e-06 1.0703640e-06
 1.5761890e-07 2.4067417e-08 2.6777636e-09 1.1537276e-09]
sorted_probs shape: (64, 9)
sored_probs sample: [5.28972924e-01 4.16242510e-01 3.48258875e-02 1.46742705e-02
 2.78195553e-03 2.20848597e-03 1.98338836e-04 9.53324197e-05
 2.85469127e-07]
sorted_probs shape: (64, 9)
sored_probs sample: [8.3598745e-01 7.7165708e-02 6.3701048e-02 1.5456541e-02 4.0726457e-03
 3.0982904e-03 3.0366838e-04 2.1286940e-04 1.8554299e-06]
sorted_probs shape: (64, 9)
sored_probs sample: [5.6443512e-01 3.5570911e-01 5.5550817e-02 1.3385226e-02 8.9265760e-03
 1.1882600e-03 6.3000584e-04 1.5468492e-04 2.0173302e-05]
sorted_probs shape: (64, 9)
sored_probs sample: [6.1767381e-01 1.7653175e-01 1.2583920e-01 4.2030174e-02 2.7011478e-02
 1.0276304e-02 3.2780308e-04 2.8379954e-04 2.5694309e-05]
sorted_probs shape: (64, 9)
sored_probs sample: [9.9914074e-01 4.3249177e-04 2.4711640e-04 1.1740496e-04 5.4224824e-05
 4.7918516e-06 1.2623939e-06 1.2622193e-06 7.6239075e-07]
sorted_probs shape: (64, 9)
sored_probs sample: [8.8582230e-01 1.1326588e-01 8.6592336e-04 2.3689596e-05 2.0885287e-05
 8.4090368e-07 3.2395894e-07 1.5694057e-07 3.9320359e-08]
sorted_probs shape: (64, 9)
sored_probs sample: [9.91735518e-01 7.55464006e-03 4.94757434e-04 1.08640001e-04
 1.05370236e-04 8.90463184e-07 5.55959083e-08 3.07962331e-08
 1.32777400e-09]
sorted_probs shape: (64, 9)
sored_probs sample: [9.9998534e-01 6.8820423e-06 6.2658060e-06 9.1664617e-07 2.1087865e-07
 1.5119549e-07 1.2189355e-07 6.2171104e-08 8.5308371e-10]
sorted_probs shape: (64, 9)
sored_probs sample: [9.9424183e-01 3.4226950e-03 1.1515223e-03 7.7504985e-04 1.6870076e-04
 1.4052728e-04 9.3980692e-05 4.8521852e-06 8.8365181e-07]
sorted_probs shape: (64, 9)
sored_probs sample: [9.9997079e-01 2.7449700e-05 7.1332033e-07 6.3430650e-07 4.0353291e-07
 3.4509199e-08 5.2379798e-09 3.6209263e-10 1.5365957e-10]
sorted_probs shape: (64, 9)
sored_probs sample: [9.99444783e-01 4.96802852e-04 3.94774361e-05 1.35753135e-05
 2.66777670e-06 1.32085700e-06 1.00092302e-06 4.07366002e-07
 4.18342694e-08]
sorted_probs shape: (64, 9)
sored_probs sample: [9.9668640e-01 3.1824156e-03 1.2819791e-04 1.4920795e-06 7.1314571e-07
 4.4681479e-07 2.1151716e-07 1.2729471e-07 2.6008754e-08]
sorted_probs shape: (64, 9)
sored_probs sample: [9.7143281e-01 2.0783037e-02 5.0947540e-03 1.8373501e-03 4.1108951e-04
 2.5293737e-04 1.6781874e-04 2.0191528e-05 1.5276682e-07]
sorted_probs shape: (64, 9)
sored_probs sample: [7.5517464e-01 2.1152055e-01 1.1506651e-02 1.1084168e-02 6.0722586e-03
 2.1800410e-03 2.1563133e-03 2.2090039e-04 8.4458821e-05]
sorted_probs shape: (64, 9)
sored_probs sample: [9.7975218e-01 1.1962627e-02 6.7790020e-03 1.4973169e-03 4.1186013e-06
 2.6716114e-06 1.9703323e-06 6.6344718e-08 4.8100237e-08]
sorted_probs shape: (64, 9)
sored_probs sample: [9.9919587e-01 6.0694106e-04 1.4729405e-04 1.9730067e-05 1.4472635e-05
 9.5241276e-06 5.7319667e-06 3.2705313e-07 3.1282941e-08]
sorted_probs shape: (64, 9)
sored_probs sample: [9.9880826e-01 5.4279820e-04 3.8475162e-04 1.7414027e-04 7.7879449e-05
 6.6681291e-06 2.1202336e-06 1.9937270e-06 1.4539988e-06]
sorted_probs shape: (64, 9)
sored_probs sample: [6.0499448e-01 2.6461279e-01 9.4933555e-02 1.2710596e-02 1.2665032e-02
 9.3009248e-03 6.1257876e-04 1.4920629e-04 2.0734838e-05]
sorted_probs shape: (64, 9)
sored_probs sample: [9.9520820e-01 3.1523581e-03 1.4426140e-03 1.4370523e-04 4.6488854e-05
 3.4403165e-06 2.7778367e-06 3.3106517e-07 1.7256369e-08]
sorted_probs shape: (64, 9)
sored_probs sample: [6.7956436e-01 2.1614219e-01 1.0380883e-01 3.4796659e-04 9.7784490e-05
 2.4563275e-05 1.1501228e-05 1.9053309e-06 8.6700186e-07]
sorted_probs shape: (64, 9)
sored_probs sample: [9.9999976e-01 1.2432723e-07 6.5532092e-08 2.3957146e-08 5.3412301e-09
 1.2515554e-09 5.1866500e-10 4.1087946e-11 5.4908465e-12]
sorted_probs shape: (64, 9)
sored_probs sample: [9.9987757e-01 9.4802650e-05 1.9051138e-05 6.7655769e-06 7.9699004e-07
 5.4014083e-07 3.2342206e-07 5.3748654e-08 2.2113374e-08]
sorted_probs shape: (64, 9)
sored_probs sample: [8.0314654e-01 1.9447462e-01 1.1387896e-03 9.1067760e-04 1.3420625e-04
 1.0274251e-04 4.6198918e-05 4.5428005e-05 7.6952642e-07]
sorted_probs shape: (64, 9)
sored_probs sample: [6.4950007e-01 2.3841996e-01 5.5262376e-02 4.5909531e-02 7.2443150e-03
 2.5523161e-03 9.6747122e-04 9.5576630e-05 4.8413622e-05]
sorted_probs shape: (64, 9)
sored_probs sample: [9.5454234e-01 2.5497539e-02 7.6738005e-03 6.6036815e-03 4.4797203e-03
 1.0370356e-03 1.2238249e-04 3.6947171e-05 6.5204558e-06]
sorted_probs shape: (64, 9)
sored_probs sample: [8.9517826e-01 9.9948846e-02 4.3282458e-03 3.1428310e-04 9.7287790e-05
 6.7745226e-05 6.0494000e-05 4.6611326e-06 1.7823729e-07]
sorted_probs shape: (64, 9)
sored_probs sample: [9.7132796e-01 1.9247880e-02 8.3448142e-03 6.1822345e-04 1.8908716e-04
 1.6127352e-04 1.0594607e-04 3.9815473e-06 8.5049788e-07]
sorted_probs shape: (64, 9)
sored_probs sample: [7.3660046e-01 1.8278633e-01 8.0269195e-02 2.4244669e-04 6.5141285e-05
 2.9595883e-05 3.8238218e-06 1.8192685e-06 1.1449093e-06]
sorted_probs shape: (64, 9)
sored_probs sample: [5.4906106e-01 2.5744519e-01 1.9299708e-01 3.3511294e-04 1.4126285e-04
 1.3234163e-05 4.7672843e-06 1.6551659e-06 6.1084580e-07]
sorted_probs shape: (64, 9)
sored_probs sample: [5.2581292e-01 4.1762727e-01 2.8331462e-02 2.4452174e-02 2.0299887e-03
 1.1674456e-03 3.2435689e-04 2.5102706e-04 3.3007443e-06]
sorted_probs shape: (64, 9)
sored_probs sample: [9.99499440e-01 3.40013881e-04 1.28642278e-04 1.15167195e-05
 9.76443243e-06 7.37435585e-06 3.06766037e-06 1.54098956e-07
 3.02065928e-08]
sorted_probs shape: (64, 9)
sored_probs sample: [9.9516261e-01 2.7484002e-03 1.7915984e-03 2.2490094e-04 3.7004243e-05
 2.3963434e-05 8.9273144e-06 2.3104019e-06 1.6234165e-07]
sorted_probs shape: (64, 9)
sored_probs sample: [9.6189064e-01 2.9127721e-02 4.0352265e-03 3.5133963e-03 6.3463836e-04
 5.2424637e-04 1.9217649e-04 8.0475336e-05 1.4568060e-06]
sorted_probs shape: (64, 9)
sored_probs sample: [9.5502561e-01 4.1056175e-02 1.7896111e-03 1.0331903e-03 8.4800087e-04
 1.9924268e-04 3.6806872e-05 1.1223075e-05 1.0371475e-07]
sorted_probs shape: (64, 9)
sored_probs sample: [9.6395499e-01 3.5596117e-02 4.3643956e-04 7.1894665e-06 5.0618769e-06
 1.4631711e-07 6.0702966e-08 2.8973563e-08 1.1567567e-08]
sorted_probs shape: (64, 9)
sored_probs sample: [9.9994349e-01 5.4115095e-05 1.0260929e-06 8.3841559e-07 4.0781308e-07
 6.1475397e-08 8.4733074e-09 6.5089356e-10 2.5900193e-10]
sorted_probs shape: (64, 9)
sored_probs sample: [9.9997246e-01 2.6067659e-05 6.0746265e-07 5.5169551e-07 3.1654085e-07
 3.0640585e-08 4.4212474e-09 2.7783520e-10 1.1261994e-10]
sorted_probs shape: (64, 9)
sored_probs sample: [6.0320663e-01 3.8791075e-01 7.0678643e-03 1.6045159e-03 1.0385961e-04
 7.5535623e-05 2.5447644e-05 3.4202831e-06 1.9486756e-06]
sorted_probs shape: (64, 9)
sored_probs sample: [7.6202708e-01 2.2102055e-01 1.4270937e-02 1.6050234e-03 4.6426419e-04
 2.8505147e-04 2.8471186e-04 3.6834001e-05 5.5631135e-06]
sorted_probs shape: (64, 9)
sored_probs sample: [8.8462603e-01 1.0248916e-01 1.1159071e-02 1.3946351e-03 2.1656652e-04
 6.9922105e-05 2.8135657e-05 1.4535991e-05 1.9039126e-06]
sorted_probs shape: (64, 9)
sored_probs sample: [9.9636590e-01 2.3357593e-03 9.1541384e-04 2.3485033e-04 1.2276330e-04
 1.1521239e-05 1.0581137e-05 3.0343467e-06 1.8573324e-07]
sorted_probs shape: (64, 9)
sored_probs sample: [9.9663156e-01 1.3606290e-03 1.2160843e-03 7.3064218e-04 5.7994672e-05
 1.5203497e-06 7.5813426e-07 4.9154607e-07 3.7333032e-07]
sorted_probs shape: (64, 9)
sored_probs sample: [8.4044403e-01 8.6674385e-02 3.1534247e-02 3.1477466e-02 8.6764116e-03
 6.3915382e-04 3.6674176e-04 1.8452994e-04 3.0053138e-06]
sorted_probs shape: (64, 9)
sored_probs sample: [9.8959523e-01 6.3923085e-03 3.5850471e-03 2.4400953e-04 9.1355156e-05
 7.0209746e-05 1.9128674e-05 2.0022806e-06 7.3743070e-07]
sorted_probs shape: (64, 9)
sored_probs sample: [9.8975384e-01 5.4274416e-03 4.2080926e-03 2.7693994e-04 1.5801760e-04
 1.3395556e-04 3.8327158e-05 1.7155429e-06 1.7033308e-06]
sorted_probs shape: (64, 9)
sored_probs sample: [8.0401689e-01 1.3135925e-01 5.3914521e-02 6.0643572e-03 3.4292613e-03
 7.0906442e-04 4.0131377e-04 1.0477379e-04 5.0596532e-07]
sorted_probs shape: (64, 9)
sored_probs sample: [9.8229927e-01 9.1164447e-03 5.1310523e-03 2.4115418e-03 9.3724363e-04
 6.9139882e-05 2.5941257e-05 8.5680058e-06 7.6059018e-07]
sorted_probs shape: (64, 9)
sored_probs sample: [9.9835110e-01 1.4984729e-03 5.8990012e-05 5.4119064e-05 1.2778038e-05
 1.1206315e-05 9.9485660e-06 3.0892788e-06 2.0836242e-07]
sorted_probs shape: (64, 9)
sored_probs sample: [9.1697365e-01 5.0302979e-02 2.6665326e-02 5.3404407e-03 5.3001445e-04
 1.3331964e-04 4.6997560e-05 7.3735969e-06 2.6624909e-08]
sorted_probs shape: (64, 9)
sored_probs sample: [9.0972090e-01 4.6478622e-02 2.1255754e-02 1.1233285e-02 1.0986815e-02
 2.6768591e-04 3.1493484e-05 2.5119214e-05 3.4184254e-07]
sorted_probs shape: (64, 9)
sored_probs sample: [9.5203477e-01 3.5209529e-02 1.1760158e-02 6.5185339e-04 1.8374977e-04
 1.1557484e-04 3.2077911e-05 1.1134675e-05 1.1499698e-06]
sorted_probs shape: (64, 9)
sored_probs sample: [9.9987507e-01 6.5492459e-05 5.2559928e-05 2.6152802e-06 1.8504921e-06
 1.1889207e-06 1.0423593e-06 2.3031096e-07 3.0900221e-08]
sorted_probs shape: (64, 9)
sored_probs sample: [6.6384321e-01 2.6073870e-01 6.4898089e-02 9.5322132e-03 6.1558443e-04
 3.3643586e-04 2.3433100e-05 1.1911952e-05 4.5476440e-07]
sorted_probs shape: (64, 9)
sored_probs sample: [9.8969275e-01 4.0303725e-03 1.7778912e-03 1.5648330e-03 1.3401636e-03
 7.7946868e-04 6.5584684e-04 1.1947858e-04 3.9138304e-05]
sorted_probs shape: (64, 9)
sored_probs sample: [9.5502311e-01 2.4327902e-02 1.4431451e-02 4.8739305e-03 5.2151614e-04
 4.6333429e-04 2.6409572e-04 9.4620758e-05 2.8071183e-08]
sorted_probs shape: (64, 9)
sored_probs sample: [9.9994636e-01 5.1700801e-05 8.3199893e-07 7.2814680e-07 3.2499153e-07
 5.4588099e-08 7.0362782e-09 4.8990961e-10 1.7984959e-10]
sorted_probs shape: (64, 9)
sored_probs sample: [9.6074682e-01 3.9003756e-02 9.3789873e-05 9.3125156e-05 6.1618455e-05
 8.1109863e-07 7.7754855e-08 6.9116086e-09 2.2838020e-09]
sorted_probs shape: (64, 9)
sored_probs sample: [9.9969053e-01 1.7886076e-04 7.1634997e-05 3.6851754e-05 2.0122237e-05
 1.3589358e-06 3.6292013e-07 2.1191465e-07 1.2861673e-07]
sorted_probs shape: (64, 9)
sored_probs sample: [9.8192042e-01 1.2361202e-02 4.8735021e-03 7.5708004e-04 8.3428800e-05
 2.7001329e-06 7.8724906e-07 4.8407389e-07 3.9692577e-07]
sorted_probs shape: (64, 9)
sored_probs sample: [9.8824197e-01 1.1570413e-02 1.8358250e-04 2.6380724e-06 1.3248334e-06
 2.4299769e-08 2.0738758e-08 5.1540896e-09 3.3934286e-09]
sorted_probs shape: (64, 9)
sored_probs sample: [9.7592700e-01 1.3886139e-02 5.2315304e-03 2.3448719e-03 2.1475554e-03
 3.6671379e-04 4.3372707e-05 3.6494686e-05 1.6363982e-05]
sorted_probs shape: (64, 9)
sored_probs sample: [9.9970716e-01 1.6261285e-04 9.2799477e-05 2.7491709e-05 4.1619874e-06
 3.8674557e-06 1.2858386e-06 3.7247676e-07 2.3501049e-07]
sorted_probs shape: (64, 9)
sored_probs sample: [9.9131799e-01 6.9330428e-03 9.7035733e-04 5.9872668e-04 1.6616988e-04
 7.4660329e-06 4.5532870e-06 1.0014863e-06 7.1410864e-07]
sorted_probs shape: (64, 9)
sored_probs sample: [9.9991238e-01 7.5225107e-05 6.1581686e-06 2.6378068e-06 2.5824954e-06
 4.7964920e-07 3.9380737e-07 1.1060849e-07 9.3025347e-09]
sorted_probs shape: (64, 9)
sored_probs sample: [7.0960200e-01 1.4253223e-01 1.2955296e-01 1.0333817e-02 4.1625928e-03
 3.5600981e-03 2.3164309e-04 2.4455197e-05 1.7459200e-07]
sorted_probs shape: (64, 9)
sored_probs sample: [9.9644583e-01 3.0744618e-03 4.4014750e-04 2.6235213e-05 5.9458762e-06
 5.2292689e-06 1.3648013e-06 8.3132301e-07 6.1197150e-09]
sorted_probs shape: (64, 9)
sored_probs sample: [9.5020074e-01 2.4533417e-02 1.4130889e-02 4.9825120e-03 3.6548914e-03
 2.1328402e-03 3.3707015e-04 2.7340006e-05 2.8944763e-07]
sorted_probs shape: (64, 9)
sored_probs sample: [9.0823889e-01 7.3903337e-02 8.2363281e-03 4.3388163e-03 2.5241671e-03
 9.8046393e-04 7.5068319e-04 5.8391999e-04 4.4326272e-04]
sorted_probs shape: (64, 9)
sored_probs sample: [9.9492127e-01 3.2643573e-03 1.0566104e-03 4.6422187e-04 2.6832763e-04
 1.6728673e-05 7.7089871e-06 5.9047670e-07 2.2011540e-07]
sorted_probs shape: (64, 9)
sored_probs sample: [9.5675063e-01 3.5708159e-02 3.3276423e-03 2.3691130e-03 1.2974757e-03
 4.9844501e-04 4.1222698e-05 7.0177666e-06 2.2304583e-07]
sorted_probs shape: (64, 9)
sored_probs sample: [9.99837637e-01 1.21881196e-04 1.88439717e-05 1.36786302e-05
 7.36674156e-06 4.75705804e-07 1.21905998e-07 3.52173792e-08
 2.51613788e-08]
sorted_probs shape: (64, 9)
sored_probs sample: [9.7720212e-01 1.8437428e-02 2.8552283e-03 5.3550210e-04 4.8084848e-04
 3.6840059e-04 1.1603864e-04 4.2946608e-06 9.1888959e-09]
sorted_probs shape: (64, 9)
sored_probs sample: [7.7189922e-01 1.1577487e-01 5.0871920e-02 4.1899096e-02 1.3331532e-02
 5.7456852e-03 2.4591031e-04 2.2926499e-04 2.5535046e-06]
sorted_probs shape: (64, 9)
sored_probs sample: [9.99604166e-01 2.90462136e-04 1.03932354e-04 1.21501239e-06
 1.52723828e-07 2.72702305e-08 5.40953859e-09 1.30167058e-10
 4.87406400e-11]
sorted_probs shape: (64, 9)
sored_probs sample: [9.5850998e-01 3.5116956e-02 3.4103110e-03 2.3420290e-03 4.9249246e-04
 1.1024241e-04 8.5110323e-06 7.3218771e-06 2.2397880e-06]
sorted_probs shape: (64, 9)
sored_probs sample: [9.9653602e-01 1.5699397e-03 1.1841517e-03 5.1500800e-04 1.3076451e-04
 5.0068418e-05 1.0745573e-05 3.3075676e-06 2.2814011e-09]
sorted_probs shape: (64, 9)
sored_probs sample: [5.6727380e-01 2.6646498e-01 1.3539039e-01 1.7418675e-02 1.1688395e-02
 8.8979158e-04 7.0161314e-04 1.7070545e-04 1.6220604e-06]
sorted_probs shape: (64, 9)
sored_probs sample: [9.9624062e-01 1.9445267e-03 1.5965683e-03 1.0916933e-04 3.7871090e-05
 3.5436718e-05 3.2860356e-05 2.2642703e-06 6.2432321e-07]
sorted_probs shape: (64, 9)
sored_probs sample: [9.1159338e-01 3.4320518e-02 2.3425000e-02 1.6306151e-02 5.9762117e-03
 5.3776829e-03 2.6759915e-03 2.6221896e-04 6.2885265e-05]
sorted_probs shape: (64, 9)
sored_probs sample: [9.9954373e-01 3.3043488e-04 7.6907323e-05 4.7347847e-05 1.5324910e-06
 8.7667313e-09 8.7084180e-09 8.5617557e-09 2.0971240e-09]
sorted_probs shape: (64, 9)
sored_probs sample: [9.99832630e-01 1.38648946e-04 1.51248405e-05 1.11049594e-05
 1.01060857e-06 7.90904664e-07 6.21501442e-07 1.11603683e-07
 1.90414990e-08]
sorted_probs shape: (64, 9)
sored_probs sample: [9.9997699e-01 2.1143111e-05 1.4394367e-06 1.9054322e-07 1.8161259e-07
 4.5200093e-08 1.8227514e-08 7.9769666e-09 8.0397261e-10]
sorted_probs shape: (64, 9)
sored_probs sample: [8.4828842e-01 9.6180931e-02 2.5988629e-02 2.3191851e-02 5.5212891e-03
 5.2599789e-04 2.7995213e-04 2.2899931e-05 1.1521826e-07]
sorted_probs shape: (64, 9)
sored_probs sample: [9.9997962e-01 1.2950826e-05 2.1361718e-06 1.9784475e-06 1.6688425e-06
 1.4443124e-06 1.4835568e-07 6.0344645e-09 2.0397506e-09]
sorted_probs shape: (64, 9)
sored_probs sample: [7.2324634e-01 1.7827201e-01 3.7465744e-02 3.3167787e-02 1.6436830e-02
 1.0423029e-02 7.1617868e-04 2.7014167e-04 1.8853272e-06]
sorted_probs shape: (64, 9)
sored_probs sample: [9.9960905e-01 2.5765150e-04 6.7904431e-05 4.1252475e-05 2.1570568e-05
 1.7860735e-06 4.2832093e-07 2.7273111e-07 1.5133820e-07]
sorted_probs shape: (64, 9)
sored_probs sample: [9.99492049e-01 2.95900274e-04 1.29358668e-04 3.97949007e-05
 3.38440041e-05 4.88799697e-06 4.07162906e-06 1.13684116e-07
 1.04129816e-10]
sorted_probs shape: (64, 9)
sored_probs sample: [9.99890327e-01 1.04911494e-04 2.19923504e-06 1.60473928e-06
 8.51284426e-07 1.43280857e-07 2.05013926e-08 2.13300599e-09
 9.21238086e-10]
sorted_probs shape: (64, 9)
sored_probs sample: [9.1303205e-01 7.5227499e-02 8.6921742e-03 1.1359297e-03 7.7173853e-04
 7.0262735e-04 4.3041777e-04 4.6364930e-06 2.9634500e-06]
sorted_probs shape: (64, 9)
sored_probs sample: [9.9999332e-01 6.1210344e-06 2.1918908e-07 1.9624257e-07 9.9564666e-08
 8.0344957e-09 1.1957072e-09 5.2690050e-11 1.4747210e-11]
sorted_probs shape: (64, 9)
sored_probs sample: [9.7926140e-01 1.6499564e-02 3.9464794e-03 9.7768891e-05 8.7913460e-05
 8.0564292e-05 2.5113992e-05 9.0155726e-07 2.3691750e-07]
sorted_probs shape: (64, 9)
sored_probs sample: [9.9995553e-01 3.3431279e-05 8.3860677e-06 1.7651903e-06 3.3204981e-07
 3.3040595e-07 1.9387107e-07 3.5624883e-08 5.5334120e-09]
sorted_probs shape: (64, 9)
sored_probs sample: [9.9462503e-01 4.9255234e-03 2.6497542e-04 1.7722232e-04 4.5923139e-06
 1.7972153e-06 7.7152623e-07 9.9151322e-08 4.3313115e-08]
sorted_probs shape: (64, 9)
sored_probs sample: [9.35351968e-01 4.42673564e-02 2.01792829e-02 1.70392799e-04
 1.84720684e-05 1.04007795e-05 1.95001326e-06 1.78062578e-07
 2.38539464e-08]
sorted_probs shape: (64, 9)
sored_probs sample: [5.7024294e-01 3.9611876e-01 3.2818288e-02 5.1223283e-04 2.3589071e-04
 3.5027002e-05 2.3223634e-05 1.2923150e-05 6.6483699e-07]
sorted_probs shape: (64, 9)
sored_probs sample: [9.9962223e-01 2.7006119e-04 6.4048516e-05 3.3035856e-05 7.3502997e-06
 1.5395257e-06 1.4832256e-06 2.1732491e-07 3.6535006e-09]
sorted_probs shape: (64, 9)
sored_probs sample: [9.9895895e-01 6.0425088e-04 4.1216073e-04 1.0887806e-05 7.4073905e-06
 4.4285998e-06 1.8713497e-06 3.0792052e-08 2.2308463e-08]
sorted_probs shape: (64, 9)
sored_probs sample: [7.1703464e-01 2.7778596e-01 5.0066705e-03 1.1978959e-04 4.0514733e-05
 9.1810871e-06 2.5945417e-06 5.1160055e-07 1.7437819e-07]
sorted_probs shape: (64, 9)
sored_probs sample: [7.7691454e-01 2.0036124e-01 1.2848592e-02 7.3055071e-03 1.7094923e-03
 5.5398722e-04 2.0222127e-04 1.0267993e-04 1.7304507e-06]
sorted_probs shape: (64, 9)
sored_probs sample: [9.9846703e-01 1.1307074e-03 2.6433275e-04 6.9496207e-05 2.7452841e-05
 1.9997697e-05 1.7687787e-05 2.5951022e-06 6.3617125e-07]
sorted_probs shape: (64, 9)
sored_probs sample: [9.9962211e-01 1.6940096e-04 9.8977165e-05 7.6085606e-05 2.7819031e-05
 3.5059172e-06 2.0277889e-06 1.9132324e-07 6.5705798e-08]
sorted_probs shape: (64, 9)
sored_probs sample: [9.9980444e-01 1.1664331e-04 5.7370966e-05 1.8371064e-05 2.0333471e-06
 5.7581883e-07 4.0460515e-07 1.7692652e-07 9.7770659e-08]
sorted_probs shape: (64, 9)
sored_probs sample: [9.9983013e-01 1.1889025e-04 2.9420442e-05 1.4891508e-05 3.0244385e-06
 2.0652099e-06 1.4288955e-06 1.0605691e-07 2.6142946e-08]
sorted_probs shape: (64, 9)
sored_probs sample: [9.96192217e-01 2.69920449e-03 5.27746510e-04 2.84208538e-04
 2.08560567e-04 4.17722222e-05 1.98259058e-05 1.34393995e-05
 1.29949440e-05]
sorted_probs shape: (64, 9)
sored_probs sample: [9.3747437e-01 3.5760447e-02 2.6130632e-02 2.9619748e-04 2.8304764e-04
 2.6817062e-05 1.9897981e-05 7.9136107e-06 6.4830328e-07]
sorted_probs shape: (64, 9)
sored_probs sample: [3.9004523e-01 3.4568533e-01 1.5937623e-01 6.0823347e-02 3.0138660e-02
 1.3660676e-02 1.7514903e-04 9.4383693e-05 9.7611075e-07]
sorted_probs shape: (64, 9)
sored_probs sample: [9.9510020e-01 3.2851866e-03 1.3686522e-03 1.3921484e-04 3.7515787e-05
 3.5243833e-05 3.2868102e-05 6.1209880e-07 4.6535564e-07]
sorted_probs shape: (64, 9)
sored_probs sample: [9.1726643e-01 3.9692767e-02 3.9547212e-02 1.6950433e-03 7.9481083e-04
 5.9248251e-04 3.4685872e-04 5.7113186e-05 7.2468206e-06]
sorted_probs shape: (64, 9)
sored_probs sample: [9.9636263e-01 2.7468691e-03 6.7645987e-04 7.3992691e-05 5.6732973e-05
 5.4416825e-05 1.4364685e-05 9.0048670e-06 5.4923148e-06]
sorted_probs shape: (64, 9)
sored_probs sample: [9.6306300e-01 3.4736339e-02 1.2998603e-03 8.6794194e-04 1.6664300e-05
 8.0841464e-06 7.8040866e-06 2.6126844e-07 2.4095945e-08]
sorted_probs shape: (64, 9)
sored_probs sample: [9.9974841e-01 2.0957911e-04 3.7055339e-05 2.2135987e-06 9.7489374e-07
 9.3969174e-07 5.9793132e-07 2.4684951e-07 3.6687055e-08]
sorted_probs shape: (64, 9)
sored_probs sample: [9.9988461e-01 5.3212058e-05 2.7196156e-05 1.8802957e-05 1.2098539e-05
 2.0951252e-06 1.7198746e-06 1.5333622e-07 4.3853959e-08]
sorted_probs shape: (64, 9)
sored_probs sample: [6.0335028e-01 2.4793755e-01 5.4217082e-02 4.7003690e-02 2.6828215e-02
 1.3120721e-02 3.9437423e-03 3.4635069e-03 1.3522455e-04]
sorted_probs shape: (64, 9)
sored_probs sample: [8.7828058e-01 1.0901599e-01 1.1611584e-02 5.2507303e-04 3.8069859e-04
 1.6242443e-04 2.0596453e-05 2.5837865e-06 4.3337033e-07]
sorted_probs shape: (64, 9)
sored_probs sample: [9.6746337e-01 1.0207881e-02 9.1159241e-03 6.9269887e-03 5.0583039e-03
 6.1370945e-04 2.5819917e-04 2.2890215e-04 1.2664792e-04]
sorted_probs shape: (64, 9)
sored_probs sample: [9.4243330e-01 4.5714870e-02 9.5448578e-03 1.4515731e-03 6.9251744e-04
 1.3181291e-04 2.3427316e-05 5.4454731e-06 2.3256121e-06]
sorted_probs shape: (64, 9)
sored_probs sample: [9.9963570e-01 1.3417858e-04 1.1181186e-04 6.7515757e-05 3.9568054e-05
 7.7852110e-06 2.9889545e-06 3.5188594e-07 8.2547281e-08]
sorted_probs shape: (64, 9)
sored_probs sample: [8.19988251e-01 1.25181139e-01 4.92615737e-02 3.35070188e-03
 2.11087218e-03 8.81769956e-05 1.14309005e-05 7.24001120e-06
 4.98712495e-07]
sorted_probs shape: (64, 9)
sored_probs sample: [6.6306871e-01 2.2705142e-01 1.0159315e-01 6.2305927e-03 1.3087176e-03
 3.6842626e-04 3.0582215e-04 6.9820533e-05 3.3330834e-06]
sorted_probs shape: (64, 9)
sored_probs sample: [8.2710350e-01 1.4122824e-01 3.0197250e-02 8.8101608e-04 5.4191373e-04
 2.3951057e-05 2.0351516e-05 2.3294763e-06 1.4507190e-06]
sorted_probs shape: (64, 9)
sored_probs sample: [9.9720985e-01 2.5491067e-03 1.5338841e-04 3.9195089e-05 2.5550449e-05
 1.6134227e-05 6.6624434e-06 7.6788027e-08 3.4155845e-10]
sorted_probs shape: (64, 9)
sored_probs sample: [7.9340088e-01 2.0318057e-01 3.2887510e-03 1.0806850e-04 2.0149855e-05
 6.1161279e-07 5.4756896e-07 2.6238567e-07 6.3030960e-08]
sorted_probs shape: (64, 9)
sored_probs sample: [9.4754285e-01 3.5614684e-02 6.3360957e-03 2.9412885e-03 2.9352412e-03
 2.5726527e-03 1.9186662e-03 1.1581537e-04 2.2686352e-05]
sorted_probs shape: (64, 9)
sored_probs sample: [9.6109498e-01 3.0656148e-02 5.6616389e-03 1.1374227e-03 9.6184859e-04
 3.9903726e-04 5.2002422e-05 3.6661586e-05 2.3629676e-07]
sorted_probs shape: (64, 9)
sored_probs sample: [9.9238682e-01 3.8876752e-03 1.7418724e-03 1.1208383e-03 7.9672143e-04
 3.4460154e-05 2.8139404e-05 3.4293071e-06 2.9779803e-09]
sorted_probs shape: (64, 9)
sored_probs sample: [7.9631847e-01 1.2789202e-01 3.2508612e-02 2.3074731e-02 1.5183241e-02
 4.4931960e-03 3.9952202e-04 9.3520139e-05 3.6764352e-05]
sorted_probs shape: (64, 9)
sored_probs sample: [5.8249301e-01 3.6017242e-01 5.7067528e-02 1.9343925e-04 5.1459068e-05
 1.3025392e-05 7.1774884e-06 1.4196589e-06 5.3280843e-07]
sorted_probs shape: (64, 9)
sored_probs sample: [9.9387312e-01 4.3197325e-03 5.2298809e-04 3.3129702e-04 2.6068307e-04
 2.4344772e-04 2.1753859e-04 1.6233514e-04 6.8831745e-05]
sorted_probs shape: (64, 9)
sored_probs sample: [8.3465677e-01 1.3886133e-01 1.2205745e-02 9.5440913e-03 2.1602944e-03
 2.0067345e-03 5.2144664e-04 4.2638589e-05 8.3878763e-07]
sorted_probs shape: (64, 9)
sored_probs sample: [5.0781423e-01 4.9081776e-01 1.3118339e-03 3.8982576e-05 1.5028621e-05
 1.1513182e-06 8.5734717e-07 7.3587202e-08 6.0706405e-08]
sorted_probs shape: (64, 9)
sored_probs sample: [7.8105611e-01 1.4528967e-01 5.6484211e-02 8.0740144e-03 4.4119987e-03
 3.3522092e-03 7.6395593e-04 5.0722982e-04 6.0666083e-05]
sorted_probs shape: (64, 9)
sored_probs sample: [9.9404669e-01 5.1521058e-03 4.9346971e-04 1.6386525e-04 1.2844244e-04
 6.9691264e-06 6.5862537e-06 1.8490153e-06 3.0402713e-08]
sorted_probs shape: (64, 9)
sored_probs sample: [9.7364014e-01 2.5973864e-02 1.7359229e-04 1.6527131e-04 2.9368608e-05
 1.5367965e-05 2.1508993e-06 2.8807847e-07 1.1109115e-09]
sorted_probs shape: (64, 9)
sored_probs sample: [9.7271913e-01 1.7017150e-02 6.6844244e-03 2.3046995e-03 5.1002036e-04
 4.7821749e-04 2.5288513e-04 2.4952442e-05 8.5670035e-06]
sorted_probs shape: (64, 9)
sored_probs sample: [9.91593242e-01 5.59521280e-03 2.78260326e-03 1.79925501e-05
 9.14438442e-06 1.52684413e-06 2.07812917e-07 2.72926250e-08
 1.43620005e-08]
sorted_probs shape: (64, 9)
sored_probs sample: [8.3670509e-01 1.1048064e-01 4.0891387e-02 4.4704345e-03 3.2168778e-03
 2.9185791e-03 9.1534806e-04 4.0086458e-04 7.5615947e-07]
sorted_probs shape: (64, 9)
sored_probs sample: [4.5810270e-01 2.6334858e-01 1.4866880e-01 5.8117159e-02 5.6580335e-02
 1.4441486e-02 5.6983071e-04 1.6611288e-04 4.9670048e-06]
sorted_probs shape: (64, 9)
sored_probs sample: [9.8703265e-01 5.0286003e-03 3.9285920e-03 2.3694520e-03 1.2429630e-03
 3.5697359e-04 2.1347420e-05 1.7698880e-05 1.7272168e-06]
sorted_probs shape: (64, 9)
sored_probs sample: [8.91488314e-01 1.03278935e-01 2.33076373e-03 2.19849288e-03
 4.03914339e-04 2.49956822e-04 3.37537604e-05 9.74064551e-06
 6.10277584e-06]
sorted_probs shape: (64, 9)
sored_probs sample: [8.9677912e-01 1.0098872e-01 1.8985284e-03 2.6264007e-04 6.8229856e-05
 1.3224179e-06 1.0718034e-06 2.6122831e-07 1.8130407e-07]
sorted_probs shape: (64, 9)
sored_probs sample: [9.99977708e-01 1.91265972e-05 1.52161977e-06 8.48576860e-07
 5.71513681e-07 1.07803395e-07 9.05412776e-08 5.57650104e-08
 5.87452642e-10]
sorted_probs shape: (64, 9)
sored_probs sample: [9.9999654e-01 3.2389873e-06 1.0092095e-07 8.1614708e-08 3.8304982e-08
 3.0325538e-09 4.2148779e-10 1.4215421e-11 3.7088796e-12]
sorted_probs shape: (64, 9)
sored_probs sample: [8.9139515e-01 6.5696493e-02 3.9632212e-02 2.1983376e-03 9.1580977e-04
 1.3251699e-04 1.7566292e-05 1.1234998e-05 6.4197854e-07]
sorted_probs shape: (64, 9)
sored_probs sample: [9.9300754e-01 2.6167352e-03 1.5463618e-03 1.5403104e-03 8.4256084e-04
 2.5171088e-04 1.9171923e-04 3.0458964e-06 1.2033944e-08]
sorted_probs shape: (64, 9)
sored_probs sample: [8.96738827e-01 1.01836517e-01 6.55346492e-04 6.46726054e-04
 1.19865821e-04 1.74182503e-06 7.90348679e-07 2.21501423e-07
 1.24996165e-08]
sorted_probs shape: (64, 9)
sored_probs sample: [9.9999690e-01 2.5623094e-06 5.2766325e-07 2.6148703e-08 1.8029576e-08
 6.7445662e-09 5.7716845e-09 1.3620909e-09 8.4966680e-11]
sorted_probs shape: (64, 9)
sored_probs sample: [8.6345297e-01 8.6541586e-02 2.7252384e-02 1.6589781e-02 2.3014883e-03
 2.1836758e-03 1.4889272e-03 1.3752365e-04 5.1696741e-05]
sorted_probs shape: (64, 9)
sored_probs sample: [9.7265947e-01 1.9793857e-02 6.8376027e-03 3.8393462e-04 2.3699715e-04
 4.2808137e-05 3.9953429e-05 4.7242306e-06 6.8214365e-07]
sorted_probs shape: (64, 9)
sored_probs sample: [9.7445744e-01 2.4017949e-02 7.5220491e-04 7.1276951e-04 4.3656550e-05
 9.3207582e-06 5.8857822e-06 6.9058063e-07 2.8522957e-09]
sorted_probs shape: (64, 9)
sored_probs sample: [9.4825584e-01 4.1032251e-02 6.8762535e-03 2.2559743e-03 1.0825760e-03
 3.5449598e-04 7.7777062e-05 6.3446256e-05 1.3991234e-06]
sorted_probs shape: (64, 9)
sored_probs sample: [9.9200034e-01 3.2185009e-03 2.4324935e-03 2.0740635e-03 2.2263074e-04
 2.3449607e-05 1.6543099e-05 1.1873316e-05 6.1395092e-08]
sorted_probs shape: (64, 9)
sored_probs sample: [9.9185151e-01 4.7808494e-03 1.8292357e-03 6.6253205e-04 4.7591073e-04
 3.1955127e-04 7.5650336e-05 4.6593464e-06 1.6007822e-07]
sorted_probs shape: (64, 9)
sored_probs sample: [9.4153786e-01 2.7420174e-02 1.2145981e-02 1.0001678e-02 5.2670194e-03
 3.1742130e-03 2.5643856e-04 1.1431974e-04 8.2304912e-05]
sorted_probs shape: (64, 9)
sored_probs sample: [9.9959272e-01 2.6342866e-04 7.4268464e-05 4.2232394e-05 2.4337634e-05
 2.0542293e-06 4.9500363e-07 3.0492771e-07 1.5511822e-07]
sorted_probs shape: (64, 9)
sored_probs sample: [9.9929976e-01 6.4589514e-04 2.1215814e-05 1.6600381e-05 1.1326729e-05
 4.0144582e-06 1.0758077e-06 4.5169653e-08 2.4120168e-09]
sorted_probs shape: (64, 9)
sored_probs sample: [9.9801743e-01 1.4087837e-03 3.7744857e-04 8.7150955e-05 6.2056781e-05
 2.5174893e-05 2.0760979e-05 1.0081909e-06 9.7009995e-08]
sorted_probs shape: (64, 9)
sored_probs sample: [9.7134340e-01 1.6861076e-02 8.5297758e-03 2.6073398e-03 3.1176739e-04
 1.8088508e-04 1.3666859e-04 1.6104761e-05 1.3055896e-05]
sorted_probs shape: (64, 9)
sored_probs sample: [6.7336524e-01 2.6635534e-01 4.8304707e-02 6.1380984e-03 5.5416776e-03
 2.2046959e-04 4.4102249e-05 2.9781140e-05 6.0539872e-07]
sorted_probs shape: (64, 9)
sored_probs sample: [9.9369746e-01 4.7736452e-03 1.4868015e-03 2.9695633e-05 1.2135915e-05
 1.5454641e-07 9.9617985e-08 9.3973753e-09 1.2918193e-09]
sorted_probs shape: (64, 9)
sored_probs sample: [6.3000733e-01 3.5614294e-01 1.3463886e-02 3.5617602e-04 2.2175736e-05
 3.6639779e-06 3.2569451e-06 4.6067655e-07 7.6729805e-08]
sorted_probs shape: (64, 9)
sored_probs sample: [9.99870658e-01 1.12393594e-04 6.80039693e-06 6.66203778e-06
 1.72287127e-06 8.37892514e-07 7.99112570e-07 1.24232713e-07
 5.61315261e-09]
sorted_probs shape: (64, 9)
sored_probs sample: [8.7201381e-01 6.3619100e-02 2.4356334e-02 2.0091511e-02 1.4166011e-02
 2.8112396e-03 1.6760651e-03 1.2572210e-03 8.6813825e-06]
sorted_probs shape: (64, 9)
sored_probs sample: [9.6464366e-01 2.2864114e-02 8.9010103e-03 3.5049675e-03 5.1872230e-05
 1.6186190e-05 1.1843538e-05 5.8359210e-06 5.6976802e-07]
sorted_probs shape: (64, 9)
sored_probs sample: [8.51266801e-01 1.38198987e-01 9.51545127e-03 7.40551506e-04
 2.38134686e-04 2.06649602e-05 1.38270125e-05 3.80768279e-06
 1.62898016e-06]
sorted_probs shape: (64, 9)
sored_probs sample: [9.7605819e-01 1.7408831e-02 4.3408023e-03 1.4570190e-03 3.2676035e-04
 3.1383030e-04 8.7325971e-05 4.4225390e-06 2.8693933e-06]
sorted_probs shape: (64, 9)
sored_probs sample: [9.9996078e-01 3.4688572e-05 2.0708228e-06 1.8917734e-06 2.6412081e-07
 1.6698098e-07 1.1866296e-07 2.3775087e-08 1.4476587e-09]
sorted_probs shape: (64, 9)
sored_probs sample: [9.9790084e-01 9.4449485e-04 5.4938986e-04 2.5443122e-04 1.2984383e-04
 1.1696765e-04 6.4792861e-05 2.3532843e-05 1.5636835e-05]
sorted_probs shape: (64, 9)
sored_probs sample: [9.6551412e-01 3.4323286e-02 1.2079451e-04 3.5235938e-05 6.1797814e-06
 2.1729400e-07 1.2750115e-07 7.0707152e-08 4.6154348e-08]
sorted_probs shape: (64, 9)
sored_probs sample: [9.9997842e-01 1.1093527e-05 4.5583397e-06 3.3113672e-06 1.8806110e-06
 5.3973440e-07 2.2349481e-07 2.1251179e-08 5.0959548e-09]
sorted_probs shape: (64, 9)
sored_probs sample: [9.9986756e-01 9.6912881e-05 2.0977837e-05 6.7331839e-06 4.2255347e-06
 2.3829507e-06 6.2881946e-07 5.2993835e-07 4.3766892e-08]
sorted_probs shape: (64, 9)
sored_probs sample: [9.0078759e-01 9.2784822e-02 1.8671528e-03 1.4335327e-03 1.3187464e-03
 1.3167181e-03 3.1520193e-04 1.5646036e-04 1.9778545e-05]
sorted_probs shape: (64, 9)
sored_probs sample: [9.62270796e-01 2.71502156e-02 5.49287768e-03 4.96499892e-03
 1.18615004e-04 2.20631136e-06 1.77727543e-07 1.11960368e-07
 6.21718854e-09]
sorted_probs shape: (64, 9)
sored_probs sample: [9.7568727e-01 1.8893883e-02 4.9353559e-03 2.9562219e-04 1.0281672e-04
 5.6692908e-05 1.9771538e-05 7.9109423e-06 7.6958219e-07]
sorted_probs shape: (64, 9)
sored_probs sample: [9.4007397e-01 4.2485833e-02 1.3987904e-02 2.8940840e-03 2.8128957e-04
 1.3730192e-04 1.0587350e-04 3.2592165e-05 1.2025665e-06]
sorted_probs shape: (64, 9)
sored_probs sample: [6.1581987e-01 2.5258493e-01 6.3084118e-02 4.3256614e-02 1.6241403e-02
 7.2709895e-03 1.4395826e-03 1.6261978e-04 1.3983998e-04]
sorted_probs shape: (64, 9)
sored_probs sample: [9.9944848e-01 3.5459938e-04 1.8038363e-04 7.7699578e-06 4.3979585e-06
 1.6893176e-06 1.4852321e-06 1.1293944e-06 4.5194820e-08]
sorted_probs shape: (64, 9)
sored_probs sample: [9.9975842e-01 1.7064101e-04 3.9638027e-05 1.0248573e-05 9.1568463e-06
 8.6908767e-06 3.0572564e-06 1.6079919e-07 1.3650329e-08]
sorted_probs shape: (64, 9)
sored_probs sample: [9.3122923e-01 5.7327900e-02 1.0840891e-02 3.8832918e-04 9.1307040e-05
 8.9237510e-05 3.2123178e-05 6.2443428e-07 4.0203474e-07]
sorted_probs shape: (64, 9)
sored_probs sample: [8.7347847e-01 1.0734080e-01 1.7004801e-02 1.1772262e-03 8.5201365e-04
 7.3784693e-05 3.5934183e-05 2.2583081e-05 1.4410712e-05]
sorted_probs shape: (64, 9)
sored_probs sample: [9.4465709e-01 5.4503288e-02 8.0890890e-04 1.6473059e-05 1.3536587e-05
 2.8826074e-07 2.2502950e-07 6.1214500e-08 3.7269661e-08]
sorted_probs shape: (64, 9)
sored_probs sample: [7.5597721e-01 2.3532461e-01 3.6637255e-03 1.8150945e-03 1.6850258e-03
 1.0804152e-03 4.1238731e-04 3.5356057e-05 6.1367173e-06]
sorted_probs shape: (64, 9)
sored_probs sample: [8.5849881e-01 7.3486038e-02 4.8815917e-02 8.0930246e-03 6.3784244e-03
 4.3790489e-03 2.3233087e-04 7.7525692e-05 3.8883751e-05]
sorted_probs shape: (64, 9)
sored_probs sample: [8.5282195e-01 9.4088316e-02 4.8203029e-02 3.5128901e-03 7.4137247e-04
 3.6124475e-04 1.5843457e-04 1.1234468e-04 4.2774863e-07]
sorted_probs shape: (64, 9)
sored_probs sample: [9.9996758e-01 2.6160998e-05 3.5402054e-06 2.3043410e-06 2.1538501e-07
 1.5990599e-07 1.1112360e-07 1.2439810e-08 2.2502000e-09]
sorted_probs shape: (64, 9)
sored_probs sample: [7.1295142e-01 1.9032191e-01 7.7825002e-02 1.4816396e-02 3.0359384e-03
 3.6732364e-04 2.8638271e-04 1.9858142e-04 1.9701669e-04]
sorted_probs shape: (64, 9)
sored_probs sample: [9.4050485e-01 3.3646815e-02 1.8010164e-02 3.7159198e-03 2.9879673e-03
 5.8801787e-04 3.8517467e-04 1.6030289e-04 7.6601816e-07]
sorted_probs shape: (64, 9)
sored_probs sample: [9.99991059e-01 8.66888240e-06 1.26428702e-07 1.15443484e-07
 4.03560882e-08 6.16391516e-09 6.66877054e-10 2.32959034e-11
 6.15824102e-12]
sorted_probs shape: (64, 9)
sored_probs sample: [6.5326506e-01 2.0719258e-01 1.3469808e-01 2.8080989e-03 1.4663204e-03
 4.5053923e-04 6.1145991e-05 3.7457263e-05 2.0696045e-05]
sorted_probs shape: (64, 9)
sored_probs sample: [4.6002522e-01 4.1316730e-01 5.2530203e-02 5.0475944e-02 1.8727131e-02
 4.8113591e-03 2.0664081e-04 5.4114756e-05 2.1192279e-06]
sorted_probs shape: (64, 9)
sored_probs sample: [9.9020094e-01 9.6218111e-03 1.6059644e-04 1.3607673e-05 2.8734746e-06
 7.2041352e-08 5.2376667e-08 1.6522691e-08 1.5647906e-08]
sorted_probs shape: (64, 9)
sored_probs sample: [9.9969149e-01 2.8894108e-04 1.0643815e-05 4.5984830e-06 2.6604007e-06
 9.5326004e-07 6.8234880e-07 2.3316337e-08 5.3141578e-11]
sorted_probs shape: (64, 9)
sored_probs sample: [6.0022873e-01 3.9083391e-01 8.7894071e-03 8.1788727e-05 5.6795074e-05
 8.3161412e-06 8.1356200e-07 1.9618962e-07 1.3664787e-07]
sorted_probs shape: (64, 9)
sored_probs sample: [4.8401326e-01 1.9646870e-01 1.2227213e-01 8.2929380e-02 6.0311090e-02
 4.8233137e-02 3.7214668e-03 1.7466284e-03 3.0424030e-04]
sorted_probs shape: (64, 9)
sored_probs sample: [8.3106869e-01 1.2870076e-01 3.6329463e-02 3.7482053e-03 5.3793963e-05
 5.0118724e-05 4.6407044e-05 2.2574138e-06 2.4949705e-07]
sorted_probs shape: (64, 9)
sored_probs sample: [9.9988389e-01 9.6772601e-05 8.2632450e-06 4.7134981e-06 3.4070094e-06
 1.2901332e-06 9.3809172e-07 7.1481298e-07 5.2988685e-09]
sorted_probs shape: (64, 9)
sored_probs sample: [5.3930014e-01 3.5968560e-01 7.8314640e-02 1.7021170e-02 2.9887161e-03
 2.3841134e-03 2.1386439e-04 5.4774991e-05 3.6961312e-05]
sorted_probs shape: (64, 9)
sored_probs sample: [9.8861527e-01 1.1200379e-02 6.6742025e-05 5.3880540e-05 4.0200663e-05
 1.9626425e-05 1.8964373e-06 1.7342248e-06 2.2553021e-07]
sorted_probs shape: (64, 9)
sored_probs sample: [9.9989021e-01 9.9801808e-05 8.2035840e-06 6.6536501e-07 4.7176314e-07
 3.0909314e-07 1.3670376e-07 7.7562042e-08 7.1594388e-09]
sorted_probs shape: (64, 9)
sored_probs sample: [9.4784713e-01 4.3843627e-02 6.2928111e-03 8.6691679e-04 8.4330118e-04
 1.8461632e-04 9.8952383e-05 2.1411446e-05 1.3365420e-06]
sorted_probs shape: (64, 9)
sored_probs sample: [9.99941826e-01 2.72594880e-05 1.37913075e-05 9.33730098e-06
 5.35869367e-06 1.56180568e-06 8.35261005e-07 8.08536882e-08
 1.58492597e-08]
sorted_probs shape: (64, 9)
sored_probs sample: [9.6517056e-01 2.5527589e-02 3.3831093e-03 1.9877683e-03 1.0294748e-03
 1.0144571e-03 9.4052951e-04 6.4266229e-04 3.0390150e-04]
sorted_probs shape: (48, 9)
sored_probs sample: [7.6313895e-01 2.3025095e-01 6.0284543e-03 4.1758438e-04 6.5164510e-05
 5.6362383e-05 3.7597325e-05 4.4873550e-06 4.8372470e-07]

--- Attack Dataset ---
(42000, 9) (42000,)

--- Training Attack Model ---
Attack model training accuracy: 0.6465
Loading model...

--- Predicting Membership ---
Saved: /scratch/bjoshi/TML/submission.csv
Successfully submitted.
Server response: {'submission_id': 857, 'status': 'success', 'message': 'Submission evaluated successfully! Check the leaderboard to see your score.'}
Submission ID: 857
