no change     /scratch/bjoshi/miniconda3/condabin/conda
no change     /scratch/bjoshi/miniconda3/bin/conda
no change     /scratch/bjoshi/miniconda3/bin/conda-env
no change     /scratch/bjoshi/miniconda3/bin/activate
no change     /scratch/bjoshi/miniconda3/bin/deactivate
no change     /scratch/bjoshi/miniconda3/etc/profile.d/conda.sh
no change     /scratch/bjoshi/miniconda3/etc/fish/conf.d/conda.fish
no change     /scratch/bjoshi/miniconda3/shell/condabin/Conda.psm1
no change     /scratch/bjoshi/miniconda3/shell/condabin/conda-hook.ps1
no change     /scratch/bjoshi/miniconda3/lib/python3.13/site-packages/xontrib/conda.xsh
no change     /scratch/bjoshi/miniconda3/etc/profile.d/conda.csh
no change     /nethome/bjoshi/.bashrc
No action taken.
Loading datasets...

--- Training 80 Shadow Models ---
Shadow Model 1/80, Epoch 1/20, Loss: 1.0885, Correct: 4189, Accuracy: 0.5984
Shadow Model 1/80, Epoch 2/20, Loss: 0.8114, Correct: 4936, Accuracy: 0.7051
Shadow Model 1/80, Epoch 3/20, Loss: 0.6693, Correct: 5322, Accuracy: 0.7603
Shadow Model 1/80, Epoch 4/20, Loss: 0.5892, Correct: 5499, Accuracy: 0.7856
Shadow Model 1/80, Epoch 5/20, Loss: 0.5280, Correct: 5663, Accuracy: 0.8090
Shadow Model 1/80, Epoch 6/20, Loss: 0.4564, Correct: 5880, Accuracy: 0.8400
Shadow Model 1/80, Epoch 7/20, Loss: 0.4041, Correct: 5985, Accuracy: 0.8550
Shadow Model 1/80, Epoch 8/20, Loss: 0.3640, Correct: 6090, Accuracy: 0.8700
Shadow Model 1/80, Epoch 9/20, Loss: 0.3508, Correct: 6137, Accuracy: 0.8767
Shadow Model 1/80, Epoch 10/20, Loss: 0.3138, Correct: 6216, Accuracy: 0.8880
Shadow Model 1/80, Epoch 11/20, Loss: 0.2672, Correct: 6359, Accuracy: 0.9084
Shadow Model 1/80, Epoch 12/20, Loss: 0.2005, Correct: 6510, Accuracy: 0.9300
Shadow Model 1/80, Epoch 13/20, Loss: 0.2013, Correct: 6483, Accuracy: 0.9261
Shadow Model 1/80, Epoch 14/20, Loss: 0.1755, Correct: 6587, Accuracy: 0.9410
Shadow Model 1/80, Epoch 15/20, Loss: 0.1332, Correct: 6672, Accuracy: 0.9531
Shadow Model 1/80, Epoch 16/20, Loss: 0.1055, Correct: 6755, Accuracy: 0.9650
Shadow Model 1/80, Epoch 17/20, Loss: 0.1440, Correct: 6662, Accuracy: 0.9517
Shadow Model 1/80, Epoch 18/20, Loss: 0.0856, Correct: 6774, Accuracy: 0.9677
Shadow Model 1/80, Epoch 19/20, Loss: 0.0822, Correct: 6785, Accuracy: 0.9693
Shadow Model 1/80, Epoch 20/20, Loss: 0.0488, Correct: 6886, Accuracy: 0.9837
Shadow Model 2/80, Epoch 1/20, Loss: 1.1261, Correct: 4132, Accuracy: 0.5903
Shadow Model 2/80, Epoch 2/20, Loss: 0.8110, Correct: 4945, Accuracy: 0.7064
Shadow Model 2/80, Epoch 3/20, Loss: 0.6647, Correct: 5359, Accuracy: 0.7656
Shadow Model 2/80, Epoch 4/20, Loss: 0.5806, Correct: 5587, Accuracy: 0.7981
Shadow Model 2/80, Epoch 5/20, Loss: 0.5381, Correct: 5686, Accuracy: 0.8123
Shadow Model 2/80, Epoch 6/20, Loss: 0.4611, Correct: 5880, Accuracy: 0.8400
Shadow Model 2/80, Epoch 7/20, Loss: 0.4335, Correct: 5940, Accuracy: 0.8486
Shadow Model 2/80, Epoch 8/20, Loss: 0.3703, Correct: 6098, Accuracy: 0.8711
Shadow Model 2/80, Epoch 9/20, Loss: 0.3288, Correct: 6204, Accuracy: 0.8863
Shadow Model 2/80, Epoch 10/20, Loss: 0.3248, Correct: 6210, Accuracy: 0.8871
Shadow Model 2/80, Epoch 11/20, Loss: 0.2819, Correct: 6307, Accuracy: 0.9010
Shadow Model 2/80, Epoch 12/20, Loss: 0.2402, Correct: 6419, Accuracy: 0.9170
Shadow Model 2/80, Epoch 13/20, Loss: 0.2427, Correct: 6458, Accuracy: 0.9226
Shadow Model 2/80, Epoch 14/20, Loss: 0.2121, Correct: 6492, Accuracy: 0.9274
Shadow Model 2/80, Epoch 15/20, Loss: 0.1527, Correct: 6628, Accuracy: 0.9469
Shadow Model 2/80, Epoch 16/20, Loss: 0.1266, Correct: 6688, Accuracy: 0.9554
Shadow Model 2/80, Epoch 17/20, Loss: 0.1108, Correct: 6736, Accuracy: 0.9623
Shadow Model 2/80, Epoch 18/20, Loss: 0.0907, Correct: 6792, Accuracy: 0.9703
Shadow Model 2/80, Epoch 19/20, Loss: 0.0791, Correct: 6811, Accuracy: 0.9730
Shadow Model 2/80, Epoch 20/20, Loss: 0.0587, Correct: 6852, Accuracy: 0.9789
Shadow Model 3/80, Epoch 1/20, Loss: 1.0960, Correct: 4211, Accuracy: 0.6016
Shadow Model 3/80, Epoch 2/20, Loss: 0.8174, Correct: 4925, Accuracy: 0.7036
Shadow Model 3/80, Epoch 3/20, Loss: 0.7072, Correct: 5252, Accuracy: 0.7503
Shadow Model 3/80, Epoch 4/20, Loss: 0.6021, Correct: 5541, Accuracy: 0.7916
Shadow Model 3/80, Epoch 5/20, Loss: 0.4996, Correct: 5779, Accuracy: 0.8256
Shadow Model 3/80, Epoch 6/20, Loss: 0.4898, Correct: 5792, Accuracy: 0.8274
Shadow Model 3/80, Epoch 7/20, Loss: 0.4047, Correct: 6038, Accuracy: 0.8626
Shadow Model 3/80, Epoch 8/20, Loss: 0.3727, Correct: 6078, Accuracy: 0.8683
Shadow Model 3/80, Epoch 9/20, Loss: 0.3386, Correct: 6178, Accuracy: 0.8826
Shadow Model 3/80, Epoch 10/20, Loss: 0.2985, Correct: 6254, Accuracy: 0.8934
Shadow Model 3/80, Epoch 11/20, Loss: 0.2665, Correct: 6323, Accuracy: 0.9033
Shadow Model 3/80, Epoch 12/20, Loss: 0.2306, Correct: 6454, Accuracy: 0.9220
Shadow Model 3/80, Epoch 13/20, Loss: 0.2117, Correct: 6453, Accuracy: 0.9219
Shadow Model 3/80, Epoch 14/20, Loss: 0.1761, Correct: 6575, Accuracy: 0.9393
Shadow Model 3/80, Epoch 15/20, Loss: 0.1688, Correct: 6597, Accuracy: 0.9424
Shadow Model 3/80, Epoch 16/20, Loss: 0.1112, Correct: 6726, Accuracy: 0.9609
Shadow Model 3/80, Epoch 17/20, Loss: 0.1172, Correct: 6725, Accuracy: 0.9607
Shadow Model 3/80, Epoch 18/20, Loss: 0.0905, Correct: 6782, Accuracy: 0.9689
Shadow Model 3/80, Epoch 19/20, Loss: 0.1155, Correct: 6709, Accuracy: 0.9584
Shadow Model 3/80, Epoch 20/20, Loss: 0.0832, Correct: 6821, Accuracy: 0.9744
Shadow Model 4/80, Epoch 1/20, Loss: 1.1294, Correct: 4163, Accuracy: 0.5947
Shadow Model 4/80, Epoch 2/20, Loss: 0.8018, Correct: 4987, Accuracy: 0.7124
Shadow Model 4/80, Epoch 3/20, Loss: 0.6979, Correct: 5289, Accuracy: 0.7556
Shadow Model 4/80, Epoch 4/20, Loss: 0.5698, Correct: 5604, Accuracy: 0.8006
Shadow Model 4/80, Epoch 5/20, Loss: 0.5104, Correct: 5740, Accuracy: 0.8200
Shadow Model 4/80, Epoch 6/20, Loss: 0.4420, Correct: 5922, Accuracy: 0.8460
Shadow Model 4/80, Epoch 7/20, Loss: 0.4160, Correct: 5971, Accuracy: 0.8530
Shadow Model 4/80, Epoch 8/20, Loss: 0.3462, Correct: 6148, Accuracy: 0.8783
Shadow Model 4/80, Epoch 9/20, Loss: 0.3400, Correct: 6155, Accuracy: 0.8793
Shadow Model 4/80, Epoch 10/20, Loss: 0.2788, Correct: 6332, Accuracy: 0.9046
Shadow Model 4/80, Epoch 11/20, Loss: 0.2608, Correct: 6376, Accuracy: 0.9109
Shadow Model 4/80, Epoch 12/20, Loss: 0.2252, Correct: 6442, Accuracy: 0.9203
Shadow Model 4/80, Epoch 13/20, Loss: 0.1818, Correct: 6574, Accuracy: 0.9391
Shadow Model 4/80, Epoch 14/20, Loss: 0.1648, Correct: 6601, Accuracy: 0.9430
Shadow Model 4/80, Epoch 15/20, Loss: 0.1396, Correct: 6662, Accuracy: 0.9517
Shadow Model 4/80, Epoch 16/20, Loss: 0.1289, Correct: 6692, Accuracy: 0.9560
Shadow Model 4/80, Epoch 17/20, Loss: 0.0922, Correct: 6778, Accuracy: 0.9683
Shadow Model 4/80, Epoch 18/20, Loss: 0.0903, Correct: 6783, Accuracy: 0.9690
Shadow Model 4/80, Epoch 19/20, Loss: 0.0577, Correct: 6865, Accuracy: 0.9807
Shadow Model 4/80, Epoch 20/20, Loss: 0.0831, Correct: 6807, Accuracy: 0.9724
Shadow Model 5/80, Epoch 1/20, Loss: 1.0969, Correct: 4237, Accuracy: 0.6053
Shadow Model 5/80, Epoch 2/20, Loss: 0.8262, Correct: 4882, Accuracy: 0.6974
Shadow Model 5/80, Epoch 3/20, Loss: 0.6853, Correct: 5254, Accuracy: 0.7506
Shadow Model 5/80, Epoch 4/20, Loss: 0.5723, Correct: 5573, Accuracy: 0.7961
Shadow Model 5/80, Epoch 5/20, Loss: 0.5258, Correct: 5722, Accuracy: 0.8174
Shadow Model 5/80, Epoch 6/20, Loss: 0.4498, Correct: 5858, Accuracy: 0.8369
Shadow Model 5/80, Epoch 7/20, Loss: 0.4174, Correct: 5965, Accuracy: 0.8521
Shadow Model 5/80, Epoch 8/20, Loss: 0.3873, Correct: 6064, Accuracy: 0.8663
Shadow Model 5/80, Epoch 9/20, Loss: 0.3372, Correct: 6190, Accuracy: 0.8843
Shadow Model 5/80, Epoch 10/20, Loss: 0.3334, Correct: 6164, Accuracy: 0.8806
Shadow Model 5/80, Epoch 11/20, Loss: 0.2943, Correct: 6300, Accuracy: 0.9000
Shadow Model 5/80, Epoch 12/20, Loss: 0.2602, Correct: 6368, Accuracy: 0.9097
Shadow Model 5/80, Epoch 13/20, Loss: 0.1991, Correct: 6509, Accuracy: 0.9299
Shadow Model 5/80, Epoch 14/20, Loss: 0.1866, Correct: 6542, Accuracy: 0.9346
Shadow Model 5/80, Epoch 15/20, Loss: 0.1631, Correct: 6596, Accuracy: 0.9423
Shadow Model 5/80, Epoch 16/20, Loss: 0.1355, Correct: 6677, Accuracy: 0.9539
Shadow Model 5/80, Epoch 17/20, Loss: 0.1337, Correct: 6659, Accuracy: 0.9513
Shadow Model 5/80, Epoch 18/20, Loss: 0.1101, Correct: 6751, Accuracy: 0.9644
Shadow Model 5/80, Epoch 19/20, Loss: 0.0949, Correct: 6783, Accuracy: 0.9690
Shadow Model 5/80, Epoch 20/20, Loss: 0.0831, Correct: 6814, Accuracy: 0.9734
Shadow Model 6/80, Epoch 1/20, Loss: 1.0773, Correct: 4227, Accuracy: 0.6039
Shadow Model 6/80, Epoch 2/20, Loss: 0.7963, Correct: 4974, Accuracy: 0.7106
Shadow Model 6/80, Epoch 3/20, Loss: 0.6635, Correct: 5346, Accuracy: 0.7637
Shadow Model 6/80, Epoch 4/20, Loss: 0.5524, Correct: 5629, Accuracy: 0.8041
Shadow Model 6/80, Epoch 5/20, Loss: 0.4771, Correct: 5806, Accuracy: 0.8294
Shadow Model 6/80, Epoch 6/20, Loss: 0.4515, Correct: 5885, Accuracy: 0.8407
Shadow Model 6/80, Epoch 7/20, Loss: 0.4121, Correct: 5997, Accuracy: 0.8567
Shadow Model 6/80, Epoch 8/20, Loss: 0.3331, Correct: 6165, Accuracy: 0.8807
Shadow Model 6/80, Epoch 9/20, Loss: 0.3001, Correct: 6267, Accuracy: 0.8953
Shadow Model 6/80, Epoch 10/20, Loss: 0.2505, Correct: 6373, Accuracy: 0.9104
Shadow Model 6/80, Epoch 11/20, Loss: 0.2311, Correct: 6437, Accuracy: 0.9196
Shadow Model 6/80, Epoch 12/20, Loss: 0.1969, Correct: 6505, Accuracy: 0.9293
Shadow Model 6/80, Epoch 13/20, Loss: 0.1634, Correct: 6614, Accuracy: 0.9449
Shadow Model 6/80, Epoch 14/20, Loss: 0.1583, Correct: 6621, Accuracy: 0.9459
Shadow Model 6/80, Epoch 15/20, Loss: 0.1196, Correct: 6727, Accuracy: 0.9610
Shadow Model 6/80, Epoch 16/20, Loss: 0.1209, Correct: 6714, Accuracy: 0.9591
Shadow Model 6/80, Epoch 17/20, Loss: 0.0850, Correct: 6804, Accuracy: 0.9720
Shadow Model 6/80, Epoch 18/20, Loss: 0.0722, Correct: 6826, Accuracy: 0.9751
Shadow Model 6/80, Epoch 19/20, Loss: 0.0599, Correct: 6857, Accuracy: 0.9796
Shadow Model 6/80, Epoch 20/20, Loss: 0.0640, Correct: 6855, Accuracy: 0.9793
Shadow Model 7/80, Epoch 1/20, Loss: 1.1189, Correct: 4163, Accuracy: 0.5947
Shadow Model 7/80, Epoch 2/20, Loss: 0.7645, Correct: 5065, Accuracy: 0.7236
Shadow Model 7/80, Epoch 3/20, Loss: 0.6207, Correct: 5432, Accuracy: 0.7760
Shadow Model 7/80, Epoch 4/20, Loss: 0.5276, Correct: 5727, Accuracy: 0.8181
Shadow Model 7/80, Epoch 5/20, Loss: 0.4670, Correct: 5836, Accuracy: 0.8337
Shadow Model 7/80, Epoch 6/20, Loss: 0.4094, Correct: 5973, Accuracy: 0.8533
Shadow Model 7/80, Epoch 7/20, Loss: 0.3692, Correct: 6120, Accuracy: 0.8743
Shadow Model 7/80, Epoch 8/20, Loss: 0.3601, Correct: 6135, Accuracy: 0.8764
Shadow Model 7/80, Epoch 9/20, Loss: 0.2933, Correct: 6268, Accuracy: 0.8954
Shadow Model 7/80, Epoch 10/20, Loss: 0.2690, Correct: 6367, Accuracy: 0.9096
Shadow Model 7/80, Epoch 11/20, Loss: 0.2207, Correct: 6465, Accuracy: 0.9236
Shadow Model 7/80, Epoch 12/20, Loss: 0.1801, Correct: 6552, Accuracy: 0.9360
Shadow Model 7/80, Epoch 13/20, Loss: 0.1952, Correct: 6534, Accuracy: 0.9334
Shadow Model 7/80, Epoch 14/20, Loss: 0.1416, Correct: 6681, Accuracy: 0.9544
Shadow Model 7/80, Epoch 15/20, Loss: 0.1062, Correct: 6743, Accuracy: 0.9633
Shadow Model 7/80, Epoch 16/20, Loss: 0.1125, Correct: 6728, Accuracy: 0.9611
Shadow Model 7/80, Epoch 17/20, Loss: 0.0908, Correct: 6782, Accuracy: 0.9689
Shadow Model 7/80, Epoch 18/20, Loss: 0.0899, Correct: 6790, Accuracy: 0.9700
Shadow Model 7/80, Epoch 19/20, Loss: 0.0716, Correct: 6837, Accuracy: 0.9767
Shadow Model 7/80, Epoch 20/20, Loss: 0.0710, Correct: 6836, Accuracy: 0.9766
Shadow Model 8/80, Epoch 1/20, Loss: 1.0743, Correct: 4257, Accuracy: 0.6081
Shadow Model 8/80, Epoch 2/20, Loss: 0.7520, Correct: 5083, Accuracy: 0.7261
Shadow Model 8/80, Epoch 3/20, Loss: 0.6673, Correct: 5343, Accuracy: 0.7633
Shadow Model 8/80, Epoch 4/20, Loss: 0.5743, Correct: 5587, Accuracy: 0.7981
Shadow Model 8/80, Epoch 5/20, Loss: 0.4997, Correct: 5766, Accuracy: 0.8237
Shadow Model 8/80, Epoch 6/20, Loss: 0.4511, Correct: 5891, Accuracy: 0.8416
Shadow Model 8/80, Epoch 7/20, Loss: 0.4067, Correct: 5991, Accuracy: 0.8559
Shadow Model 8/80, Epoch 8/20, Loss: 0.3446, Correct: 6184, Accuracy: 0.8834
Shadow Model 8/80, Epoch 9/20, Loss: 0.3292, Correct: 6182, Accuracy: 0.8831
Shadow Model 8/80, Epoch 10/20, Loss: 0.2899, Correct: 6263, Accuracy: 0.8947
Shadow Model 8/80, Epoch 11/20, Loss: 0.2688, Correct: 6310, Accuracy: 0.9014
Shadow Model 8/80, Epoch 12/20, Loss: 0.2215, Correct: 6466, Accuracy: 0.9237
Shadow Model 8/80, Epoch 13/20, Loss: 0.2653, Correct: 6334, Accuracy: 0.9049
Shadow Model 8/80, Epoch 14/20, Loss: 0.1831, Correct: 6542, Accuracy: 0.9346
Shadow Model 8/80, Epoch 15/20, Loss: 0.1408, Correct: 6677, Accuracy: 0.9539
Shadow Model 8/80, Epoch 16/20, Loss: 0.1400, Correct: 6671, Accuracy: 0.9530
Shadow Model 8/80, Epoch 17/20, Loss: 0.1480, Correct: 6640, Accuracy: 0.9486
Shadow Model 8/80, Epoch 18/20, Loss: 0.0996, Correct: 6765, Accuracy: 0.9664
Shadow Model 8/80, Epoch 19/20, Loss: 0.0850, Correct: 6797, Accuracy: 0.9710
Shadow Model 8/80, Epoch 20/20, Loss: 0.0759, Correct: 6835, Accuracy: 0.9764
Shadow Model 9/80, Epoch 1/20, Loss: 1.0988, Correct: 4195, Accuracy: 0.5993
Shadow Model 9/80, Epoch 2/20, Loss: 0.8019, Correct: 4967, Accuracy: 0.7096
Shadow Model 9/80, Epoch 3/20, Loss: 0.6801, Correct: 5280, Accuracy: 0.7543
Shadow Model 9/80, Epoch 4/20, Loss: 0.5651, Correct: 5592, Accuracy: 0.7989
Shadow Model 9/80, Epoch 5/20, Loss: 0.5144, Correct: 5721, Accuracy: 0.8173
Shadow Model 9/80, Epoch 6/20, Loss: 0.4575, Correct: 5865, Accuracy: 0.8379
Shadow Model 9/80, Epoch 7/20, Loss: 0.4407, Correct: 5908, Accuracy: 0.8440
Shadow Model 9/80, Epoch 8/20, Loss: 0.4114, Correct: 5986, Accuracy: 0.8551
Shadow Model 9/80, Epoch 9/20, Loss: 0.3366, Correct: 6137, Accuracy: 0.8767
Shadow Model 9/80, Epoch 10/20, Loss: 0.2983, Correct: 6264, Accuracy: 0.8949
Shadow Model 9/80, Epoch 11/20, Loss: 0.2537, Correct: 6350, Accuracy: 0.9071
Shadow Model 9/80, Epoch 12/20, Loss: 0.2301, Correct: 6426, Accuracy: 0.9180
Shadow Model 9/80, Epoch 13/20, Loss: 0.1943, Correct: 6524, Accuracy: 0.9320
Shadow Model 9/80, Epoch 14/20, Loss: 0.1823, Correct: 6551, Accuracy: 0.9359
Shadow Model 9/80, Epoch 15/20, Loss: 0.1593, Correct: 6599, Accuracy: 0.9427
Shadow Model 9/80, Epoch 16/20, Loss: 0.1441, Correct: 6637, Accuracy: 0.9481
Shadow Model 9/80, Epoch 17/20, Loss: 0.1716, Correct: 6591, Accuracy: 0.9416
Shadow Model 9/80, Epoch 18/20, Loss: 0.0857, Correct: 6803, Accuracy: 0.9719
Shadow Model 9/80, Epoch 19/20, Loss: 0.1038, Correct: 6744, Accuracy: 0.9634
Shadow Model 9/80, Epoch 20/20, Loss: 0.0827, Correct: 6799, Accuracy: 0.9713
Shadow Model 10/80, Epoch 1/20, Loss: 1.1201, Correct: 4014, Accuracy: 0.5734
Shadow Model 10/80, Epoch 2/20, Loss: 0.8472, Correct: 4821, Accuracy: 0.6887
Shadow Model 10/80, Epoch 3/20, Loss: 0.7092, Correct: 5173, Accuracy: 0.7390
Shadow Model 10/80, Epoch 4/20, Loss: 0.6166, Correct: 5431, Accuracy: 0.7759
Shadow Model 10/80, Epoch 5/20, Loss: 0.5267, Correct: 5674, Accuracy: 0.8106
Shadow Model 10/80, Epoch 6/20, Loss: 0.4777, Correct: 5805, Accuracy: 0.8293
Shadow Model 10/80, Epoch 7/20, Loss: 0.4185, Correct: 5964, Accuracy: 0.8520
Shadow Model 10/80, Epoch 8/20, Loss: 0.3818, Correct: 6038, Accuracy: 0.8626
Shadow Model 10/80, Epoch 9/20, Loss: 0.3245, Correct: 6181, Accuracy: 0.8830
Shadow Model 10/80, Epoch 10/20, Loss: 0.2971, Correct: 6247, Accuracy: 0.8924
Shadow Model 10/80, Epoch 11/20, Loss: 0.2562, Correct: 6362, Accuracy: 0.9089
Shadow Model 10/80, Epoch 12/20, Loss: 0.2136, Correct: 6469, Accuracy: 0.9241
Shadow Model 10/80, Epoch 13/20, Loss: 0.2120, Correct: 6474, Accuracy: 0.9249
Shadow Model 10/80, Epoch 14/20, Loss: 0.2080, Correct: 6500, Accuracy: 0.9286
Shadow Model 10/80, Epoch 15/20, Loss: 0.1397, Correct: 6649, Accuracy: 0.9499
Shadow Model 10/80, Epoch 16/20, Loss: 0.1449, Correct: 6661, Accuracy: 0.9516
Shadow Model 10/80, Epoch 17/20, Loss: 0.1229, Correct: 6706, Accuracy: 0.9580
Shadow Model 10/80, Epoch 18/20, Loss: 0.0890, Correct: 6791, Accuracy: 0.9701
Shadow Model 10/80, Epoch 19/20, Loss: 0.0751, Correct: 6816, Accuracy: 0.9737
Shadow Model 10/80, Epoch 20/20, Loss: 0.0715, Correct: 6820, Accuracy: 0.9743
Shadow Model 11/80, Epoch 1/20, Loss: 1.1191, Correct: 4169, Accuracy: 0.5956
Shadow Model 11/80, Epoch 2/20, Loss: 0.7910, Correct: 5013, Accuracy: 0.7161
Shadow Model 11/80, Epoch 3/20, Loss: 0.6969, Correct: 5243, Accuracy: 0.7490
Shadow Model 11/80, Epoch 4/20, Loss: 0.6140, Correct: 5500, Accuracy: 0.7857
Shadow Model 11/80, Epoch 5/20, Loss: 0.5200, Correct: 5692, Accuracy: 0.8131
Shadow Model 11/80, Epoch 6/20, Loss: 0.4743, Correct: 5866, Accuracy: 0.8380
Shadow Model 11/80, Epoch 7/20, Loss: 0.4032, Correct: 6021, Accuracy: 0.8601
Shadow Model 11/80, Epoch 8/20, Loss: 0.3633, Correct: 6098, Accuracy: 0.8711
Shadow Model 11/80, Epoch 9/20, Loss: 0.3214, Correct: 6185, Accuracy: 0.8836
Shadow Model 11/80, Epoch 10/20, Loss: 0.2926, Correct: 6259, Accuracy: 0.8941
Shadow Model 11/80, Epoch 11/20, Loss: 0.2677, Correct: 6343, Accuracy: 0.9061
Shadow Model 11/80, Epoch 12/20, Loss: 0.2456, Correct: 6397, Accuracy: 0.9139
Shadow Model 11/80, Epoch 13/20, Loss: 0.1844, Correct: 6548, Accuracy: 0.9354
Shadow Model 11/80, Epoch 14/20, Loss: 0.1561, Correct: 6606, Accuracy: 0.9437
Shadow Model 11/80, Epoch 15/20, Loss: 0.1366, Correct: 6682, Accuracy: 0.9546
Shadow Model 11/80, Epoch 16/20, Loss: 0.1491, Correct: 6626, Accuracy: 0.9466
Shadow Model 11/80, Epoch 17/20, Loss: 0.1221, Correct: 6701, Accuracy: 0.9573
Shadow Model 11/80, Epoch 18/20, Loss: 0.0960, Correct: 6776, Accuracy: 0.9680
Shadow Model 11/80, Epoch 19/20, Loss: 0.0917, Correct: 6793, Accuracy: 0.9704
Shadow Model 11/80, Epoch 20/20, Loss: 0.0666, Correct: 6850, Accuracy: 0.9786
Shadow Model 12/80, Epoch 1/20, Loss: 1.1335, Correct: 4060, Accuracy: 0.5800
Shadow Model 12/80, Epoch 2/20, Loss: 0.8711, Correct: 4821, Accuracy: 0.6887
Shadow Model 12/80, Epoch 3/20, Loss: 0.7389, Correct: 5184, Accuracy: 0.7406
Shadow Model 12/80, Epoch 4/20, Loss: 0.6188, Correct: 5498, Accuracy: 0.7854
Shadow Model 12/80, Epoch 5/20, Loss: 0.5398, Correct: 5697, Accuracy: 0.8139
Shadow Model 12/80, Epoch 6/20, Loss: 0.4786, Correct: 5790, Accuracy: 0.8271
Shadow Model 12/80, Epoch 7/20, Loss: 0.3936, Correct: 6029, Accuracy: 0.8613
Shadow Model 12/80, Epoch 8/20, Loss: 0.3755, Correct: 6060, Accuracy: 0.8657
Shadow Model 12/80, Epoch 9/20, Loss: 0.3736, Correct: 6091, Accuracy: 0.8701
Shadow Model 12/80, Epoch 10/20, Loss: 0.2899, Correct: 6309, Accuracy: 0.9013
Shadow Model 12/80, Epoch 11/20, Loss: 0.2506, Correct: 6366, Accuracy: 0.9094
Shadow Model 12/80, Epoch 12/20, Loss: 0.2411, Correct: 6425, Accuracy: 0.9179
Shadow Model 12/80, Epoch 13/20, Loss: 0.1997, Correct: 6494, Accuracy: 0.9277
Shadow Model 12/80, Epoch 14/20, Loss: 0.1875, Correct: 6540, Accuracy: 0.9343
Shadow Model 12/80, Epoch 15/20, Loss: 0.1432, Correct: 6643, Accuracy: 0.9490
Shadow Model 12/80, Epoch 16/20, Loss: 0.1420, Correct: 6649, Accuracy: 0.9499
Shadow Model 12/80, Epoch 17/20, Loss: 0.0977, Correct: 6775, Accuracy: 0.9679
Shadow Model 12/80, Epoch 18/20, Loss: 0.0809, Correct: 6814, Accuracy: 0.9734
Shadow Model 12/80, Epoch 19/20, Loss: 0.0637, Correct: 6845, Accuracy: 0.9779
Shadow Model 12/80, Epoch 20/20, Loss: 0.0966, Correct: 6759, Accuracy: 0.9656
Shadow Model 13/80, Epoch 1/20, Loss: 1.1148, Correct: 4168, Accuracy: 0.5954
Shadow Model 13/80, Epoch 2/20, Loss: 0.7893, Correct: 4982, Accuracy: 0.7117
Shadow Model 13/80, Epoch 3/20, Loss: 0.6655, Correct: 5311, Accuracy: 0.7587
Shadow Model 13/80, Epoch 4/20, Loss: 0.5701, Correct: 5586, Accuracy: 0.7980
Shadow Model 13/80, Epoch 5/20, Loss: 0.5188, Correct: 5693, Accuracy: 0.8133
Shadow Model 13/80, Epoch 6/20, Loss: 0.4760, Correct: 5814, Accuracy: 0.8306
Shadow Model 13/80, Epoch 7/20, Loss: 0.3918, Correct: 6039, Accuracy: 0.8627
Shadow Model 13/80, Epoch 8/20, Loss: 0.3650, Correct: 6086, Accuracy: 0.8694
Shadow Model 13/80, Epoch 9/20, Loss: 0.3129, Correct: 6206, Accuracy: 0.8866
Shadow Model 13/80, Epoch 10/20, Loss: 0.3219, Correct: 6230, Accuracy: 0.8900
Shadow Model 13/80, Epoch 11/20, Loss: 0.2431, Correct: 6423, Accuracy: 0.9176
Shadow Model 13/80, Epoch 12/20, Loss: 0.2413, Correct: 6426, Accuracy: 0.9180
Shadow Model 13/80, Epoch 13/20, Loss: 0.1758, Correct: 6563, Accuracy: 0.9376
Shadow Model 13/80, Epoch 14/20, Loss: 0.1695, Correct: 6595, Accuracy: 0.9421
Shadow Model 13/80, Epoch 15/20, Loss: 0.1128, Correct: 6709, Accuracy: 0.9584
Shadow Model 13/80, Epoch 16/20, Loss: 0.1253, Correct: 6698, Accuracy: 0.9569
Shadow Model 13/80, Epoch 17/20, Loss: 0.1007, Correct: 6765, Accuracy: 0.9664
Shadow Model 13/80, Epoch 18/20, Loss: 0.0762, Correct: 6833, Accuracy: 0.9761
Shadow Model 13/80, Epoch 19/20, Loss: 0.0877, Correct: 6791, Accuracy: 0.9701
Shadow Model 13/80, Epoch 20/20, Loss: 0.0551, Correct: 6881, Accuracy: 0.9830
Shadow Model 14/80, Epoch 1/20, Loss: 1.0827, Correct: 4262, Accuracy: 0.6089
Shadow Model 14/80, Epoch 2/20, Loss: 0.8186, Correct: 4940, Accuracy: 0.7057
Shadow Model 14/80, Epoch 3/20, Loss: 0.7129, Correct: 5199, Accuracy: 0.7427
Shadow Model 14/80, Epoch 4/20, Loss: 0.6254, Correct: 5428, Accuracy: 0.7754
Shadow Model 14/80, Epoch 5/20, Loss: 0.5572, Correct: 5617, Accuracy: 0.8024
Shadow Model 14/80, Epoch 6/20, Loss: 0.4899, Correct: 5804, Accuracy: 0.8291
Shadow Model 14/80, Epoch 7/20, Loss: 0.4322, Correct: 5938, Accuracy: 0.8483
Shadow Model 14/80, Epoch 8/20, Loss: 0.3854, Correct: 6043, Accuracy: 0.8633
Shadow Model 14/80, Epoch 9/20, Loss: 0.3628, Correct: 6102, Accuracy: 0.8717
Shadow Model 14/80, Epoch 10/20, Loss: 0.3429, Correct: 6145, Accuracy: 0.8779
Shadow Model 14/80, Epoch 11/20, Loss: 0.3036, Correct: 6230, Accuracy: 0.8900
Shadow Model 14/80, Epoch 12/20, Loss: 0.2794, Correct: 6310, Accuracy: 0.9014
Shadow Model 14/80, Epoch 13/20, Loss: 0.2379, Correct: 6427, Accuracy: 0.9181
Shadow Model 14/80, Epoch 14/20, Loss: 0.2297, Correct: 6461, Accuracy: 0.9230
Shadow Model 14/80, Epoch 15/20, Loss: 0.2086, Correct: 6518, Accuracy: 0.9311
Shadow Model 14/80, Epoch 16/20, Loss: 0.1686, Correct: 6577, Accuracy: 0.9396
Shadow Model 14/80, Epoch 17/20, Loss: 0.1656, Correct: 6613, Accuracy: 0.9447
Shadow Model 14/80, Epoch 18/20, Loss: 0.1131, Correct: 6730, Accuracy: 0.9614
Shadow Model 14/80, Epoch 19/20, Loss: 0.0835, Correct: 6792, Accuracy: 0.9703
Shadow Model 14/80, Epoch 20/20, Loss: 0.0967, Correct: 6765, Accuracy: 0.9664
Shadow Model 15/80, Epoch 1/20, Loss: 1.0926, Correct: 4219, Accuracy: 0.6027
Shadow Model 15/80, Epoch 2/20, Loss: 0.8314, Correct: 4892, Accuracy: 0.6989
Shadow Model 15/80, Epoch 3/20, Loss: 0.7105, Correct: 5206, Accuracy: 0.7437
Shadow Model 15/80, Epoch 4/20, Loss: 0.5782, Correct: 5593, Accuracy: 0.7990
Shadow Model 15/80, Epoch 5/20, Loss: 0.5185, Correct: 5736, Accuracy: 0.8194
Shadow Model 15/80, Epoch 6/20, Loss: 0.4689, Correct: 5849, Accuracy: 0.8356
Shadow Model 15/80, Epoch 7/20, Loss: 0.3902, Correct: 6033, Accuracy: 0.8619
Shadow Model 15/80, Epoch 8/20, Loss: 0.3929, Correct: 6019, Accuracy: 0.8599
Shadow Model 15/80, Epoch 9/20, Loss: 0.3347, Correct: 6171, Accuracy: 0.8816
Shadow Model 15/80, Epoch 10/20, Loss: 0.2984, Correct: 6274, Accuracy: 0.8963
Shadow Model 15/80, Epoch 11/20, Loss: 0.2798, Correct: 6326, Accuracy: 0.9037
Shadow Model 15/80, Epoch 12/20, Loss: 0.2685, Correct: 6358, Accuracy: 0.9083
Shadow Model 15/80, Epoch 13/20, Loss: 0.2019, Correct: 6492, Accuracy: 0.9274
Shadow Model 15/80, Epoch 14/20, Loss: 0.1556, Correct: 6618, Accuracy: 0.9454
Shadow Model 15/80, Epoch 15/20, Loss: 0.1570, Correct: 6610, Accuracy: 0.9443
Shadow Model 15/80, Epoch 16/20, Loss: 0.1186, Correct: 6705, Accuracy: 0.9579
Shadow Model 15/80, Epoch 17/20, Loss: 0.0897, Correct: 6789, Accuracy: 0.9699
Shadow Model 15/80, Epoch 18/20, Loss: 0.1085, Correct: 6733, Accuracy: 0.9619
Shadow Model 15/80, Epoch 19/20, Loss: 0.0818, Correct: 6828, Accuracy: 0.9754
Shadow Model 15/80, Epoch 20/20, Loss: 0.0808, Correct: 6813, Accuracy: 0.9733
Shadow Model 16/80, Epoch 1/20, Loss: 1.0919, Correct: 4164, Accuracy: 0.5949
Shadow Model 16/80, Epoch 2/20, Loss: 0.8018, Correct: 4984, Accuracy: 0.7120
Shadow Model 16/80, Epoch 3/20, Loss: 0.6856, Correct: 5286, Accuracy: 0.7551
Shadow Model 16/80, Epoch 4/20, Loss: 0.6007, Correct: 5532, Accuracy: 0.7903
Shadow Model 16/80, Epoch 5/20, Loss: 0.5300, Correct: 5648, Accuracy: 0.8069
Shadow Model 16/80, Epoch 6/20, Loss: 0.5022, Correct: 5766, Accuracy: 0.8237
Shadow Model 16/80, Epoch 7/20, Loss: 0.4246, Correct: 5934, Accuracy: 0.8477
Shadow Model 16/80, Epoch 8/20, Loss: 0.3796, Correct: 6075, Accuracy: 0.8679
Shadow Model 16/80, Epoch 9/20, Loss: 0.3349, Correct: 6185, Accuracy: 0.8836
Shadow Model 16/80, Epoch 10/20, Loss: 0.3186, Correct: 6231, Accuracy: 0.8901
Shadow Model 16/80, Epoch 11/20, Loss: 0.2768, Correct: 6352, Accuracy: 0.9074
Shadow Model 16/80, Epoch 12/20, Loss: 0.2378, Correct: 6411, Accuracy: 0.9159
Shadow Model 16/80, Epoch 13/20, Loss: 0.2094, Correct: 6483, Accuracy: 0.9261
Shadow Model 16/80, Epoch 14/20, Loss: 0.1835, Correct: 6575, Accuracy: 0.9393
Shadow Model 16/80, Epoch 15/20, Loss: 0.1789, Correct: 6557, Accuracy: 0.9367
Shadow Model 16/80, Epoch 16/20, Loss: 0.1311, Correct: 6692, Accuracy: 0.9560
Shadow Model 16/80, Epoch 17/20, Loss: 0.1368, Correct: 6668, Accuracy: 0.9526
Shadow Model 16/80, Epoch 18/20, Loss: 0.1246, Correct: 6731, Accuracy: 0.9616
Shadow Model 16/80, Epoch 19/20, Loss: 0.1045, Correct: 6769, Accuracy: 0.9670
Shadow Model 16/80, Epoch 20/20, Loss: 0.0762, Correct: 6828, Accuracy: 0.9754
Shadow Model 17/80, Epoch 1/20, Loss: 1.1287, Correct: 4097, Accuracy: 0.5853
Shadow Model 17/80, Epoch 2/20, Loss: 0.8218, Correct: 4939, Accuracy: 0.7056
Shadow Model 17/80, Epoch 3/20, Loss: 0.6896, Correct: 5271, Accuracy: 0.7530
Shadow Model 17/80, Epoch 4/20, Loss: 0.6110, Correct: 5489, Accuracy: 0.7841
Shadow Model 17/80, Epoch 5/20, Loss: 0.5119, Correct: 5743, Accuracy: 0.8204
Shadow Model 17/80, Epoch 6/20, Loss: 0.4636, Correct: 5851, Accuracy: 0.8359
Shadow Model 17/80, Epoch 7/20, Loss: 0.4477, Correct: 5877, Accuracy: 0.8396
Shadow Model 17/80, Epoch 8/20, Loss: 0.3616, Correct: 6118, Accuracy: 0.8740
Shadow Model 17/80, Epoch 9/20, Loss: 0.3231, Correct: 6179, Accuracy: 0.8827
Shadow Model 17/80, Epoch 10/20, Loss: 0.2974, Correct: 6252, Accuracy: 0.8931
Shadow Model 17/80, Epoch 11/20, Loss: 0.2721, Correct: 6324, Accuracy: 0.9034
Shadow Model 17/80, Epoch 12/20, Loss: 0.2272, Correct: 6424, Accuracy: 0.9177
Shadow Model 17/80, Epoch 13/20, Loss: 0.1935, Correct: 6543, Accuracy: 0.9347
Shadow Model 17/80, Epoch 14/20, Loss: 0.1800, Correct: 6567, Accuracy: 0.9381
Shadow Model 17/80, Epoch 15/20, Loss: 0.1468, Correct: 6643, Accuracy: 0.9490
Shadow Model 17/80, Epoch 16/20, Loss: 0.0982, Correct: 6764, Accuracy: 0.9663
Shadow Model 17/80, Epoch 17/20, Loss: 0.1115, Correct: 6740, Accuracy: 0.9629
Shadow Model 17/80, Epoch 18/20, Loss: 0.0970, Correct: 6790, Accuracy: 0.9700
Shadow Model 17/80, Epoch 19/20, Loss: 0.1068, Correct: 6744, Accuracy: 0.9634
Shadow Model 17/80, Epoch 20/20, Loss: 0.0601, Correct: 6855, Accuracy: 0.9793
Shadow Model 18/80, Epoch 1/20, Loss: 1.1228, Correct: 4182, Accuracy: 0.5974
Shadow Model 18/80, Epoch 2/20, Loss: 0.7975, Correct: 4979, Accuracy: 0.7113
Shadow Model 18/80, Epoch 3/20, Loss: 0.6780, Correct: 5325, Accuracy: 0.7607
Shadow Model 18/80, Epoch 4/20, Loss: 0.5757, Correct: 5634, Accuracy: 0.8049
Shadow Model 18/80, Epoch 5/20, Loss: 0.5036, Correct: 5772, Accuracy: 0.8246
Shadow Model 18/80, Epoch 6/20, Loss: 0.4255, Correct: 5965, Accuracy: 0.8521
Shadow Model 18/80, Epoch 7/20, Loss: 0.3916, Correct: 6032, Accuracy: 0.8617
Shadow Model 18/80, Epoch 8/20, Loss: 0.3510, Correct: 6158, Accuracy: 0.8797
Shadow Model 18/80, Epoch 9/20, Loss: 0.2968, Correct: 6256, Accuracy: 0.8937
Shadow Model 18/80, Epoch 10/20, Loss: 0.2661, Correct: 6341, Accuracy: 0.9059
Shadow Model 18/80, Epoch 11/20, Loss: 0.2295, Correct: 6416, Accuracy: 0.9166
Shadow Model 18/80, Epoch 12/20, Loss: 0.1884, Correct: 6538, Accuracy: 0.9340
Shadow Model 18/80, Epoch 13/20, Loss: 0.1688, Correct: 6589, Accuracy: 0.9413
Shadow Model 18/80, Epoch 14/20, Loss: 0.1289, Correct: 6702, Accuracy: 0.9574
Shadow Model 18/80, Epoch 15/20, Loss: 0.1072, Correct: 6736, Accuracy: 0.9623
Shadow Model 18/80, Epoch 16/20, Loss: 0.1063, Correct: 6734, Accuracy: 0.9620
Shadow Model 18/80, Epoch 17/20, Loss: 0.1352, Correct: 6669, Accuracy: 0.9527
Shadow Model 18/80, Epoch 18/20, Loss: 0.1047, Correct: 6735, Accuracy: 0.9621
Shadow Model 18/80, Epoch 19/20, Loss: 0.0589, Correct: 6876, Accuracy: 0.9823
Shadow Model 18/80, Epoch 20/20, Loss: 0.0818, Correct: 6789, Accuracy: 0.9699
Shadow Model 19/80, Epoch 1/20, Loss: 1.1293, Correct: 4094, Accuracy: 0.5849
Shadow Model 19/80, Epoch 2/20, Loss: 0.8314, Correct: 4882, Accuracy: 0.6974
Shadow Model 19/80, Epoch 3/20, Loss: 0.6774, Correct: 5274, Accuracy: 0.7534
Shadow Model 19/80, Epoch 4/20, Loss: 0.6083, Correct: 5455, Accuracy: 0.7793
Shadow Model 19/80, Epoch 5/20, Loss: 0.5356, Correct: 5653, Accuracy: 0.8076
Shadow Model 19/80, Epoch 6/20, Loss: 0.4475, Correct: 5876, Accuracy: 0.8394
Shadow Model 19/80, Epoch 7/20, Loss: 0.4151, Correct: 5976, Accuracy: 0.8537
Shadow Model 19/80, Epoch 8/20, Loss: 0.3708, Correct: 6086, Accuracy: 0.8694
Shadow Model 19/80, Epoch 9/20, Loss: 0.3380, Correct: 6171, Accuracy: 0.8816
Shadow Model 19/80, Epoch 10/20, Loss: 0.2925, Correct: 6256, Accuracy: 0.8937
Shadow Model 19/80, Epoch 11/20, Loss: 0.2683, Correct: 6341, Accuracy: 0.9059
Shadow Model 19/80, Epoch 12/20, Loss: 0.2424, Correct: 6422, Accuracy: 0.9174
Shadow Model 19/80, Epoch 13/20, Loss: 0.2141, Correct: 6466, Accuracy: 0.9237
Shadow Model 19/80, Epoch 14/20, Loss: 0.1784, Correct: 6573, Accuracy: 0.9390
Shadow Model 19/80, Epoch 15/20, Loss: 0.1701, Correct: 6603, Accuracy: 0.9433
Shadow Model 19/80, Epoch 16/20, Loss: 0.1729, Correct: 6562, Accuracy: 0.9374
Shadow Model 19/80, Epoch 17/20, Loss: 0.1093, Correct: 6738, Accuracy: 0.9626
Shadow Model 19/80, Epoch 18/20, Loss: 0.0960, Correct: 6770, Accuracy: 0.9671
Shadow Model 19/80, Epoch 19/20, Loss: 0.0614, Correct: 6857, Accuracy: 0.9796
Shadow Model 19/80, Epoch 20/20, Loss: 0.0954, Correct: 6777, Accuracy: 0.9681
Shadow Model 20/80, Epoch 1/20, Loss: 1.0892, Correct: 4251, Accuracy: 0.6073
Shadow Model 20/80, Epoch 2/20, Loss: 0.7951, Correct: 4980, Accuracy: 0.7114
Shadow Model 20/80, Epoch 3/20, Loss: 0.6551, Correct: 5356, Accuracy: 0.7651
Shadow Model 20/80, Epoch 4/20, Loss: 0.5655, Correct: 5600, Accuracy: 0.8000
Shadow Model 20/80, Epoch 5/20, Loss: 0.5148, Correct: 5707, Accuracy: 0.8153
Shadow Model 20/80, Epoch 6/20, Loss: 0.4560, Correct: 5865, Accuracy: 0.8379
Shadow Model 20/80, Epoch 7/20, Loss: 0.4043, Correct: 5974, Accuracy: 0.8534
Shadow Model 20/80, Epoch 8/20, Loss: 0.3326, Correct: 6170, Accuracy: 0.8814
Shadow Model 20/80, Epoch 9/20, Loss: 0.3070, Correct: 6268, Accuracy: 0.8954
Shadow Model 20/80, Epoch 10/20, Loss: 0.2503, Correct: 6375, Accuracy: 0.9107
Shadow Model 20/80, Epoch 11/20, Loss: 0.2081, Correct: 6463, Accuracy: 0.9233
Shadow Model 20/80, Epoch 12/20, Loss: 0.1996, Correct: 6531, Accuracy: 0.9330
Shadow Model 20/80, Epoch 13/20, Loss: 0.1392, Correct: 6655, Accuracy: 0.9507
Shadow Model 20/80, Epoch 14/20, Loss: 0.1255, Correct: 6698, Accuracy: 0.9569
Shadow Model 20/80, Epoch 15/20, Loss: 0.1476, Correct: 6646, Accuracy: 0.9494
Shadow Model 20/80, Epoch 16/20, Loss: 0.0950, Correct: 6779, Accuracy: 0.9684
Shadow Model 20/80, Epoch 17/20, Loss: 0.0554, Correct: 6869, Accuracy: 0.9813
Shadow Model 20/80, Epoch 18/20, Loss: 0.1208, Correct: 6712, Accuracy: 0.9589
Shadow Model 20/80, Epoch 19/20, Loss: 0.0462, Correct: 6904, Accuracy: 0.9863
Shadow Model 20/80, Epoch 20/20, Loss: 0.0305, Correct: 6926, Accuracy: 0.9894
Shadow Model 21/80, Epoch 1/20, Loss: 1.0863, Correct: 4217, Accuracy: 0.6024
Shadow Model 21/80, Epoch 2/20, Loss: 0.8041, Correct: 4982, Accuracy: 0.7117
Shadow Model 21/80, Epoch 3/20, Loss: 0.6781, Correct: 5287, Accuracy: 0.7553
Shadow Model 21/80, Epoch 4/20, Loss: 0.5842, Correct: 5563, Accuracy: 0.7947
Shadow Model 21/80, Epoch 5/20, Loss: 0.5010, Correct: 5720, Accuracy: 0.8171
Shadow Model 21/80, Epoch 6/20, Loss: 0.4469, Correct: 5893, Accuracy: 0.8419
Shadow Model 21/80, Epoch 7/20, Loss: 0.3991, Correct: 6001, Accuracy: 0.8573
Shadow Model 21/80, Epoch 8/20, Loss: 0.3651, Correct: 6108, Accuracy: 0.8726
Shadow Model 21/80, Epoch 9/20, Loss: 0.3150, Correct: 6221, Accuracy: 0.8887
Shadow Model 21/80, Epoch 10/20, Loss: 0.3001, Correct: 6265, Accuracy: 0.8950
Shadow Model 21/80, Epoch 11/20, Loss: 0.2506, Correct: 6389, Accuracy: 0.9127
Shadow Model 21/80, Epoch 12/20, Loss: 0.2483, Correct: 6406, Accuracy: 0.9151
Shadow Model 21/80, Epoch 13/20, Loss: 0.1971, Correct: 6535, Accuracy: 0.9336
Shadow Model 21/80, Epoch 14/20, Loss: 0.1777, Correct: 6558, Accuracy: 0.9369
Shadow Model 21/80, Epoch 15/20, Loss: 0.1593, Correct: 6606, Accuracy: 0.9437
Shadow Model 21/80, Epoch 16/20, Loss: 0.1176, Correct: 6712, Accuracy: 0.9589
Shadow Model 21/80, Epoch 17/20, Loss: 0.1927, Correct: 6532, Accuracy: 0.9331
Shadow Model 21/80, Epoch 18/20, Loss: 0.0826, Correct: 6802, Accuracy: 0.9717
Shadow Model 21/80, Epoch 19/20, Loss: 0.1008, Correct: 6762, Accuracy: 0.9660
Shadow Model 21/80, Epoch 20/20, Loss: 0.0842, Correct: 6804, Accuracy: 0.9720
Shadow Model 22/80, Epoch 1/20, Loss: 1.1084, Correct: 4152, Accuracy: 0.5931
Shadow Model 22/80, Epoch 2/20, Loss: 0.8256, Correct: 4910, Accuracy: 0.7014
Shadow Model 22/80, Epoch 3/20, Loss: 0.6903, Correct: 5274, Accuracy: 0.7534
Shadow Model 22/80, Epoch 4/20, Loss: 0.5817, Correct: 5532, Accuracy: 0.7903
Shadow Model 22/80, Epoch 5/20, Loss: 0.5230, Correct: 5713, Accuracy: 0.8161
Shadow Model 22/80, Epoch 6/20, Loss: 0.4887, Correct: 5768, Accuracy: 0.8240
Shadow Model 22/80, Epoch 7/20, Loss: 0.4625, Correct: 5830, Accuracy: 0.8329
Shadow Model 22/80, Epoch 8/20, Loss: 0.3919, Correct: 6023, Accuracy: 0.8604
Shadow Model 22/80, Epoch 9/20, Loss: 0.3395, Correct: 6164, Accuracy: 0.8806
Shadow Model 22/80, Epoch 10/20, Loss: 0.3147, Correct: 6193, Accuracy: 0.8847
Shadow Model 22/80, Epoch 11/20, Loss: 0.2778, Correct: 6294, Accuracy: 0.8991
Shadow Model 22/80, Epoch 12/20, Loss: 0.2277, Correct: 6460, Accuracy: 0.9229
Shadow Model 22/80, Epoch 13/20, Loss: 0.2287, Correct: 6451, Accuracy: 0.9216
Shadow Model 22/80, Epoch 14/20, Loss: 0.1905, Correct: 6510, Accuracy: 0.9300
Shadow Model 22/80, Epoch 15/20, Loss: 0.1592, Correct: 6594, Accuracy: 0.9420
Shadow Model 22/80, Epoch 16/20, Loss: 0.1390, Correct: 6653, Accuracy: 0.9504
Shadow Model 22/80, Epoch 17/20, Loss: 0.1022, Correct: 6761, Accuracy: 0.9659
Shadow Model 22/80, Epoch 18/20, Loss: 0.1016, Correct: 6770, Accuracy: 0.9671
Shadow Model 22/80, Epoch 19/20, Loss: 0.0925, Correct: 6778, Accuracy: 0.9683
Shadow Model 22/80, Epoch 20/20, Loss: 0.0724, Correct: 6823, Accuracy: 0.9747
Shadow Model 23/80, Epoch 1/20, Loss: 1.1077, Correct: 4226, Accuracy: 0.6037
Shadow Model 23/80, Epoch 2/20, Loss: 0.8154, Correct: 4949, Accuracy: 0.7070
Shadow Model 23/80, Epoch 3/20, Loss: 0.6497, Correct: 5387, Accuracy: 0.7696
Shadow Model 23/80, Epoch 4/20, Loss: 0.5596, Correct: 5640, Accuracy: 0.8057
Shadow Model 23/80, Epoch 5/20, Loss: 0.5095, Correct: 5768, Accuracy: 0.8240
Shadow Model 23/80, Epoch 6/20, Loss: 0.4550, Correct: 5879, Accuracy: 0.8399
Shadow Model 23/80, Epoch 7/20, Loss: 0.3925, Correct: 6032, Accuracy: 0.8617
Shadow Model 23/80, Epoch 8/20, Loss: 0.3272, Correct: 6158, Accuracy: 0.8797
Shadow Model 23/80, Epoch 9/20, Loss: 0.2790, Correct: 6315, Accuracy: 0.9021
Shadow Model 23/80, Epoch 10/20, Loss: 0.3155, Correct: 6227, Accuracy: 0.8896
Shadow Model 23/80, Epoch 11/20, Loss: 0.2314, Correct: 6439, Accuracy: 0.9199
Shadow Model 23/80, Epoch 12/20, Loss: 0.2081, Correct: 6498, Accuracy: 0.9283
Shadow Model 23/80, Epoch 13/20, Loss: 0.1465, Correct: 6661, Accuracy: 0.9516
Shadow Model 23/80, Epoch 14/20, Loss: 0.1496, Correct: 6646, Accuracy: 0.9494
Shadow Model 23/80, Epoch 15/20, Loss: 0.1106, Correct: 6744, Accuracy: 0.9634
Shadow Model 23/80, Epoch 16/20, Loss: 0.0912, Correct: 6793, Accuracy: 0.9704
Shadow Model 23/80, Epoch 17/20, Loss: 0.0896, Correct: 6795, Accuracy: 0.9707
Shadow Model 23/80, Epoch 18/20, Loss: 0.0840, Correct: 6805, Accuracy: 0.9721
Shadow Model 23/80, Epoch 19/20, Loss: 0.0573, Correct: 6873, Accuracy: 0.9819
Shadow Model 23/80, Epoch 20/20, Loss: 0.0566, Correct: 6863, Accuracy: 0.9804
Shadow Model 24/80, Epoch 1/20, Loss: 1.1075, Correct: 4235, Accuracy: 0.6050
Shadow Model 24/80, Epoch 2/20, Loss: 0.9009, Correct: 4782, Accuracy: 0.6831
Shadow Model 24/80, Epoch 3/20, Loss: 0.7061, Correct: 5247, Accuracy: 0.7496
Shadow Model 24/80, Epoch 4/20, Loss: 0.5973, Correct: 5501, Accuracy: 0.7859
Shadow Model 24/80, Epoch 5/20, Loss: 0.5480, Correct: 5675, Accuracy: 0.8107
Shadow Model 24/80, Epoch 6/20, Loss: 0.5297, Correct: 5733, Accuracy: 0.8190
Shadow Model 24/80, Epoch 7/20, Loss: 0.4196, Correct: 5982, Accuracy: 0.8546
Shadow Model 24/80, Epoch 8/20, Loss: 0.3901, Correct: 6056, Accuracy: 0.8651
Shadow Model 24/80, Epoch 9/20, Loss: 0.3479, Correct: 6143, Accuracy: 0.8776
Shadow Model 24/80, Epoch 10/20, Loss: 0.3642, Correct: 6113, Accuracy: 0.8733
Shadow Model 24/80, Epoch 11/20, Loss: 0.3059, Correct: 6278, Accuracy: 0.8969
Shadow Model 24/80, Epoch 12/20, Loss: 0.2782, Correct: 6340, Accuracy: 0.9057
Shadow Model 24/80, Epoch 13/20, Loss: 0.2593, Correct: 6349, Accuracy: 0.9070
Shadow Model 24/80, Epoch 14/20, Loss: 0.2277, Correct: 6441, Accuracy: 0.9201
Shadow Model 24/80, Epoch 15/20, Loss: 0.1965, Correct: 6524, Accuracy: 0.9320
Shadow Model 24/80, Epoch 16/20, Loss: 0.1742, Correct: 6572, Accuracy: 0.9389
Shadow Model 24/80, Epoch 17/20, Loss: 0.1528, Correct: 6624, Accuracy: 0.9463
Shadow Model 24/80, Epoch 18/20, Loss: 0.1296, Correct: 6664, Accuracy: 0.9520
Shadow Model 24/80, Epoch 19/20, Loss: 0.1080, Correct: 6749, Accuracy: 0.9641
Shadow Model 24/80, Epoch 20/20, Loss: 0.0932, Correct: 6777, Accuracy: 0.9681
Shadow Model 25/80, Epoch 1/20, Loss: 1.1060, Correct: 4167, Accuracy: 0.5953
Shadow Model 25/80, Epoch 2/20, Loss: 0.8119, Correct: 4962, Accuracy: 0.7089
Shadow Model 25/80, Epoch 3/20, Loss: 0.6549, Correct: 5339, Accuracy: 0.7627
Shadow Model 25/80, Epoch 4/20, Loss: 0.5820, Correct: 5570, Accuracy: 0.7957
Shadow Model 25/80, Epoch 5/20, Loss: 0.4738, Correct: 5830, Accuracy: 0.8329
Shadow Model 25/80, Epoch 6/20, Loss: 0.4299, Correct: 5939, Accuracy: 0.8484
Shadow Model 25/80, Epoch 7/20, Loss: 0.4140, Correct: 5980, Accuracy: 0.8543
Shadow Model 25/80, Epoch 8/20, Loss: 0.3688, Correct: 6081, Accuracy: 0.8687
Shadow Model 25/80, Epoch 9/20, Loss: 0.2933, Correct: 6272, Accuracy: 0.8960
Shadow Model 25/80, Epoch 10/20, Loss: 0.2454, Correct: 6387, Accuracy: 0.9124
Shadow Model 25/80, Epoch 11/20, Loss: 0.2132, Correct: 6493, Accuracy: 0.9276
Shadow Model 25/80, Epoch 12/20, Loss: 0.2041, Correct: 6498, Accuracy: 0.9283
Shadow Model 25/80, Epoch 13/20, Loss: 0.2156, Correct: 6493, Accuracy: 0.9276
Shadow Model 25/80, Epoch 14/20, Loss: 0.1319, Correct: 6688, Accuracy: 0.9554
Shadow Model 25/80, Epoch 15/20, Loss: 0.1105, Correct: 6751, Accuracy: 0.9644
Shadow Model 25/80, Epoch 16/20, Loss: 0.1052, Correct: 6745, Accuracy: 0.9636
Shadow Model 25/80, Epoch 17/20, Loss: 0.0886, Correct: 6770, Accuracy: 0.9671
Shadow Model 25/80, Epoch 18/20, Loss: 0.0526, Correct: 6880, Accuracy: 0.9829
Shadow Model 25/80, Epoch 19/20, Loss: 0.0737, Correct: 6832, Accuracy: 0.9760
Shadow Model 25/80, Epoch 20/20, Loss: 0.0525, Correct: 6892, Accuracy: 0.9846
Shadow Model 26/80, Epoch 1/20, Loss: 1.1072, Correct: 4182, Accuracy: 0.5974
Shadow Model 26/80, Epoch 2/20, Loss: 0.7801, Correct: 5035, Accuracy: 0.7193
Shadow Model 26/80, Epoch 3/20, Loss: 0.6627, Correct: 5377, Accuracy: 0.7681
Shadow Model 26/80, Epoch 4/20, Loss: 0.5542, Correct: 5605, Accuracy: 0.8007
Shadow Model 26/80, Epoch 5/20, Loss: 0.4964, Correct: 5772, Accuracy: 0.8246
Shadow Model 26/80, Epoch 6/20, Loss: 0.4557, Correct: 5899, Accuracy: 0.8427
Shadow Model 26/80, Epoch 7/20, Loss: 0.3799, Correct: 6040, Accuracy: 0.8629
Shadow Model 26/80, Epoch 8/20, Loss: 0.3306, Correct: 6204, Accuracy: 0.8863
Shadow Model 26/80, Epoch 9/20, Loss: 0.3133, Correct: 6205, Accuracy: 0.8864
Shadow Model 26/80, Epoch 10/20, Loss: 0.2821, Correct: 6288, Accuracy: 0.8983
Shadow Model 26/80, Epoch 11/20, Loss: 0.2826, Correct: 6312, Accuracy: 0.9017
Shadow Model 26/80, Epoch 12/20, Loss: 0.2086, Correct: 6500, Accuracy: 0.9286
Shadow Model 26/80, Epoch 13/20, Loss: 0.2102, Correct: 6480, Accuracy: 0.9257
Shadow Model 26/80, Epoch 14/20, Loss: 0.1555, Correct: 6605, Accuracy: 0.9436
Shadow Model 26/80, Epoch 15/20, Loss: 0.1569, Correct: 6628, Accuracy: 0.9469
Shadow Model 26/80, Epoch 16/20, Loss: 0.1227, Correct: 6702, Accuracy: 0.9574
Shadow Model 26/80, Epoch 17/20, Loss: 0.1209, Correct: 6716, Accuracy: 0.9594
Shadow Model 26/80, Epoch 18/20, Loss: 0.0933, Correct: 6805, Accuracy: 0.9721
Shadow Model 26/80, Epoch 19/20, Loss: 0.0812, Correct: 6794, Accuracy: 0.9706
Shadow Model 26/80, Epoch 20/20, Loss: 0.0691, Correct: 6859, Accuracy: 0.9799
Shadow Model 27/80, Epoch 1/20, Loss: 1.1065, Correct: 4176, Accuracy: 0.5966
Shadow Model 27/80, Epoch 2/20, Loss: 0.8422, Correct: 4814, Accuracy: 0.6877
Shadow Model 27/80, Epoch 3/20, Loss: 0.6927, Correct: 5254, Accuracy: 0.7506
Shadow Model 27/80, Epoch 4/20, Loss: 0.5814, Correct: 5569, Accuracy: 0.7956
Shadow Model 27/80, Epoch 5/20, Loss: 0.5148, Correct: 5713, Accuracy: 0.8161
Shadow Model 27/80, Epoch 6/20, Loss: 0.4665, Correct: 5852, Accuracy: 0.8360
Shadow Model 27/80, Epoch 7/20, Loss: 0.3953, Correct: 6022, Accuracy: 0.8603
Shadow Model 27/80, Epoch 8/20, Loss: 0.3540, Correct: 6133, Accuracy: 0.8761
Shadow Model 27/80, Epoch 9/20, Loss: 0.3569, Correct: 6108, Accuracy: 0.8726
Shadow Model 27/80, Epoch 10/20, Loss: 0.3392, Correct: 6159, Accuracy: 0.8799
Shadow Model 27/80, Epoch 11/20, Loss: 0.2615, Correct: 6335, Accuracy: 0.9050
Shadow Model 27/80, Epoch 12/20, Loss: 0.2335, Correct: 6445, Accuracy: 0.9207
Shadow Model 27/80, Epoch 13/20, Loss: 0.2026, Correct: 6522, Accuracy: 0.9317
Shadow Model 27/80, Epoch 14/20, Loss: 0.1499, Correct: 6639, Accuracy: 0.9484
Shadow Model 27/80, Epoch 15/20, Loss: 0.1694, Correct: 6587, Accuracy: 0.9410
Shadow Model 27/80, Epoch 16/20, Loss: 0.1303, Correct: 6661, Accuracy: 0.9516
Shadow Model 27/80, Epoch 17/20, Loss: 0.0966, Correct: 6775, Accuracy: 0.9679
Shadow Model 27/80, Epoch 18/20, Loss: 0.0793, Correct: 6817, Accuracy: 0.9739
Shadow Model 27/80, Epoch 19/20, Loss: 0.0741, Correct: 6829, Accuracy: 0.9756
Shadow Model 27/80, Epoch 20/20, Loss: 0.0842, Correct: 6801, Accuracy: 0.9716
Shadow Model 28/80, Epoch 1/20, Loss: 1.0658, Correct: 4255, Accuracy: 0.6079
Shadow Model 28/80, Epoch 2/20, Loss: 0.7783, Correct: 5046, Accuracy: 0.7209
Shadow Model 28/80, Epoch 3/20, Loss: 0.6354, Correct: 5406, Accuracy: 0.7723
Shadow Model 28/80, Epoch 4/20, Loss: 0.5367, Correct: 5669, Accuracy: 0.8099
Shadow Model 28/80, Epoch 5/20, Loss: 0.4857, Correct: 5766, Accuracy: 0.8237
Shadow Model 28/80, Epoch 6/20, Loss: 0.4229, Correct: 5962, Accuracy: 0.8517
Shadow Model 28/80, Epoch 7/20, Loss: 0.3766, Correct: 6053, Accuracy: 0.8647
Shadow Model 28/80, Epoch 8/20, Loss: 0.3261, Correct: 6148, Accuracy: 0.8783
Shadow Model 28/80, Epoch 9/20, Loss: 0.2837, Correct: 6328, Accuracy: 0.9040
Shadow Model 28/80, Epoch 10/20, Loss: 0.2613, Correct: 6350, Accuracy: 0.9071
Shadow Model 28/80, Epoch 11/20, Loss: 0.1937, Correct: 6529, Accuracy: 0.9327
Shadow Model 28/80, Epoch 12/20, Loss: 0.1871, Correct: 6524, Accuracy: 0.9320
Shadow Model 28/80, Epoch 13/20, Loss: 0.1343, Correct: 6686, Accuracy: 0.9551
Shadow Model 28/80, Epoch 14/20, Loss: 0.1220, Correct: 6693, Accuracy: 0.9561
Shadow Model 28/80, Epoch 15/20, Loss: 0.1246, Correct: 6713, Accuracy: 0.9590
Shadow Model 28/80, Epoch 16/20, Loss: 0.1076, Correct: 6748, Accuracy: 0.9640
Shadow Model 28/80, Epoch 17/20, Loss: 0.0816, Correct: 6822, Accuracy: 0.9746
Shadow Model 28/80, Epoch 18/20, Loss: 0.0697, Correct: 6849, Accuracy: 0.9784
Shadow Model 28/80, Epoch 19/20, Loss: 0.1090, Correct: 6746, Accuracy: 0.9637
Shadow Model 28/80, Epoch 20/20, Loss: 0.0425, Correct: 6903, Accuracy: 0.9861
Shadow Model 29/80, Epoch 1/20, Loss: 1.1155, Correct: 4131, Accuracy: 0.5901
Shadow Model 29/80, Epoch 2/20, Loss: 0.8413, Correct: 4857, Accuracy: 0.6939
Shadow Model 29/80, Epoch 3/20, Loss: 0.7151, Correct: 5226, Accuracy: 0.7466
Shadow Model 29/80, Epoch 4/20, Loss: 0.6476, Correct: 5352, Accuracy: 0.7646
Shadow Model 29/80, Epoch 5/20, Loss: 0.5994, Correct: 5506, Accuracy: 0.7866
Shadow Model 29/80, Epoch 6/20, Loss: 0.5056, Correct: 5745, Accuracy: 0.8207
Shadow Model 29/80, Epoch 7/20, Loss: 0.4691, Correct: 5868, Accuracy: 0.8383
Shadow Model 29/80, Epoch 8/20, Loss: 0.4333, Correct: 5957, Accuracy: 0.8510
Shadow Model 29/80, Epoch 9/20, Loss: 0.3804, Correct: 6064, Accuracy: 0.8663
Shadow Model 29/80, Epoch 10/20, Loss: 0.3314, Correct: 6166, Accuracy: 0.8809
Shadow Model 29/80, Epoch 11/20, Loss: 0.3164, Correct: 6230, Accuracy: 0.8900
Shadow Model 29/80, Epoch 12/20, Loss: 0.2725, Correct: 6344, Accuracy: 0.9063
Shadow Model 29/80, Epoch 13/20, Loss: 0.2449, Correct: 6402, Accuracy: 0.9146
Shadow Model 29/80, Epoch 14/20, Loss: 0.2293, Correct: 6446, Accuracy: 0.9209
Shadow Model 29/80, Epoch 15/20, Loss: 0.2150, Correct: 6485, Accuracy: 0.9264
Shadow Model 29/80, Epoch 16/20, Loss: 0.1699, Correct: 6601, Accuracy: 0.9430
Shadow Model 29/80, Epoch 17/20, Loss: 0.1687, Correct: 6595, Accuracy: 0.9421
Shadow Model 29/80, Epoch 18/20, Loss: 0.1584, Correct: 6612, Accuracy: 0.9446
Shadow Model 29/80, Epoch 19/20, Loss: 0.1168, Correct: 6729, Accuracy: 0.9613
Shadow Model 29/80, Epoch 20/20, Loss: 0.0885, Correct: 6792, Accuracy: 0.9703
Shadow Model 30/80, Epoch 1/20, Loss: 1.0838, Correct: 4226, Accuracy: 0.6037
Shadow Model 30/80, Epoch 2/20, Loss: 0.8316, Correct: 4901, Accuracy: 0.7001
Shadow Model 30/80, Epoch 3/20, Loss: 0.6974, Correct: 5288, Accuracy: 0.7554
Shadow Model 30/80, Epoch 4/20, Loss: 0.5828, Correct: 5522, Accuracy: 0.7889
Shadow Model 30/80, Epoch 5/20, Loss: 0.5269, Correct: 5746, Accuracy: 0.8209
Shadow Model 30/80, Epoch 6/20, Loss: 0.4955, Correct: 5805, Accuracy: 0.8293
Shadow Model 30/80, Epoch 7/20, Loss: 0.4337, Correct: 5928, Accuracy: 0.8469
Shadow Model 30/80, Epoch 8/20, Loss: 0.3962, Correct: 6040, Accuracy: 0.8629
Shadow Model 30/80, Epoch 9/20, Loss: 0.3669, Correct: 6109, Accuracy: 0.8727
Shadow Model 30/80, Epoch 10/20, Loss: 0.3174, Correct: 6184, Accuracy: 0.8834
Shadow Model 30/80, Epoch 11/20, Loss: 0.2741, Correct: 6323, Accuracy: 0.9033
Shadow Model 30/80, Epoch 12/20, Loss: 0.2443, Correct: 6383, Accuracy: 0.9119
Shadow Model 30/80, Epoch 13/20, Loss: 0.2236, Correct: 6455, Accuracy: 0.9221
Shadow Model 30/80, Epoch 14/20, Loss: 0.2235, Correct: 6444, Accuracy: 0.9206
Shadow Model 30/80, Epoch 15/20, Loss: 0.1642, Correct: 6594, Accuracy: 0.9420
Shadow Model 30/80, Epoch 16/20, Loss: 0.1511, Correct: 6618, Accuracy: 0.9454
Shadow Model 30/80, Epoch 17/20, Loss: 0.1300, Correct: 6696, Accuracy: 0.9566
Shadow Model 30/80, Epoch 18/20, Loss: 0.1271, Correct: 6701, Accuracy: 0.9573
Shadow Model 30/80, Epoch 19/20, Loss: 0.1058, Correct: 6769, Accuracy: 0.9670
Shadow Model 30/80, Epoch 20/20, Loss: 0.0776, Correct: 6827, Accuracy: 0.9753
Shadow Model 31/80, Epoch 1/20, Loss: 1.0734, Correct: 4226, Accuracy: 0.6037
Shadow Model 31/80, Epoch 2/20, Loss: 0.8079, Correct: 4993, Accuracy: 0.7133
Shadow Model 31/80, Epoch 3/20, Loss: 0.6582, Correct: 5362, Accuracy: 0.7660
Shadow Model 31/80, Epoch 4/20, Loss: 0.6255, Correct: 5443, Accuracy: 0.7776
Shadow Model 31/80, Epoch 5/20, Loss: 0.5168, Correct: 5732, Accuracy: 0.8189
Shadow Model 31/80, Epoch 6/20, Loss: 0.4968, Correct: 5803, Accuracy: 0.8290
Shadow Model 31/80, Epoch 7/20, Loss: 0.4167, Correct: 5905, Accuracy: 0.8436
Shadow Model 31/80, Epoch 8/20, Loss: 0.3771, Correct: 6083, Accuracy: 0.8690
Shadow Model 31/80, Epoch 9/20, Loss: 0.3484, Correct: 6115, Accuracy: 0.8736
Shadow Model 31/80, Epoch 10/20, Loss: 0.3041, Correct: 6250, Accuracy: 0.8929
Shadow Model 31/80, Epoch 11/20, Loss: 0.2366, Correct: 6406, Accuracy: 0.9151
Shadow Model 31/80, Epoch 12/20, Loss: 0.2274, Correct: 6457, Accuracy: 0.9224
Shadow Model 31/80, Epoch 13/20, Loss: 0.2358, Correct: 6420, Accuracy: 0.9171
Shadow Model 31/80, Epoch 14/20, Loss: 0.1641, Correct: 6609, Accuracy: 0.9441
Shadow Model 31/80, Epoch 15/20, Loss: 0.1582, Correct: 6645, Accuracy: 0.9493
Shadow Model 31/80, Epoch 16/20, Loss: 0.1211, Correct: 6694, Accuracy: 0.9563
Shadow Model 31/80, Epoch 17/20, Loss: 0.1160, Correct: 6728, Accuracy: 0.9611
Shadow Model 31/80, Epoch 18/20, Loss: 0.1990, Correct: 6559, Accuracy: 0.9370
Shadow Model 31/80, Epoch 19/20, Loss: 0.0818, Correct: 6821, Accuracy: 0.9744
Shadow Model 31/80, Epoch 20/20, Loss: 0.0951, Correct: 6773, Accuracy: 0.9676
Shadow Model 32/80, Epoch 1/20, Loss: 1.1300, Correct: 4124, Accuracy: 0.5891
Shadow Model 32/80, Epoch 2/20, Loss: 0.8067, Correct: 4982, Accuracy: 0.7117
Shadow Model 32/80, Epoch 3/20, Loss: 0.6697, Correct: 5339, Accuracy: 0.7627
Shadow Model 32/80, Epoch 4/20, Loss: 0.5670, Correct: 5599, Accuracy: 0.7999
Shadow Model 32/80, Epoch 5/20, Loss: 0.5380, Correct: 5682, Accuracy: 0.8117
Shadow Model 32/80, Epoch 6/20, Loss: 0.4401, Correct: 5899, Accuracy: 0.8427
Shadow Model 32/80, Epoch 7/20, Loss: 0.4046, Correct: 6024, Accuracy: 0.8606
Shadow Model 32/80, Epoch 8/20, Loss: 0.3600, Correct: 6124, Accuracy: 0.8749
Shadow Model 32/80, Epoch 9/20, Loss: 0.3262, Correct: 6181, Accuracy: 0.8830
Shadow Model 32/80, Epoch 10/20, Loss: 0.2975, Correct: 6276, Accuracy: 0.8966
Shadow Model 32/80, Epoch 11/20, Loss: 0.2736, Correct: 6305, Accuracy: 0.9007
Shadow Model 32/80, Epoch 12/20, Loss: 0.2349, Correct: 6437, Accuracy: 0.9196
Shadow Model 32/80, Epoch 13/20, Loss: 0.1834, Correct: 6551, Accuracy: 0.9359
Shadow Model 32/80, Epoch 14/20, Loss: 0.1805, Correct: 6557, Accuracy: 0.9367
Shadow Model 32/80, Epoch 15/20, Loss: 0.1674, Correct: 6603, Accuracy: 0.9433
Shadow Model 32/80, Epoch 16/20, Loss: 0.1246, Correct: 6699, Accuracy: 0.9570
Shadow Model 32/80, Epoch 17/20, Loss: 0.1152, Correct: 6731, Accuracy: 0.9616
Shadow Model 32/80, Epoch 18/20, Loss: 0.0865, Correct: 6797, Accuracy: 0.9710
Shadow Model 32/80, Epoch 19/20, Loss: 0.2059, Correct: 6512, Accuracy: 0.9303
Shadow Model 32/80, Epoch 20/20, Loss: 0.0581, Correct: 6874, Accuracy: 0.9820
Shadow Model 33/80, Epoch 1/20, Loss: 1.0955, Correct: 4243, Accuracy: 0.6061
Shadow Model 33/80, Epoch 2/20, Loss: 0.8008, Correct: 4996, Accuracy: 0.7137
Shadow Model 33/80, Epoch 3/20, Loss: 0.7040, Correct: 5218, Accuracy: 0.7454
Shadow Model 33/80, Epoch 4/20, Loss: 0.6300, Correct: 5471, Accuracy: 0.7816
Shadow Model 33/80, Epoch 5/20, Loss: 0.5603, Correct: 5605, Accuracy: 0.8007
Shadow Model 33/80, Epoch 6/20, Loss: 0.4819, Correct: 5822, Accuracy: 0.8317
Shadow Model 33/80, Epoch 7/20, Loss: 0.4122, Correct: 5976, Accuracy: 0.8537
Shadow Model 33/80, Epoch 8/20, Loss: 0.3905, Correct: 6035, Accuracy: 0.8621
Shadow Model 33/80, Epoch 9/20, Loss: 0.3310, Correct: 6168, Accuracy: 0.8811
Shadow Model 33/80, Epoch 10/20, Loss: 0.3044, Correct: 6234, Accuracy: 0.8906
Shadow Model 33/80, Epoch 11/20, Loss: 0.2922, Correct: 6245, Accuracy: 0.8921
Shadow Model 33/80, Epoch 12/20, Loss: 0.2912, Correct: 6271, Accuracy: 0.8959
Shadow Model 33/80, Epoch 13/20, Loss: 0.2601, Correct: 6344, Accuracy: 0.9063
Shadow Model 33/80, Epoch 14/20, Loss: 0.2022, Correct: 6494, Accuracy: 0.9277
Shadow Model 33/80, Epoch 15/20, Loss: 0.2161, Correct: 6450, Accuracy: 0.9214
Shadow Model 33/80, Epoch 16/20, Loss: 0.1328, Correct: 6698, Accuracy: 0.9569
Shadow Model 33/80, Epoch 17/20, Loss: 0.1177, Correct: 6707, Accuracy: 0.9581
Shadow Model 33/80, Epoch 18/20, Loss: 0.1595, Correct: 6638, Accuracy: 0.9483
Shadow Model 33/80, Epoch 19/20, Loss: 0.1118, Correct: 6735, Accuracy: 0.9621
Shadow Model 33/80, Epoch 20/20, Loss: 0.0957, Correct: 6765, Accuracy: 0.9664
Shadow Model 34/80, Epoch 1/20, Loss: 1.1126, Correct: 4141, Accuracy: 0.5916
Shadow Model 34/80, Epoch 2/20, Loss: 0.7920, Correct: 4949, Accuracy: 0.7070
Shadow Model 34/80, Epoch 3/20, Loss: 0.6524, Correct: 5317, Accuracy: 0.7596
Shadow Model 34/80, Epoch 4/20, Loss: 0.5526, Correct: 5602, Accuracy: 0.8003
Shadow Model 34/80, Epoch 5/20, Loss: 0.5222, Correct: 5717, Accuracy: 0.8167
Shadow Model 34/80, Epoch 6/20, Loss: 0.4391, Correct: 5950, Accuracy: 0.8500
Shadow Model 34/80, Epoch 7/20, Loss: 0.3981, Correct: 6026, Accuracy: 0.8609
Shadow Model 34/80, Epoch 8/20, Loss: 0.4100, Correct: 6019, Accuracy: 0.8599
Shadow Model 34/80, Epoch 9/20, Loss: 0.2951, Correct: 6264, Accuracy: 0.8949
Shadow Model 34/80, Epoch 10/20, Loss: 0.2806, Correct: 6298, Accuracy: 0.8997
Shadow Model 34/80, Epoch 11/20, Loss: 0.2267, Correct: 6452, Accuracy: 0.9217
Shadow Model 34/80, Epoch 12/20, Loss: 0.2481, Correct: 6385, Accuracy: 0.9121
Shadow Model 34/80, Epoch 13/20, Loss: 0.1921, Correct: 6528, Accuracy: 0.9326
Shadow Model 34/80, Epoch 14/20, Loss: 0.1721, Correct: 6581, Accuracy: 0.9401
Shadow Model 34/80, Epoch 15/20, Loss: 0.1241, Correct: 6703, Accuracy: 0.9576
Shadow Model 34/80, Epoch 16/20, Loss: 0.0908, Correct: 6790, Accuracy: 0.9700
Shadow Model 34/80, Epoch 17/20, Loss: 0.1350, Correct: 6683, Accuracy: 0.9547
Shadow Model 34/80, Epoch 18/20, Loss: 0.0848, Correct: 6792, Accuracy: 0.9703
Shadow Model 34/80, Epoch 19/20, Loss: 0.1222, Correct: 6710, Accuracy: 0.9586
Shadow Model 34/80, Epoch 20/20, Loss: 0.0460, Correct: 6899, Accuracy: 0.9856
Shadow Model 35/80, Epoch 1/20, Loss: 1.0914, Correct: 4229, Accuracy: 0.6041
Shadow Model 35/80, Epoch 2/20, Loss: 0.7856, Correct: 5045, Accuracy: 0.7207
Shadow Model 35/80, Epoch 3/20, Loss: 0.6730, Correct: 5388, Accuracy: 0.7697
Shadow Model 35/80, Epoch 4/20, Loss: 0.5868, Correct: 5589, Accuracy: 0.7984
Shadow Model 35/80, Epoch 5/20, Loss: 0.5487, Correct: 5628, Accuracy: 0.8040
Shadow Model 35/80, Epoch 6/20, Loss: 0.4674, Correct: 5858, Accuracy: 0.8369
Shadow Model 35/80, Epoch 7/20, Loss: 0.3975, Correct: 5993, Accuracy: 0.8561
Shadow Model 35/80, Epoch 8/20, Loss: 0.3650, Correct: 6110, Accuracy: 0.8729
Shadow Model 35/80, Epoch 9/20, Loss: 0.3098, Correct: 6226, Accuracy: 0.8894
Shadow Model 35/80, Epoch 10/20, Loss: 0.2617, Correct: 6369, Accuracy: 0.9099
Shadow Model 35/80, Epoch 11/20, Loss: 0.2463, Correct: 6389, Accuracy: 0.9127
Shadow Model 35/80, Epoch 12/20, Loss: 0.2293, Correct: 6460, Accuracy: 0.9229
Shadow Model 35/80, Epoch 13/20, Loss: 0.2035, Correct: 6514, Accuracy: 0.9306
Shadow Model 35/80, Epoch 14/20, Loss: 0.1940, Correct: 6537, Accuracy: 0.9339
Shadow Model 35/80, Epoch 15/20, Loss: 0.1355, Correct: 6679, Accuracy: 0.9541
Shadow Model 35/80, Epoch 16/20, Loss: 0.1190, Correct: 6711, Accuracy: 0.9587
Shadow Model 35/80, Epoch 17/20, Loss: 0.1119, Correct: 6753, Accuracy: 0.9647
Shadow Model 35/80, Epoch 18/20, Loss: 0.1058, Correct: 6755, Accuracy: 0.9650
Shadow Model 35/80, Epoch 19/20, Loss: 0.0919, Correct: 6790, Accuracy: 0.9700
Shadow Model 35/80, Epoch 20/20, Loss: 0.0838, Correct: 6801, Accuracy: 0.9716
Shadow Model 36/80, Epoch 1/20, Loss: 1.0531, Correct: 4367, Accuracy: 0.6239
Shadow Model 36/80, Epoch 2/20, Loss: 0.7639, Correct: 5072, Accuracy: 0.7246
Shadow Model 36/80, Epoch 3/20, Loss: 0.6269, Correct: 5465, Accuracy: 0.7807
Shadow Model 36/80, Epoch 4/20, Loss: 0.6162, Correct: 5483, Accuracy: 0.7833
Shadow Model 36/80, Epoch 5/20, Loss: 0.5120, Correct: 5722, Accuracy: 0.8174
Shadow Model 36/80, Epoch 6/20, Loss: 0.4268, Correct: 5939, Accuracy: 0.8484
Shadow Model 36/80, Epoch 7/20, Loss: 0.4025, Correct: 6035, Accuracy: 0.8621
Shadow Model 36/80, Epoch 8/20, Loss: 0.3495, Correct: 6123, Accuracy: 0.8747
Shadow Model 36/80, Epoch 9/20, Loss: 0.3013, Correct: 6245, Accuracy: 0.8921
Shadow Model 36/80, Epoch 10/20, Loss: 0.2849, Correct: 6301, Accuracy: 0.9001
Shadow Model 36/80, Epoch 11/20, Loss: 0.2151, Correct: 6473, Accuracy: 0.9247
Shadow Model 36/80, Epoch 12/20, Loss: 0.1962, Correct: 6537, Accuracy: 0.9339
Shadow Model 36/80, Epoch 13/20, Loss: 0.1900, Correct: 6529, Accuracy: 0.9327
Shadow Model 36/80, Epoch 14/20, Loss: 0.1320, Correct: 6672, Accuracy: 0.9531
Shadow Model 36/80, Epoch 15/20, Loss: 0.1166, Correct: 6728, Accuracy: 0.9611
Shadow Model 36/80, Epoch 16/20, Loss: 0.1121, Correct: 6729, Accuracy: 0.9613
Shadow Model 36/80, Epoch 17/20, Loss: 0.0875, Correct: 6795, Accuracy: 0.9707
Shadow Model 36/80, Epoch 18/20, Loss: 0.0701, Correct: 6845, Accuracy: 0.9779
Shadow Model 36/80, Epoch 19/20, Loss: 0.0723, Correct: 6843, Accuracy: 0.9776
Shadow Model 36/80, Epoch 20/20, Loss: 0.0460, Correct: 6889, Accuracy: 0.9841
Shadow Model 37/80, Epoch 1/20, Loss: 1.0979, Correct: 4220, Accuracy: 0.6029
Shadow Model 37/80, Epoch 2/20, Loss: 0.7803, Correct: 4996, Accuracy: 0.7137
Shadow Model 37/80, Epoch 3/20, Loss: 0.6461, Correct: 5395, Accuracy: 0.7707
Shadow Model 37/80, Epoch 4/20, Loss: 0.5693, Correct: 5600, Accuracy: 0.8000
Shadow Model 37/80, Epoch 5/20, Loss: 0.4719, Correct: 5825, Accuracy: 0.8321
Shadow Model 37/80, Epoch 6/20, Loss: 0.4402, Correct: 5905, Accuracy: 0.8436
Shadow Model 37/80, Epoch 7/20, Loss: 0.3750, Correct: 6070, Accuracy: 0.8671
Shadow Model 37/80, Epoch 8/20, Loss: 0.3561, Correct: 6148, Accuracy: 0.8783
Shadow Model 37/80, Epoch 9/20, Loss: 0.3270, Correct: 6209, Accuracy: 0.8870
Shadow Model 37/80, Epoch 10/20, Loss: 0.2663, Correct: 6345, Accuracy: 0.9064
Shadow Model 37/80, Epoch 11/20, Loss: 0.2489, Correct: 6406, Accuracy: 0.9151
Shadow Model 37/80, Epoch 12/20, Loss: 0.2046, Correct: 6507, Accuracy: 0.9296
Shadow Model 37/80, Epoch 13/20, Loss: 0.1691, Correct: 6578, Accuracy: 0.9397
Shadow Model 37/80, Epoch 14/20, Loss: 0.1667, Correct: 6582, Accuracy: 0.9403
Shadow Model 37/80, Epoch 15/20, Loss: 0.1449, Correct: 6659, Accuracy: 0.9513
Shadow Model 37/80, Epoch 16/20, Loss: 0.1289, Correct: 6693, Accuracy: 0.9561
Shadow Model 37/80, Epoch 17/20, Loss: 0.0841, Correct: 6803, Accuracy: 0.9719
Shadow Model 37/80, Epoch 18/20, Loss: 0.0843, Correct: 6796, Accuracy: 0.9709
Shadow Model 37/80, Epoch 19/20, Loss: 0.0775, Correct: 6804, Accuracy: 0.9720
Shadow Model 37/80, Epoch 20/20, Loss: 0.0630, Correct: 6848, Accuracy: 0.9783
Shadow Model 38/80, Epoch 1/20, Loss: 1.1115, Correct: 4159, Accuracy: 0.5941
Shadow Model 38/80, Epoch 2/20, Loss: 0.8203, Correct: 4928, Accuracy: 0.7040
Shadow Model 38/80, Epoch 3/20, Loss: 0.6894, Correct: 5287, Accuracy: 0.7553
Shadow Model 38/80, Epoch 4/20, Loss: 0.6081, Correct: 5449, Accuracy: 0.7784
Shadow Model 38/80, Epoch 5/20, Loss: 0.5086, Correct: 5745, Accuracy: 0.8207
Shadow Model 38/80, Epoch 6/20, Loss: 0.5051, Correct: 5748, Accuracy: 0.8211
Shadow Model 38/80, Epoch 7/20, Loss: 0.4128, Correct: 5960, Accuracy: 0.8514
Shadow Model 38/80, Epoch 8/20, Loss: 0.3755, Correct: 6104, Accuracy: 0.8720
Shadow Model 38/80, Epoch 9/20, Loss: 0.3498, Correct: 6129, Accuracy: 0.8756
Shadow Model 38/80, Epoch 10/20, Loss: 0.3077, Correct: 6243, Accuracy: 0.8919
Shadow Model 38/80, Epoch 11/20, Loss: 0.2518, Correct: 6375, Accuracy: 0.9107
Shadow Model 38/80, Epoch 12/20, Loss: 0.2246, Correct: 6429, Accuracy: 0.9184
Shadow Model 38/80, Epoch 13/20, Loss: 0.2188, Correct: 6459, Accuracy: 0.9227
Shadow Model 38/80, Epoch 14/20, Loss: 0.1713, Correct: 6575, Accuracy: 0.9393
Shadow Model 38/80, Epoch 15/20, Loss: 0.1601, Correct: 6593, Accuracy: 0.9419
Shadow Model 38/80, Epoch 16/20, Loss: 0.1261, Correct: 6710, Accuracy: 0.9586
Shadow Model 38/80, Epoch 17/20, Loss: 0.0839, Correct: 6795, Accuracy: 0.9707
Shadow Model 38/80, Epoch 18/20, Loss: 0.0857, Correct: 6793, Accuracy: 0.9704
Shadow Model 38/80, Epoch 19/20, Loss: 0.1007, Correct: 6773, Accuracy: 0.9676
Shadow Model 38/80, Epoch 20/20, Loss: 0.0799, Correct: 6817, Accuracy: 0.9739
Shadow Model 39/80, Epoch 1/20, Loss: 1.1432, Correct: 4127, Accuracy: 0.5896
Shadow Model 39/80, Epoch 2/20, Loss: 0.7977, Correct: 5025, Accuracy: 0.7179
Shadow Model 39/80, Epoch 3/20, Loss: 0.6829, Correct: 5322, Accuracy: 0.7603
Shadow Model 39/80, Epoch 4/20, Loss: 0.5778, Correct: 5573, Accuracy: 0.7961
Shadow Model 39/80, Epoch 5/20, Loss: 0.4989, Correct: 5749, Accuracy: 0.8213
Shadow Model 39/80, Epoch 6/20, Loss: 0.4382, Correct: 5953, Accuracy: 0.8504
Shadow Model 39/80, Epoch 7/20, Loss: 0.4219, Correct: 5978, Accuracy: 0.8540
Shadow Model 39/80, Epoch 8/20, Loss: 0.3471, Correct: 6130, Accuracy: 0.8757
Shadow Model 39/80, Epoch 9/20, Loss: 0.3417, Correct: 6154, Accuracy: 0.8791
Shadow Model 39/80, Epoch 10/20, Loss: 0.2854, Correct: 6286, Accuracy: 0.8980
Shadow Model 39/80, Epoch 11/20, Loss: 0.2771, Correct: 6335, Accuracy: 0.9050
Shadow Model 39/80, Epoch 12/20, Loss: 0.2268, Correct: 6424, Accuracy: 0.9177
Shadow Model 39/80, Epoch 13/20, Loss: 0.2076, Correct: 6465, Accuracy: 0.9236
Shadow Model 39/80, Epoch 14/20, Loss: 0.2047, Correct: 6500, Accuracy: 0.9286
Shadow Model 39/80, Epoch 15/20, Loss: 0.1289, Correct: 6688, Accuracy: 0.9554
Shadow Model 39/80, Epoch 16/20, Loss: 0.1199, Correct: 6697, Accuracy: 0.9567
Shadow Model 39/80, Epoch 17/20, Loss: 0.0923, Correct: 6782, Accuracy: 0.9689
Shadow Model 39/80, Epoch 18/20, Loss: 0.1069, Correct: 6722, Accuracy: 0.9603
Shadow Model 39/80, Epoch 19/20, Loss: 0.0853, Correct: 6797, Accuracy: 0.9710
Shadow Model 39/80, Epoch 20/20, Loss: 0.0887, Correct: 6798, Accuracy: 0.9711
Shadow Model 40/80, Epoch 1/20, Loss: 1.1064, Correct: 4085, Accuracy: 0.5836
Shadow Model 40/80, Epoch 2/20, Loss: 0.8827, Correct: 4707, Accuracy: 0.6724
Shadow Model 40/80, Epoch 3/20, Loss: 0.6978, Correct: 5220, Accuracy: 0.7457
Shadow Model 40/80, Epoch 4/20, Loss: 0.6040, Correct: 5475, Accuracy: 0.7821
Shadow Model 40/80, Epoch 5/20, Loss: 0.5676, Correct: 5589, Accuracy: 0.7984
Shadow Model 40/80, Epoch 6/20, Loss: 0.4775, Correct: 5799, Accuracy: 0.8284
Shadow Model 40/80, Epoch 7/20, Loss: 0.4180, Correct: 5970, Accuracy: 0.8529
Shadow Model 40/80, Epoch 8/20, Loss: 0.4042, Correct: 6022, Accuracy: 0.8603
Shadow Model 40/80, Epoch 9/20, Loss: 0.3576, Correct: 6147, Accuracy: 0.8781
Shadow Model 40/80, Epoch 10/20, Loss: 0.2976, Correct: 6250, Accuracy: 0.8929
Shadow Model 40/80, Epoch 11/20, Loss: 0.2760, Correct: 6312, Accuracy: 0.9017
Shadow Model 40/80, Epoch 12/20, Loss: 0.2485, Correct: 6387, Accuracy: 0.9124
Shadow Model 40/80, Epoch 13/20, Loss: 0.1920, Correct: 6530, Accuracy: 0.9329
Shadow Model 40/80, Epoch 14/20, Loss: 0.1750, Correct: 6575, Accuracy: 0.9393
Shadow Model 40/80, Epoch 15/20, Loss: 0.1956, Correct: 6547, Accuracy: 0.9353
Shadow Model 40/80, Epoch 16/20, Loss: 0.1329, Correct: 6676, Accuracy: 0.9537
Shadow Model 40/80, Epoch 17/20, Loss: 0.1474, Correct: 6630, Accuracy: 0.9471
Shadow Model 40/80, Epoch 18/20, Loss: 0.0929, Correct: 6773, Accuracy: 0.9676
Shadow Model 40/80, Epoch 19/20, Loss: 0.0925, Correct: 6782, Accuracy: 0.9689
Shadow Model 40/80, Epoch 20/20, Loss: 0.0787, Correct: 6813, Accuracy: 0.9733
Shadow Model 41/80, Epoch 1/20, Loss: 1.1093, Correct: 4175, Accuracy: 0.5964
Shadow Model 41/80, Epoch 2/20, Loss: 0.8272, Correct: 4882, Accuracy: 0.6974
Shadow Model 41/80, Epoch 3/20, Loss: 0.6988, Correct: 5243, Accuracy: 0.7490
Shadow Model 41/80, Epoch 4/20, Loss: 0.5918, Correct: 5547, Accuracy: 0.7924
Shadow Model 41/80, Epoch 5/20, Loss: 0.5207, Correct: 5702, Accuracy: 0.8146
Shadow Model 41/80, Epoch 6/20, Loss: 0.4890, Correct: 5839, Accuracy: 0.8341
Shadow Model 41/80, Epoch 7/20, Loss: 0.4359, Correct: 5942, Accuracy: 0.8489
Shadow Model 41/80, Epoch 8/20, Loss: 0.3625, Correct: 6116, Accuracy: 0.8737
Shadow Model 41/80, Epoch 9/20, Loss: 0.3368, Correct: 6180, Accuracy: 0.8829
Shadow Model 41/80, Epoch 10/20, Loss: 0.2866, Correct: 6298, Accuracy: 0.8997
Shadow Model 41/80, Epoch 11/20, Loss: 0.2456, Correct: 6383, Accuracy: 0.9119
Shadow Model 41/80, Epoch 12/20, Loss: 0.2204, Correct: 6476, Accuracy: 0.9251
Shadow Model 41/80, Epoch 13/20, Loss: 0.1802, Correct: 6558, Accuracy: 0.9369
Shadow Model 41/80, Epoch 14/20, Loss: 0.1535, Correct: 6633, Accuracy: 0.9476
Shadow Model 41/80, Epoch 15/20, Loss: 0.1281, Correct: 6686, Accuracy: 0.9551
Shadow Model 41/80, Epoch 16/20, Loss: 0.1865, Correct: 6563, Accuracy: 0.9376
Shadow Model 41/80, Epoch 17/20, Loss: 0.1164, Correct: 6735, Accuracy: 0.9621
Shadow Model 41/80, Epoch 18/20, Loss: 0.1062, Correct: 6763, Accuracy: 0.9661
Shadow Model 41/80, Epoch 19/20, Loss: 0.0787, Correct: 6817, Accuracy: 0.9739
Shadow Model 41/80, Epoch 20/20, Loss: 0.0699, Correct: 6844, Accuracy: 0.9777
Shadow Model 42/80, Epoch 1/20, Loss: 1.1329, Correct: 4034, Accuracy: 0.5763
Shadow Model 42/80, Epoch 2/20, Loss: 0.8354, Correct: 4879, Accuracy: 0.6970
Shadow Model 42/80, Epoch 3/20, Loss: 0.7553, Correct: 5131, Accuracy: 0.7330
Shadow Model 42/80, Epoch 4/20, Loss: 0.6236, Correct: 5485, Accuracy: 0.7836
Shadow Model 42/80, Epoch 5/20, Loss: 0.5401, Correct: 5663, Accuracy: 0.8090
Shadow Model 42/80, Epoch 6/20, Loss: 0.4848, Correct: 5802, Accuracy: 0.8289
Shadow Model 42/80, Epoch 7/20, Loss: 0.4397, Correct: 5896, Accuracy: 0.8423
Shadow Model 42/80, Epoch 8/20, Loss: 0.4003, Correct: 6013, Accuracy: 0.8590
Shadow Model 42/80, Epoch 9/20, Loss: 0.3644, Correct: 6110, Accuracy: 0.8729
Shadow Model 42/80, Epoch 10/20, Loss: 0.3037, Correct: 6270, Accuracy: 0.8957
Shadow Model 42/80, Epoch 11/20, Loss: 0.2947, Correct: 6253, Accuracy: 0.8933
Shadow Model 42/80, Epoch 12/20, Loss: 0.2739, Correct: 6341, Accuracy: 0.9059
Shadow Model 42/80, Epoch 13/20, Loss: 0.2708, Correct: 6356, Accuracy: 0.9080
Shadow Model 42/80, Epoch 14/20, Loss: 0.2044, Correct: 6525, Accuracy: 0.9321
Shadow Model 42/80, Epoch 15/20, Loss: 0.1671, Correct: 6574, Accuracy: 0.9391
Shadow Model 42/80, Epoch 16/20, Loss: 0.1646, Correct: 6604, Accuracy: 0.9434
Shadow Model 42/80, Epoch 17/20, Loss: 0.1480, Correct: 6650, Accuracy: 0.9500
Shadow Model 42/80, Epoch 18/20, Loss: 0.1070, Correct: 6736, Accuracy: 0.9623
Shadow Model 42/80, Epoch 19/20, Loss: 0.1174, Correct: 6712, Accuracy: 0.9589
Shadow Model 42/80, Epoch 20/20, Loss: 0.0790, Correct: 6816, Accuracy: 0.9737
Shadow Model 43/80, Epoch 1/20, Loss: 1.1013, Correct: 4181, Accuracy: 0.5973
Shadow Model 43/80, Epoch 2/20, Loss: 0.7775, Correct: 5034, Accuracy: 0.7191
Shadow Model 43/80, Epoch 3/20, Loss: 0.6706, Correct: 5338, Accuracy: 0.7626
Shadow Model 43/80, Epoch 4/20, Loss: 0.5727, Correct: 5595, Accuracy: 0.7993
Shadow Model 43/80, Epoch 5/20, Loss: 0.5214, Correct: 5763, Accuracy: 0.8233
Shadow Model 43/80, Epoch 6/20, Loss: 0.4713, Correct: 5847, Accuracy: 0.8353
Shadow Model 43/80, Epoch 7/20, Loss: 0.3971, Correct: 6011, Accuracy: 0.8587
Shadow Model 43/80, Epoch 8/20, Loss: 0.3550, Correct: 6126, Accuracy: 0.8751
Shadow Model 43/80, Epoch 9/20, Loss: 0.3349, Correct: 6178, Accuracy: 0.8826
Shadow Model 43/80, Epoch 10/20, Loss: 0.3068, Correct: 6241, Accuracy: 0.8916
Shadow Model 43/80, Epoch 11/20, Loss: 0.2747, Correct: 6301, Accuracy: 0.9001
Shadow Model 43/80, Epoch 12/20, Loss: 0.2450, Correct: 6403, Accuracy: 0.9147
Shadow Model 43/80, Epoch 13/20, Loss: 0.2014, Correct: 6489, Accuracy: 0.9270
Shadow Model 43/80, Epoch 14/20, Loss: 0.2135, Correct: 6475, Accuracy: 0.9250
Shadow Model 43/80, Epoch 15/20, Loss: 0.1538, Correct: 6621, Accuracy: 0.9459
Shadow Model 43/80, Epoch 16/20, Loss: 0.1562, Correct: 6608, Accuracy: 0.9440
Shadow Model 43/80, Epoch 17/20, Loss: 0.1434, Correct: 6673, Accuracy: 0.9533
Shadow Model 43/80, Epoch 18/20, Loss: 0.0814, Correct: 6792, Accuracy: 0.9703
Shadow Model 43/80, Epoch 19/20, Loss: 0.0975, Correct: 6758, Accuracy: 0.9654
Shadow Model 43/80, Epoch 20/20, Loss: 0.0548, Correct: 6866, Accuracy: 0.9809
Shadow Model 44/80, Epoch 1/20, Loss: 1.1182, Correct: 4108, Accuracy: 0.5869
Shadow Model 44/80, Epoch 2/20, Loss: 0.8516, Correct: 4792, Accuracy: 0.6846
Shadow Model 44/80, Epoch 3/20, Loss: 0.6873, Correct: 5241, Accuracy: 0.7487
Shadow Model 44/80, Epoch 4/20, Loss: 0.6787, Correct: 5349, Accuracy: 0.7641
Shadow Model 44/80, Epoch 5/20, Loss: 0.5211, Correct: 5706, Accuracy: 0.8151
Shadow Model 44/80, Epoch 6/20, Loss: 0.4323, Correct: 5945, Accuracy: 0.8493
Shadow Model 44/80, Epoch 7/20, Loss: 0.3904, Correct: 6036, Accuracy: 0.8623
Shadow Model 44/80, Epoch 8/20, Loss: 0.3732, Correct: 6097, Accuracy: 0.8710
Shadow Model 44/80, Epoch 9/20, Loss: 0.3294, Correct: 6162, Accuracy: 0.8803
Shadow Model 44/80, Epoch 10/20, Loss: 0.3051, Correct: 6234, Accuracy: 0.8906
Shadow Model 44/80, Epoch 11/20, Loss: 0.2438, Correct: 6375, Accuracy: 0.9107
Shadow Model 44/80, Epoch 12/20, Loss: 0.2192, Correct: 6474, Accuracy: 0.9249
Shadow Model 44/80, Epoch 13/20, Loss: 0.2001, Correct: 6513, Accuracy: 0.9304
Shadow Model 44/80, Epoch 14/20, Loss: 0.1622, Correct: 6623, Accuracy: 0.9461
Shadow Model 44/80, Epoch 15/20, Loss: 0.1366, Correct: 6673, Accuracy: 0.9533
Shadow Model 44/80, Epoch 16/20, Loss: 0.1526, Correct: 6645, Accuracy: 0.9493
Shadow Model 44/80, Epoch 17/20, Loss: 0.1047, Correct: 6758, Accuracy: 0.9654
Shadow Model 44/80, Epoch 18/20, Loss: 0.0752, Correct: 6825, Accuracy: 0.9750
Shadow Model 44/80, Epoch 19/20, Loss: 0.0787, Correct: 6825, Accuracy: 0.9750
Shadow Model 44/80, Epoch 20/20, Loss: 0.1183, Correct: 6730, Accuracy: 0.9614
Shadow Model 45/80, Epoch 1/20, Loss: 1.0800, Correct: 4209, Accuracy: 0.6013
Shadow Model 45/80, Epoch 2/20, Loss: 0.8221, Correct: 4908, Accuracy: 0.7011
Shadow Model 45/80, Epoch 3/20, Loss: 0.6541, Correct: 5348, Accuracy: 0.7640
Shadow Model 45/80, Epoch 4/20, Loss: 0.5697, Correct: 5559, Accuracy: 0.7941
Shadow Model 45/80, Epoch 5/20, Loss: 0.5037, Correct: 5749, Accuracy: 0.8213
Shadow Model 45/80, Epoch 6/20, Loss: 0.4608, Correct: 5865, Accuracy: 0.8379
Shadow Model 45/80, Epoch 7/20, Loss: 0.3942, Correct: 6038, Accuracy: 0.8626
Shadow Model 45/80, Epoch 8/20, Loss: 0.3549, Correct: 6122, Accuracy: 0.8746
Shadow Model 45/80, Epoch 9/20, Loss: 0.3163, Correct: 6154, Accuracy: 0.8791
Shadow Model 45/80, Epoch 10/20, Loss: 0.2540, Correct: 6383, Accuracy: 0.9119
Shadow Model 45/80, Epoch 11/20, Loss: 0.2549, Correct: 6358, Accuracy: 0.9083
Shadow Model 45/80, Epoch 12/20, Loss: 0.1988, Correct: 6492, Accuracy: 0.9274
Shadow Model 45/80, Epoch 13/20, Loss: 0.1659, Correct: 6612, Accuracy: 0.9446
Shadow Model 45/80, Epoch 14/20, Loss: 0.1286, Correct: 6699, Accuracy: 0.9570
Shadow Model 45/80, Epoch 15/20, Loss: 0.1381, Correct: 6673, Accuracy: 0.9533
Shadow Model 45/80, Epoch 16/20, Loss: 0.1070, Correct: 6755, Accuracy: 0.9650
Shadow Model 45/80, Epoch 17/20, Loss: 0.0873, Correct: 6795, Accuracy: 0.9707
Shadow Model 45/80, Epoch 18/20, Loss: 0.0739, Correct: 6840, Accuracy: 0.9771
Shadow Model 45/80, Epoch 19/20, Loss: 0.0874, Correct: 6791, Accuracy: 0.9701
Shadow Model 45/80, Epoch 20/20, Loss: 0.0764, Correct: 6827, Accuracy: 0.9753
Shadow Model 46/80, Epoch 1/20, Loss: 1.0949, Correct: 4206, Accuracy: 0.6009
Shadow Model 46/80, Epoch 2/20, Loss: 0.8385, Correct: 4854, Accuracy: 0.6934
Shadow Model 46/80, Epoch 3/20, Loss: 0.7084, Correct: 5216, Accuracy: 0.7451
Shadow Model 46/80, Epoch 4/20, Loss: 0.6487, Correct: 5407, Accuracy: 0.7724
Shadow Model 46/80, Epoch 5/20, Loss: 0.5272, Correct: 5699, Accuracy: 0.8141
Shadow Model 46/80, Epoch 6/20, Loss: 0.4789, Correct: 5802, Accuracy: 0.8289
Shadow Model 46/80, Epoch 7/20, Loss: 0.4356, Correct: 5918, Accuracy: 0.8454
Shadow Model 46/80, Epoch 8/20, Loss: 0.3582, Correct: 6131, Accuracy: 0.8759
Shadow Model 46/80, Epoch 9/20, Loss: 0.3204, Correct: 6202, Accuracy: 0.8860
Shadow Model 46/80, Epoch 10/20, Loss: 0.3330, Correct: 6196, Accuracy: 0.8851
Shadow Model 46/80, Epoch 11/20, Loss: 0.2616, Correct: 6320, Accuracy: 0.9029
Shadow Model 46/80, Epoch 12/20, Loss: 0.2457, Correct: 6388, Accuracy: 0.9126
Shadow Model 46/80, Epoch 13/20, Loss: 0.2165, Correct: 6491, Accuracy: 0.9273
Shadow Model 46/80, Epoch 14/20, Loss: 0.1708, Correct: 6581, Accuracy: 0.9401
Shadow Model 46/80, Epoch 15/20, Loss: 0.1634, Correct: 6596, Accuracy: 0.9423
Shadow Model 46/80, Epoch 16/20, Loss: 0.1244, Correct: 6702, Accuracy: 0.9574
Shadow Model 46/80, Epoch 17/20, Loss: 0.1098, Correct: 6738, Accuracy: 0.9626
Shadow Model 46/80, Epoch 18/20, Loss: 0.1036, Correct: 6755, Accuracy: 0.9650
Shadow Model 46/80, Epoch 19/20, Loss: 0.0685, Correct: 6848, Accuracy: 0.9783
Shadow Model 46/80, Epoch 20/20, Loss: 0.0681, Correct: 6847, Accuracy: 0.9781
Shadow Model 47/80, Epoch 1/20, Loss: 1.1081, Correct: 4206, Accuracy: 0.6009
Shadow Model 47/80, Epoch 2/20, Loss: 0.7920, Correct: 4980, Accuracy: 0.7114
Shadow Model 47/80, Epoch 3/20, Loss: 0.6738, Correct: 5298, Accuracy: 0.7569
Shadow Model 47/80, Epoch 4/20, Loss: 0.5729, Correct: 5582, Accuracy: 0.7974
Shadow Model 47/80, Epoch 5/20, Loss: 0.4933, Correct: 5771, Accuracy: 0.8244
Shadow Model 47/80, Epoch 6/20, Loss: 0.4956, Correct: 5744, Accuracy: 0.8206
Shadow Model 47/80, Epoch 7/20, Loss: 0.4131, Correct: 5980, Accuracy: 0.8543
Shadow Model 47/80, Epoch 8/20, Loss: 0.3638, Correct: 6058, Accuracy: 0.8654
Shadow Model 47/80, Epoch 9/20, Loss: 0.3257, Correct: 6194, Accuracy: 0.8849
Shadow Model 47/80, Epoch 10/20, Loss: 0.2708, Correct: 6329, Accuracy: 0.9041
Shadow Model 47/80, Epoch 11/20, Loss: 0.2630, Correct: 6358, Accuracy: 0.9083
Shadow Model 47/80, Epoch 12/20, Loss: 0.2139, Correct: 6471, Accuracy: 0.9244
Shadow Model 47/80, Epoch 13/20, Loss: 0.2150, Correct: 6476, Accuracy: 0.9251
Shadow Model 47/80, Epoch 14/20, Loss: 0.1832, Correct: 6554, Accuracy: 0.9363
Shadow Model 47/80, Epoch 15/20, Loss: 0.1437, Correct: 6667, Accuracy: 0.9524
Shadow Model 47/80, Epoch 16/20, Loss: 0.1228, Correct: 6706, Accuracy: 0.9580
Shadow Model 47/80, Epoch 17/20, Loss: 0.1111, Correct: 6758, Accuracy: 0.9654
Shadow Model 47/80, Epoch 18/20, Loss: 0.1205, Correct: 6705, Accuracy: 0.9579
Shadow Model 47/80, Epoch 19/20, Loss: 0.0846, Correct: 6804, Accuracy: 0.9720
Shadow Model 47/80, Epoch 20/20, Loss: 0.0485, Correct: 6891, Accuracy: 0.9844
Shadow Model 48/80, Epoch 1/20, Loss: 1.1067, Correct: 4150, Accuracy: 0.5929
Shadow Model 48/80, Epoch 2/20, Loss: 0.7827, Correct: 4969, Accuracy: 0.7099
Shadow Model 48/80, Epoch 3/20, Loss: 0.6777, Correct: 5323, Accuracy: 0.7604
Shadow Model 48/80, Epoch 4/20, Loss: 0.6389, Correct: 5372, Accuracy: 0.7674
Shadow Model 48/80, Epoch 5/20, Loss: 0.4918, Correct: 5801, Accuracy: 0.8287
Shadow Model 48/80, Epoch 6/20, Loss: 0.4428, Correct: 5898, Accuracy: 0.8426
Shadow Model 48/80, Epoch 7/20, Loss: 0.4071, Correct: 5992, Accuracy: 0.8560
Shadow Model 48/80, Epoch 8/20, Loss: 0.3931, Correct: 6029, Accuracy: 0.8613
Shadow Model 48/80, Epoch 9/20, Loss: 0.3749, Correct: 6064, Accuracy: 0.8663
Shadow Model 48/80, Epoch 10/20, Loss: 0.3062, Correct: 6254, Accuracy: 0.8934
Shadow Model 48/80, Epoch 11/20, Loss: 0.2936, Correct: 6281, Accuracy: 0.8973
Shadow Model 48/80, Epoch 12/20, Loss: 0.2341, Correct: 6428, Accuracy: 0.9183
Shadow Model 48/80, Epoch 13/20, Loss: 0.2213, Correct: 6452, Accuracy: 0.9217
Shadow Model 48/80, Epoch 14/20, Loss: 0.1941, Correct: 6524, Accuracy: 0.9320
Shadow Model 48/80, Epoch 15/20, Loss: 0.1745, Correct: 6556, Accuracy: 0.9366
Shadow Model 48/80, Epoch 16/20, Loss: 0.1081, Correct: 6735, Accuracy: 0.9621
Shadow Model 48/80, Epoch 17/20, Loss: 0.1538, Correct: 6626, Accuracy: 0.9466
Shadow Model 48/80, Epoch 18/20, Loss: 0.1261, Correct: 6699, Accuracy: 0.9570
Shadow Model 48/80, Epoch 19/20, Loss: 0.1028, Correct: 6751, Accuracy: 0.9644
Shadow Model 48/80, Epoch 20/20, Loss: 0.0859, Correct: 6803, Accuracy: 0.9719
Shadow Model 49/80, Epoch 1/20, Loss: 1.1566, Correct: 4049, Accuracy: 0.5784
Shadow Model 49/80, Epoch 2/20, Loss: 0.8265, Correct: 4881, Accuracy: 0.6973
Shadow Model 49/80, Epoch 3/20, Loss: 0.6843, Correct: 5299, Accuracy: 0.7570
Shadow Model 49/80, Epoch 4/20, Loss: 0.6220, Correct: 5451, Accuracy: 0.7787
Shadow Model 49/80, Epoch 5/20, Loss: 0.5242, Correct: 5675, Accuracy: 0.8107
Shadow Model 49/80, Epoch 6/20, Loss: 0.5124, Correct: 5733, Accuracy: 0.8190
Shadow Model 49/80, Epoch 7/20, Loss: 0.4247, Correct: 5958, Accuracy: 0.8511
Shadow Model 49/80, Epoch 8/20, Loss: 0.3747, Correct: 6081, Accuracy: 0.8687
Shadow Model 49/80, Epoch 9/20, Loss: 0.3344, Correct: 6168, Accuracy: 0.8811
Shadow Model 49/80, Epoch 10/20, Loss: 0.2922, Correct: 6284, Accuracy: 0.8977
Shadow Model 49/80, Epoch 11/20, Loss: 0.2702, Correct: 6353, Accuracy: 0.9076
Shadow Model 49/80, Epoch 12/20, Loss: 0.2516, Correct: 6375, Accuracy: 0.9107
Shadow Model 49/80, Epoch 13/20, Loss: 0.1903, Correct: 6524, Accuracy: 0.9320
Shadow Model 49/80, Epoch 14/20, Loss: 0.2027, Correct: 6504, Accuracy: 0.9291
Shadow Model 49/80, Epoch 15/20, Loss: 0.1918, Correct: 6534, Accuracy: 0.9334
Shadow Model 49/80, Epoch 16/20, Loss: 0.1510, Correct: 6649, Accuracy: 0.9499
Shadow Model 49/80, Epoch 17/20, Loss: 0.1133, Correct: 6758, Accuracy: 0.9654
Shadow Model 49/80, Epoch 18/20, Loss: 0.1022, Correct: 6768, Accuracy: 0.9669
Shadow Model 49/80, Epoch 19/20, Loss: 0.1032, Correct: 6768, Accuracy: 0.9669
Shadow Model 49/80, Epoch 20/20, Loss: 0.0537, Correct: 6890, Accuracy: 0.9843
Shadow Model 50/80, Epoch 1/20, Loss: 1.1127, Correct: 4230, Accuracy: 0.6043
Shadow Model 50/80, Epoch 2/20, Loss: 0.8000, Correct: 4980, Accuracy: 0.7114
Shadow Model 50/80, Epoch 3/20, Loss: 0.6511, Correct: 5381, Accuracy: 0.7687
Shadow Model 50/80, Epoch 4/20, Loss: 0.5497, Correct: 5653, Accuracy: 0.8076
Shadow Model 50/80, Epoch 5/20, Loss: 0.4904, Correct: 5770, Accuracy: 0.8243
Shadow Model 50/80, Epoch 6/20, Loss: 0.4987, Correct: 5806, Accuracy: 0.8294
Shadow Model 50/80, Epoch 7/20, Loss: 0.3927, Correct: 6064, Accuracy: 0.8663
Shadow Model 50/80, Epoch 8/20, Loss: 0.3554, Correct: 6119, Accuracy: 0.8741
Shadow Model 50/80, Epoch 9/20, Loss: 0.2962, Correct: 6247, Accuracy: 0.8924
Shadow Model 50/80, Epoch 10/20, Loss: 0.2729, Correct: 6335, Accuracy: 0.9050
Shadow Model 50/80, Epoch 11/20, Loss: 0.2972, Correct: 6312, Accuracy: 0.9017
Shadow Model 50/80, Epoch 12/20, Loss: 0.2105, Correct: 6476, Accuracy: 0.9251
Shadow Model 50/80, Epoch 13/20, Loss: 0.2037, Correct: 6476, Accuracy: 0.9251
Shadow Model 50/80, Epoch 14/20, Loss: 0.1606, Correct: 6606, Accuracy: 0.9437
Shadow Model 50/80, Epoch 15/20, Loss: 0.1323, Correct: 6679, Accuracy: 0.9541
Shadow Model 50/80, Epoch 16/20, Loss: 0.1054, Correct: 6748, Accuracy: 0.9640
Shadow Model 50/80, Epoch 17/20, Loss: 0.1041, Correct: 6757, Accuracy: 0.9653
Shadow Model 50/80, Epoch 18/20, Loss: 0.0753, Correct: 6823, Accuracy: 0.9747
Shadow Model 50/80, Epoch 19/20, Loss: 0.0827, Correct: 6809, Accuracy: 0.9727
Shadow Model 50/80, Epoch 20/20, Loss: 0.0874, Correct: 6806, Accuracy: 0.9723
Shadow Model 51/80, Epoch 1/20, Loss: 1.1218, Correct: 4090, Accuracy: 0.5843
Shadow Model 51/80, Epoch 2/20, Loss: 0.8069, Correct: 4937, Accuracy: 0.7053
Shadow Model 51/80, Epoch 3/20, Loss: 0.6675, Correct: 5288, Accuracy: 0.7554
Shadow Model 51/80, Epoch 4/20, Loss: 0.6109, Correct: 5468, Accuracy: 0.7811
Shadow Model 51/80, Epoch 5/20, Loss: 0.5341, Correct: 5635, Accuracy: 0.8050
Shadow Model 51/80, Epoch 6/20, Loss: 0.5206, Correct: 5746, Accuracy: 0.8209
Shadow Model 51/80, Epoch 7/20, Loss: 0.4368, Correct: 5920, Accuracy: 0.8457
Shadow Model 51/80, Epoch 8/20, Loss: 0.3879, Correct: 6047, Accuracy: 0.8639
Shadow Model 51/80, Epoch 9/20, Loss: 0.3424, Correct: 6159, Accuracy: 0.8799
Shadow Model 51/80, Epoch 10/20, Loss: 0.3195, Correct: 6177, Accuracy: 0.8824
Shadow Model 51/80, Epoch 11/20, Loss: 0.2820, Correct: 6266, Accuracy: 0.8951
Shadow Model 51/80, Epoch 12/20, Loss: 0.2438, Correct: 6397, Accuracy: 0.9139
Shadow Model 51/80, Epoch 13/20, Loss: 0.2282, Correct: 6417, Accuracy: 0.9167
Shadow Model 51/80, Epoch 14/20, Loss: 0.2235, Correct: 6446, Accuracy: 0.9209
Shadow Model 51/80, Epoch 15/20, Loss: 0.1527, Correct: 6626, Accuracy: 0.9466
Shadow Model 51/80, Epoch 16/20, Loss: 0.1545, Correct: 6653, Accuracy: 0.9504
Shadow Model 51/80, Epoch 17/20, Loss: 0.1261, Correct: 6697, Accuracy: 0.9567
Shadow Model 51/80, Epoch 18/20, Loss: 0.1263, Correct: 6716, Accuracy: 0.9594
Shadow Model 51/80, Epoch 19/20, Loss: 0.0893, Correct: 6788, Accuracy: 0.9697
Shadow Model 51/80, Epoch 20/20, Loss: 0.0944, Correct: 6773, Accuracy: 0.9676
Shadow Model 52/80, Epoch 1/20, Loss: 1.1517, Correct: 4100, Accuracy: 0.5857
Shadow Model 52/80, Epoch 2/20, Loss: 0.8441, Correct: 4876, Accuracy: 0.6966
Shadow Model 52/80, Epoch 3/20, Loss: 0.6693, Correct: 5318, Accuracy: 0.7597
Shadow Model 52/80, Epoch 4/20, Loss: 0.5641, Correct: 5611, Accuracy: 0.8016
Shadow Model 52/80, Epoch 5/20, Loss: 0.4999, Correct: 5727, Accuracy: 0.8181
Shadow Model 52/80, Epoch 6/20, Loss: 0.4678, Correct: 5871, Accuracy: 0.8387
Shadow Model 52/80, Epoch 7/20, Loss: 0.4166, Correct: 5941, Accuracy: 0.8487
Shadow Model 52/80, Epoch 8/20, Loss: 0.3806, Correct: 6046, Accuracy: 0.8637
Shadow Model 52/80, Epoch 9/20, Loss: 0.3202, Correct: 6206, Accuracy: 0.8866
Shadow Model 52/80, Epoch 10/20, Loss: 0.2882, Correct: 6283, Accuracy: 0.8976
Shadow Model 52/80, Epoch 11/20, Loss: 0.2536, Correct: 6372, Accuracy: 0.9103
Shadow Model 52/80, Epoch 12/20, Loss: 0.2335, Correct: 6397, Accuracy: 0.9139
Shadow Model 52/80, Epoch 13/20, Loss: 0.1948, Correct: 6529, Accuracy: 0.9327
Shadow Model 52/80, Epoch 14/20, Loss: 0.1615, Correct: 6606, Accuracy: 0.9437
Shadow Model 52/80, Epoch 15/20, Loss: 0.1603, Correct: 6617, Accuracy: 0.9453
Shadow Model 52/80, Epoch 16/20, Loss: 0.1727, Correct: 6548, Accuracy: 0.9354
Shadow Model 52/80, Epoch 17/20, Loss: 0.1180, Correct: 6716, Accuracy: 0.9594
Shadow Model 52/80, Epoch 18/20, Loss: 0.0824, Correct: 6805, Accuracy: 0.9721
Shadow Model 52/80, Epoch 19/20, Loss: 0.0714, Correct: 6839, Accuracy: 0.9770
Shadow Model 52/80, Epoch 20/20, Loss: 0.0709, Correct: 6818, Accuracy: 0.9740
Shadow Model 53/80, Epoch 1/20, Loss: 1.1162, Correct: 4069, Accuracy: 0.5813
Shadow Model 53/80, Epoch 2/20, Loss: 0.8221, Correct: 4941, Accuracy: 0.7059
Shadow Model 53/80, Epoch 3/20, Loss: 0.6852, Correct: 5311, Accuracy: 0.7587
Shadow Model 53/80, Epoch 4/20, Loss: 0.5599, Correct: 5625, Accuracy: 0.8036
Shadow Model 53/80, Epoch 5/20, Loss: 0.5250, Correct: 5683, Accuracy: 0.8119
Shadow Model 53/80, Epoch 6/20, Loss: 0.4512, Correct: 5896, Accuracy: 0.8423
Shadow Model 53/80, Epoch 7/20, Loss: 0.3818, Correct: 6027, Accuracy: 0.8610
Shadow Model 53/80, Epoch 8/20, Loss: 0.3696, Correct: 6090, Accuracy: 0.8700
Shadow Model 53/80, Epoch 9/20, Loss: 0.3068, Correct: 6225, Accuracy: 0.8893
Shadow Model 53/80, Epoch 10/20, Loss: 0.2990, Correct: 6238, Accuracy: 0.8911
Shadow Model 53/80, Epoch 11/20, Loss: 0.2497, Correct: 6355, Accuracy: 0.9079
Shadow Model 53/80, Epoch 12/20, Loss: 0.2298, Correct: 6409, Accuracy: 0.9156
Shadow Model 53/80, Epoch 13/20, Loss: 0.2151, Correct: 6476, Accuracy: 0.9251
Shadow Model 53/80, Epoch 14/20, Loss: 0.2012, Correct: 6523, Accuracy: 0.9319
Shadow Model 53/80, Epoch 15/20, Loss: 0.1518, Correct: 6632, Accuracy: 0.9474
Shadow Model 53/80, Epoch 16/20, Loss: 0.1121, Correct: 6729, Accuracy: 0.9613
Shadow Model 53/80, Epoch 17/20, Loss: 0.1334, Correct: 6690, Accuracy: 0.9557
Shadow Model 53/80, Epoch 18/20, Loss: 0.0792, Correct: 6802, Accuracy: 0.9717
Shadow Model 53/80, Epoch 19/20, Loss: 0.1439, Correct: 6668, Accuracy: 0.9526
Shadow Model 53/80, Epoch 20/20, Loss: 0.0754, Correct: 6818, Accuracy: 0.9740
Shadow Model 54/80, Epoch 1/20, Loss: 1.1036, Correct: 4197, Accuracy: 0.5996
Shadow Model 54/80, Epoch 2/20, Loss: 0.8487, Correct: 4835, Accuracy: 0.6907
Shadow Model 54/80, Epoch 3/20, Loss: 0.7007, Correct: 5214, Accuracy: 0.7449
Shadow Model 54/80, Epoch 4/20, Loss: 0.5563, Correct: 5609, Accuracy: 0.8013
Shadow Model 54/80, Epoch 5/20, Loss: 0.4968, Correct: 5781, Accuracy: 0.8259
Shadow Model 54/80, Epoch 6/20, Loss: 0.4332, Correct: 5957, Accuracy: 0.8510
Shadow Model 54/80, Epoch 7/20, Loss: 0.3938, Correct: 6031, Accuracy: 0.8616
Shadow Model 54/80, Epoch 8/20, Loss: 0.3634, Correct: 6099, Accuracy: 0.8713
Shadow Model 54/80, Epoch 9/20, Loss: 0.3384, Correct: 6145, Accuracy: 0.8779
Shadow Model 54/80, Epoch 10/20, Loss: 0.3021, Correct: 6251, Accuracy: 0.8930
Shadow Model 54/80, Epoch 11/20, Loss: 0.2633, Correct: 6353, Accuracy: 0.9076
Shadow Model 54/80, Epoch 12/20, Loss: 0.2404, Correct: 6379, Accuracy: 0.9113
Shadow Model 54/80, Epoch 13/20, Loss: 0.2035, Correct: 6498, Accuracy: 0.9283
Shadow Model 54/80, Epoch 14/20, Loss: 0.1680, Correct: 6577, Accuracy: 0.9396
Shadow Model 54/80, Epoch 15/20, Loss: 0.1621, Correct: 6594, Accuracy: 0.9420
Shadow Model 54/80, Epoch 16/20, Loss: 0.1284, Correct: 6702, Accuracy: 0.9574
Shadow Model 54/80, Epoch 17/20, Loss: 0.1077, Correct: 6760, Accuracy: 0.9657
Shadow Model 54/80, Epoch 18/20, Loss: 0.0968, Correct: 6769, Accuracy: 0.9670
Shadow Model 54/80, Epoch 19/20, Loss: 0.0789, Correct: 6815, Accuracy: 0.9736
Shadow Model 54/80, Epoch 20/20, Loss: 0.0780, Correct: 6824, Accuracy: 0.9749
Shadow Model 55/80, Epoch 1/20, Loss: 1.1122, Correct: 4137, Accuracy: 0.5910
Shadow Model 55/80, Epoch 2/20, Loss: 0.7786, Correct: 5056, Accuracy: 0.7223
Shadow Model 55/80, Epoch 3/20, Loss: 0.6695, Correct: 5361, Accuracy: 0.7659
Shadow Model 55/80, Epoch 4/20, Loss: 0.5779, Correct: 5527, Accuracy: 0.7896
Shadow Model 55/80, Epoch 5/20, Loss: 0.4927, Correct: 5791, Accuracy: 0.8273
Shadow Model 55/80, Epoch 6/20, Loss: 0.4512, Correct: 5902, Accuracy: 0.8431
Shadow Model 55/80, Epoch 7/20, Loss: 0.4160, Correct: 5967, Accuracy: 0.8524
Shadow Model 55/80, Epoch 8/20, Loss: 0.4097, Correct: 6007, Accuracy: 0.8581
Shadow Model 55/80, Epoch 9/20, Loss: 0.3149, Correct: 6230, Accuracy: 0.8900
Shadow Model 55/80, Epoch 10/20, Loss: 0.2949, Correct: 6234, Accuracy: 0.8906
Shadow Model 55/80, Epoch 11/20, Loss: 0.2683, Correct: 6303, Accuracy: 0.9004
Shadow Model 55/80, Epoch 12/20, Loss: 0.2461, Correct: 6424, Accuracy: 0.9177
Shadow Model 55/80, Epoch 13/20, Loss: 0.2096, Correct: 6495, Accuracy: 0.9279
Shadow Model 55/80, Epoch 14/20, Loss: 0.1881, Correct: 6538, Accuracy: 0.9340
Shadow Model 55/80, Epoch 15/20, Loss: 0.1528, Correct: 6658, Accuracy: 0.9511
Shadow Model 55/80, Epoch 16/20, Loss: 0.1172, Correct: 6729, Accuracy: 0.9613
Shadow Model 55/80, Epoch 17/20, Loss: 0.1148, Correct: 6749, Accuracy: 0.9641
Shadow Model 55/80, Epoch 18/20, Loss: 0.0983, Correct: 6766, Accuracy: 0.9666
Shadow Model 55/80, Epoch 19/20, Loss: 0.0810, Correct: 6815, Accuracy: 0.9736
Shadow Model 55/80, Epoch 20/20, Loss: 0.1157, Correct: 6709, Accuracy: 0.9584
Shadow Model 56/80, Epoch 1/20, Loss: 1.0448, Correct: 4354, Accuracy: 0.6220
Shadow Model 56/80, Epoch 2/20, Loss: 0.8103, Correct: 4981, Accuracy: 0.7116
Shadow Model 56/80, Epoch 3/20, Loss: 0.6764, Correct: 5311, Accuracy: 0.7587
Shadow Model 56/80, Epoch 4/20, Loss: 0.5782, Correct: 5596, Accuracy: 0.7994
Shadow Model 56/80, Epoch 5/20, Loss: 0.5010, Correct: 5772, Accuracy: 0.8246
Shadow Model 56/80, Epoch 6/20, Loss: 0.4621, Correct: 5852, Accuracy: 0.8360
Shadow Model 56/80, Epoch 7/20, Loss: 0.3919, Correct: 6049, Accuracy: 0.8641
Shadow Model 56/80, Epoch 8/20, Loss: 0.3580, Correct: 6102, Accuracy: 0.8717
Shadow Model 56/80, Epoch 9/20, Loss: 0.3120, Correct: 6224, Accuracy: 0.8891
Shadow Model 56/80, Epoch 10/20, Loss: 0.3133, Correct: 6246, Accuracy: 0.8923
Shadow Model 56/80, Epoch 11/20, Loss: 0.2384, Correct: 6422, Accuracy: 0.9174
Shadow Model 56/80, Epoch 12/20, Loss: 0.2066, Correct: 6511, Accuracy: 0.9301
Shadow Model 56/80, Epoch 13/20, Loss: 0.1833, Correct: 6551, Accuracy: 0.9359
Shadow Model 56/80, Epoch 14/20, Loss: 0.1505, Correct: 6645, Accuracy: 0.9493
Shadow Model 56/80, Epoch 15/20, Loss: 0.1306, Correct: 6668, Accuracy: 0.9526
Shadow Model 56/80, Epoch 16/20, Loss: 0.1320, Correct: 6683, Accuracy: 0.9547
Shadow Model 56/80, Epoch 17/20, Loss: 0.0973, Correct: 6762, Accuracy: 0.9660
Shadow Model 56/80, Epoch 18/20, Loss: 0.0888, Correct: 6793, Accuracy: 0.9704
Shadow Model 56/80, Epoch 19/20, Loss: 0.0444, Correct: 6897, Accuracy: 0.9853
Shadow Model 56/80, Epoch 20/20, Loss: 0.0694, Correct: 6844, Accuracy: 0.9777
Shadow Model 57/80, Epoch 1/20, Loss: 1.1407, Correct: 4095, Accuracy: 0.5850
Shadow Model 57/80, Epoch 2/20, Loss: 0.8120, Correct: 4991, Accuracy: 0.7130
Shadow Model 57/80, Epoch 3/20, Loss: 0.6688, Correct: 5296, Accuracy: 0.7566
Shadow Model 57/80, Epoch 4/20, Loss: 0.5737, Correct: 5605, Accuracy: 0.8007
Shadow Model 57/80, Epoch 5/20, Loss: 0.4964, Correct: 5751, Accuracy: 0.8216
Shadow Model 57/80, Epoch 6/20, Loss: 0.4436, Correct: 5899, Accuracy: 0.8427
Shadow Model 57/80, Epoch 7/20, Loss: 0.3914, Correct: 6031, Accuracy: 0.8616
Shadow Model 57/80, Epoch 8/20, Loss: 0.3332, Correct: 6177, Accuracy: 0.8824
Shadow Model 57/80, Epoch 9/20, Loss: 0.3380, Correct: 6156, Accuracy: 0.8794
Shadow Model 57/80, Epoch 10/20, Loss: 0.2658, Correct: 6356, Accuracy: 0.9080
Shadow Model 57/80, Epoch 11/20, Loss: 0.2289, Correct: 6431, Accuracy: 0.9187
Shadow Model 57/80, Epoch 12/20, Loss: 0.1988, Correct: 6526, Accuracy: 0.9323
Shadow Model 57/80, Epoch 13/20, Loss: 0.1572, Correct: 6643, Accuracy: 0.9490
Shadow Model 57/80, Epoch 14/20, Loss: 0.1632, Correct: 6603, Accuracy: 0.9433
Shadow Model 57/80, Epoch 15/20, Loss: 0.1289, Correct: 6679, Accuracy: 0.9541
Shadow Model 57/80, Epoch 16/20, Loss: 0.1247, Correct: 6698, Accuracy: 0.9569
Shadow Model 57/80, Epoch 17/20, Loss: 0.1051, Correct: 6752, Accuracy: 0.9646
Shadow Model 57/80, Epoch 18/20, Loss: 0.0677, Correct: 6848, Accuracy: 0.9783
Shadow Model 57/80, Epoch 19/20, Loss: 0.1016, Correct: 6791, Accuracy: 0.9701
Shadow Model 57/80, Epoch 20/20, Loss: 0.0758, Correct: 6820, Accuracy: 0.9743
Shadow Model 58/80, Epoch 1/20, Loss: 1.0405, Correct: 4335, Accuracy: 0.6193
Shadow Model 58/80, Epoch 2/20, Loss: 0.7869, Correct: 4995, Accuracy: 0.7136
Shadow Model 58/80, Epoch 3/20, Loss: 0.6759, Correct: 5316, Accuracy: 0.7594
Shadow Model 58/80, Epoch 4/20, Loss: 0.5350, Correct: 5710, Accuracy: 0.8157
Shadow Model 58/80, Epoch 5/20, Loss: 0.4725, Correct: 5835, Accuracy: 0.8336
Shadow Model 58/80, Epoch 6/20, Loss: 0.4192, Correct: 5970, Accuracy: 0.8529
Shadow Model 58/80, Epoch 7/20, Loss: 0.3949, Correct: 6044, Accuracy: 0.8634
Shadow Model 58/80, Epoch 8/20, Loss: 0.3619, Correct: 6124, Accuracy: 0.8749
Shadow Model 58/80, Epoch 9/20, Loss: 0.2948, Correct: 6287, Accuracy: 0.8981
Shadow Model 58/80, Epoch 10/20, Loss: 0.2752, Correct: 6312, Accuracy: 0.9017
Shadow Model 58/80, Epoch 11/20, Loss: 0.2050, Correct: 6511, Accuracy: 0.9301
Shadow Model 58/80, Epoch 12/20, Loss: 0.1893, Correct: 6524, Accuracy: 0.9320
Shadow Model 58/80, Epoch 13/20, Loss: 0.1856, Correct: 6584, Accuracy: 0.9406
Shadow Model 58/80, Epoch 14/20, Loss: 0.1291, Correct: 6684, Accuracy: 0.9549
Shadow Model 58/80, Epoch 15/20, Loss: 0.1232, Correct: 6713, Accuracy: 0.9590
Shadow Model 58/80, Epoch 16/20, Loss: 0.1148, Correct: 6715, Accuracy: 0.9593
Shadow Model 58/80, Epoch 17/20, Loss: 0.0886, Correct: 6797, Accuracy: 0.9710
Shadow Model 58/80, Epoch 18/20, Loss: 0.0705, Correct: 6840, Accuracy: 0.9771
Shadow Model 58/80, Epoch 19/20, Loss: 0.0453, Correct: 6892, Accuracy: 0.9846
Shadow Model 58/80, Epoch 20/20, Loss: 0.0814, Correct: 6798, Accuracy: 0.9711
Shadow Model 59/80, Epoch 1/20, Loss: 1.0503, Correct: 4367, Accuracy: 0.6239
Shadow Model 59/80, Epoch 2/20, Loss: 0.7797, Correct: 5044, Accuracy: 0.7206
Shadow Model 59/80, Epoch 3/20, Loss: 0.6400, Correct: 5450, Accuracy: 0.7786
Shadow Model 59/80, Epoch 4/20, Loss: 0.5515, Correct: 5637, Accuracy: 0.8053
Shadow Model 59/80, Epoch 5/20, Loss: 0.4717, Correct: 5840, Accuracy: 0.8343
Shadow Model 59/80, Epoch 6/20, Loss: 0.4438, Correct: 5877, Accuracy: 0.8396
Shadow Model 59/80, Epoch 7/20, Loss: 0.3917, Correct: 6052, Accuracy: 0.8646
Shadow Model 59/80, Epoch 8/20, Loss: 0.3730, Correct: 6071, Accuracy: 0.8673
Shadow Model 59/80, Epoch 9/20, Loss: 0.3463, Correct: 6149, Accuracy: 0.8784
Shadow Model 59/80, Epoch 10/20, Loss: 0.3658, Correct: 6112, Accuracy: 0.8731
Shadow Model 59/80, Epoch 11/20, Loss: 0.2478, Correct: 6385, Accuracy: 0.9121
Shadow Model 59/80, Epoch 12/20, Loss: 0.2219, Correct: 6446, Accuracy: 0.9209
Shadow Model 59/80, Epoch 13/20, Loss: 0.1816, Correct: 6558, Accuracy: 0.9369
Shadow Model 59/80, Epoch 14/20, Loss: 0.1551, Correct: 6610, Accuracy: 0.9443
Shadow Model 59/80, Epoch 15/20, Loss: 0.1501, Correct: 6623, Accuracy: 0.9461
Shadow Model 59/80, Epoch 16/20, Loss: 0.0982, Correct: 6774, Accuracy: 0.9677
Shadow Model 59/80, Epoch 17/20, Loss: 0.1198, Correct: 6710, Accuracy: 0.9586
Shadow Model 59/80, Epoch 18/20, Loss: 0.0605, Correct: 6848, Accuracy: 0.9783
Shadow Model 59/80, Epoch 19/20, Loss: 0.0825, Correct: 6816, Accuracy: 0.9737
Shadow Model 59/80, Epoch 20/20, Loss: 0.0758, Correct: 6817, Accuracy: 0.9739
Shadow Model 60/80, Epoch 1/20, Loss: 1.1201, Correct: 4097, Accuracy: 0.5853
Shadow Model 60/80, Epoch 2/20, Loss: 0.8632, Correct: 4813, Accuracy: 0.6876
Shadow Model 60/80, Epoch 3/20, Loss: 0.6907, Correct: 5265, Accuracy: 0.7521
Shadow Model 60/80, Epoch 4/20, Loss: 0.6162, Correct: 5430, Accuracy: 0.7757
Shadow Model 60/80, Epoch 5/20, Loss: 0.5619, Correct: 5599, Accuracy: 0.7999
Shadow Model 60/80, Epoch 6/20, Loss: 0.4846, Correct: 5742, Accuracy: 0.8203
Shadow Model 60/80, Epoch 7/20, Loss: 0.4312, Correct: 5941, Accuracy: 0.8487
Shadow Model 60/80, Epoch 8/20, Loss: 0.4104, Correct: 6000, Accuracy: 0.8571
Shadow Model 60/80, Epoch 9/20, Loss: 0.3462, Correct: 6109, Accuracy: 0.8727
Shadow Model 60/80, Epoch 10/20, Loss: 0.3108, Correct: 6211, Accuracy: 0.8873
Shadow Model 60/80, Epoch 11/20, Loss: 0.2843, Correct: 6289, Accuracy: 0.8984
Shadow Model 60/80, Epoch 12/20, Loss: 0.2507, Correct: 6381, Accuracy: 0.9116
Shadow Model 60/80, Epoch 13/20, Loss: 0.2300, Correct: 6446, Accuracy: 0.9209
Shadow Model 60/80, Epoch 14/20, Loss: 0.2094, Correct: 6491, Accuracy: 0.9273
Shadow Model 60/80, Epoch 15/20, Loss: 0.1787, Correct: 6553, Accuracy: 0.9361
Shadow Model 60/80, Epoch 16/20, Loss: 0.1513, Correct: 6627, Accuracy: 0.9467
Shadow Model 60/80, Epoch 17/20, Loss: 0.1173, Correct: 6726, Accuracy: 0.9609
Shadow Model 60/80, Epoch 18/20, Loss: 0.1220, Correct: 6693, Accuracy: 0.9561
Shadow Model 60/80, Epoch 19/20, Loss: 0.1078, Correct: 6738, Accuracy: 0.9626
Shadow Model 60/80, Epoch 20/20, Loss: 0.0841, Correct: 6806, Accuracy: 0.9723
Shadow Model 61/80, Epoch 1/20, Loss: 1.1105, Correct: 4116, Accuracy: 0.5880
Shadow Model 61/80, Epoch 2/20, Loss: 0.8336, Correct: 4820, Accuracy: 0.6886
Shadow Model 61/80, Epoch 3/20, Loss: 0.6457, Correct: 5376, Accuracy: 0.7680
Shadow Model 61/80, Epoch 4/20, Loss: 0.5794, Correct: 5572, Accuracy: 0.7960
Shadow Model 61/80, Epoch 5/20, Loss: 0.4936, Correct: 5803, Accuracy: 0.8290
Shadow Model 61/80, Epoch 6/20, Loss: 0.4336, Correct: 5928, Accuracy: 0.8469
Shadow Model 61/80, Epoch 7/20, Loss: 0.3785, Correct: 6096, Accuracy: 0.8709
Shadow Model 61/80, Epoch 8/20, Loss: 0.3466, Correct: 6123, Accuracy: 0.8747
Shadow Model 61/80, Epoch 9/20, Loss: 0.2932, Correct: 6310, Accuracy: 0.9014
Shadow Model 61/80, Epoch 10/20, Loss: 0.2698, Correct: 6350, Accuracy: 0.9071
Shadow Model 61/80, Epoch 11/20, Loss: 0.2478, Correct: 6400, Accuracy: 0.9143
Shadow Model 61/80, Epoch 12/20, Loss: 0.1966, Correct: 6524, Accuracy: 0.9320
Shadow Model 61/80, Epoch 13/20, Loss: 0.1678, Correct: 6597, Accuracy: 0.9424
Shadow Model 61/80, Epoch 14/20, Loss: 0.1539, Correct: 6647, Accuracy: 0.9496
Shadow Model 61/80, Epoch 15/20, Loss: 0.1389, Correct: 6664, Accuracy: 0.9520
Shadow Model 61/80, Epoch 16/20, Loss: 0.1046, Correct: 6742, Accuracy: 0.9631
Shadow Model 61/80, Epoch 17/20, Loss: 0.1109, Correct: 6734, Accuracy: 0.9620
Shadow Model 61/80, Epoch 18/20, Loss: 0.0711, Correct: 6850, Accuracy: 0.9786
Shadow Model 61/80, Epoch 19/20, Loss: 0.0684, Correct: 6849, Accuracy: 0.9784
Shadow Model 61/80, Epoch 20/20, Loss: 0.0559, Correct: 6874, Accuracy: 0.9820
Shadow Model 62/80, Epoch 1/20, Loss: 1.1025, Correct: 4104, Accuracy: 0.5863
Shadow Model 62/80, Epoch 2/20, Loss: 0.8191, Correct: 4916, Accuracy: 0.7023
Shadow Model 62/80, Epoch 3/20, Loss: 0.6967, Correct: 5203, Accuracy: 0.7433
Shadow Model 62/80, Epoch 4/20, Loss: 0.6012, Correct: 5520, Accuracy: 0.7886
Shadow Model 62/80, Epoch 5/20, Loss: 0.5468, Correct: 5649, Accuracy: 0.8070
Shadow Model 62/80, Epoch 6/20, Loss: 0.4563, Correct: 5864, Accuracy: 0.8377
Shadow Model 62/80, Epoch 7/20, Loss: 0.4314, Correct: 5913, Accuracy: 0.8447
Shadow Model 62/80, Epoch 8/20, Loss: 0.3767, Correct: 6050, Accuracy: 0.8643
Shadow Model 62/80, Epoch 9/20, Loss: 0.3154, Correct: 6228, Accuracy: 0.8897
Shadow Model 62/80, Epoch 10/20, Loss: 0.3328, Correct: 6199, Accuracy: 0.8856
Shadow Model 62/80, Epoch 11/20, Loss: 0.2587, Correct: 6334, Accuracy: 0.9049
Shadow Model 62/80, Epoch 12/20, Loss: 0.2274, Correct: 6432, Accuracy: 0.9189
Shadow Model 62/80, Epoch 13/20, Loss: 0.2239, Correct: 6479, Accuracy: 0.9256
Shadow Model 62/80, Epoch 14/20, Loss: 0.1536, Correct: 6619, Accuracy: 0.9456
Shadow Model 62/80, Epoch 15/20, Loss: 0.1923, Correct: 6544, Accuracy: 0.9349
Shadow Model 62/80, Epoch 16/20, Loss: 0.1485, Correct: 6649, Accuracy: 0.9499
Shadow Model 62/80, Epoch 17/20, Loss: 0.1086, Correct: 6740, Accuracy: 0.9629
Shadow Model 62/80, Epoch 18/20, Loss: 0.1046, Correct: 6743, Accuracy: 0.9633
Shadow Model 62/80, Epoch 19/20, Loss: 0.0586, Correct: 6865, Accuracy: 0.9807
Shadow Model 62/80, Epoch 20/20, Loss: 0.0856, Correct: 6790, Accuracy: 0.9700
Shadow Model 63/80, Epoch 1/20, Loss: 1.1179, Correct: 4111, Accuracy: 0.5873
Shadow Model 63/80, Epoch 2/20, Loss: 0.8137, Correct: 4918, Accuracy: 0.7026
Shadow Model 63/80, Epoch 3/20, Loss: 0.6710, Correct: 5276, Accuracy: 0.7537
Shadow Model 63/80, Epoch 4/20, Loss: 0.5875, Correct: 5557, Accuracy: 0.7939
Shadow Model 63/80, Epoch 5/20, Loss: 0.5139, Correct: 5737, Accuracy: 0.8196
Shadow Model 63/80, Epoch 6/20, Loss: 0.4359, Correct: 5941, Accuracy: 0.8487
Shadow Model 63/80, Epoch 7/20, Loss: 0.4013, Correct: 6015, Accuracy: 0.8593
Shadow Model 63/80, Epoch 8/20, Loss: 0.3565, Correct: 6121, Accuracy: 0.8744
Shadow Model 63/80, Epoch 9/20, Loss: 0.3434, Correct: 6160, Accuracy: 0.8800
Shadow Model 63/80, Epoch 10/20, Loss: 0.2934, Correct: 6299, Accuracy: 0.8999
Shadow Model 63/80, Epoch 11/20, Loss: 0.2337, Correct: 6425, Accuracy: 0.9179
Shadow Model 63/80, Epoch 12/20, Loss: 0.2341, Correct: 6422, Accuracy: 0.9174
Shadow Model 63/80, Epoch 13/20, Loss: 0.1935, Correct: 6538, Accuracy: 0.9340
Shadow Model 63/80, Epoch 14/20, Loss: 0.2136, Correct: 6477, Accuracy: 0.9253
Shadow Model 63/80, Epoch 15/20, Loss: 0.1443, Correct: 6643, Accuracy: 0.9490
Shadow Model 63/80, Epoch 16/20, Loss: 0.1274, Correct: 6712, Accuracy: 0.9589
Shadow Model 63/80, Epoch 17/20, Loss: 0.1381, Correct: 6654, Accuracy: 0.9506
Shadow Model 63/80, Epoch 18/20, Loss: 0.0941, Correct: 6771, Accuracy: 0.9673
Shadow Model 63/80, Epoch 19/20, Loss: 0.0811, Correct: 6810, Accuracy: 0.9729
Shadow Model 63/80, Epoch 20/20, Loss: 0.0786, Correct: 6820, Accuracy: 0.9743
Shadow Model 64/80, Epoch 1/20, Loss: 1.1275, Correct: 4176, Accuracy: 0.5966
Shadow Model 64/80, Epoch 2/20, Loss: 0.8203, Correct: 4872, Accuracy: 0.6960
Shadow Model 64/80, Epoch 3/20, Loss: 0.6755, Correct: 5301, Accuracy: 0.7573
Shadow Model 64/80, Epoch 4/20, Loss: 0.6142, Correct: 5427, Accuracy: 0.7753
Shadow Model 64/80, Epoch 5/20, Loss: 0.5326, Correct: 5699, Accuracy: 0.8141
Shadow Model 64/80, Epoch 6/20, Loss: 0.4867, Correct: 5804, Accuracy: 0.8291
Shadow Model 64/80, Epoch 7/20, Loss: 0.4320, Correct: 5933, Accuracy: 0.8476
Shadow Model 64/80, Epoch 8/20, Loss: 0.3976, Correct: 6035, Accuracy: 0.8621
Shadow Model 64/80, Epoch 9/20, Loss: 0.3451, Correct: 6175, Accuracy: 0.8821
Shadow Model 64/80, Epoch 10/20, Loss: 0.3174, Correct: 6198, Accuracy: 0.8854
Shadow Model 64/80, Epoch 11/20, Loss: 0.3056, Correct: 6254, Accuracy: 0.8934
Shadow Model 64/80, Epoch 12/20, Loss: 0.2666, Correct: 6366, Accuracy: 0.9094
Shadow Model 64/80, Epoch 13/20, Loss: 0.2546, Correct: 6348, Accuracy: 0.9069
Shadow Model 64/80, Epoch 14/20, Loss: 0.2237, Correct: 6450, Accuracy: 0.9214
Shadow Model 64/80, Epoch 15/20, Loss: 0.1751, Correct: 6580, Accuracy: 0.9400
Shadow Model 64/80, Epoch 16/20, Loss: 0.1833, Correct: 6553, Accuracy: 0.9361
Shadow Model 64/80, Epoch 17/20, Loss: 0.1773, Correct: 6567, Accuracy: 0.9381
Shadow Model 64/80, Epoch 18/20, Loss: 0.1260, Correct: 6700, Accuracy: 0.9571
Shadow Model 64/80, Epoch 19/20, Loss: 0.1018, Correct: 6736, Accuracy: 0.9623
Shadow Model 64/80, Epoch 20/20, Loss: 0.0898, Correct: 6787, Accuracy: 0.9696
Shadow Model 65/80, Epoch 1/20, Loss: 1.0804, Correct: 4259, Accuracy: 0.6084
Shadow Model 65/80, Epoch 2/20, Loss: 0.7913, Correct: 4999, Accuracy: 0.7141
Shadow Model 65/80, Epoch 3/20, Loss: 0.6489, Correct: 5360, Accuracy: 0.7657
Shadow Model 65/80, Epoch 4/20, Loss: 0.6050, Correct: 5522, Accuracy: 0.7889
Shadow Model 65/80, Epoch 5/20, Loss: 0.4936, Correct: 5780, Accuracy: 0.8257
Shadow Model 65/80, Epoch 6/20, Loss: 0.4336, Correct: 5901, Accuracy: 0.8430
Shadow Model 65/80, Epoch 7/20, Loss: 0.4158, Correct: 5945, Accuracy: 0.8493
Shadow Model 65/80, Epoch 8/20, Loss: 0.3662, Correct: 6077, Accuracy: 0.8681
Shadow Model 65/80, Epoch 9/20, Loss: 0.3113, Correct: 6219, Accuracy: 0.8884
Shadow Model 65/80, Epoch 10/20, Loss: 0.2842, Correct: 6286, Accuracy: 0.8980
Shadow Model 65/80, Epoch 11/20, Loss: 0.2471, Correct: 6393, Accuracy: 0.9133
Shadow Model 65/80, Epoch 12/20, Loss: 0.2602, Correct: 6353, Accuracy: 0.9076
Shadow Model 65/80, Epoch 13/20, Loss: 0.2064, Correct: 6486, Accuracy: 0.9266
Shadow Model 65/80, Epoch 14/20, Loss: 0.1660, Correct: 6589, Accuracy: 0.9413
Shadow Model 65/80, Epoch 15/20, Loss: 0.1602, Correct: 6637, Accuracy: 0.9481
Shadow Model 65/80, Epoch 16/20, Loss: 0.1193, Correct: 6704, Accuracy: 0.9577
Shadow Model 65/80, Epoch 17/20, Loss: 0.1026, Correct: 6770, Accuracy: 0.9671
Shadow Model 65/80, Epoch 18/20, Loss: 0.0873, Correct: 6798, Accuracy: 0.9711
Shadow Model 65/80, Epoch 19/20, Loss: 0.0866, Correct: 6787, Accuracy: 0.9696
Shadow Model 65/80, Epoch 20/20, Loss: 0.0903, Correct: 6784, Accuracy: 0.9691
Shadow Model 66/80, Epoch 1/20, Loss: 1.1623, Correct: 4092, Accuracy: 0.5846
Shadow Model 66/80, Epoch 2/20, Loss: 0.8130, Correct: 4970, Accuracy: 0.7100
Shadow Model 66/80, Epoch 3/20, Loss: 0.6684, Correct: 5357, Accuracy: 0.7653
Shadow Model 66/80, Epoch 4/20, Loss: 0.5814, Correct: 5605, Accuracy: 0.8007
Shadow Model 66/80, Epoch 5/20, Loss: 0.4868, Correct: 5801, Accuracy: 0.8287
Shadow Model 66/80, Epoch 6/20, Loss: 0.4684, Correct: 5826, Accuracy: 0.8323
Shadow Model 66/80, Epoch 7/20, Loss: 0.3958, Correct: 6022, Accuracy: 0.8603
Shadow Model 66/80, Epoch 8/20, Loss: 0.3706, Correct: 6078, Accuracy: 0.8683
Shadow Model 66/80, Epoch 9/20, Loss: 0.3020, Correct: 6263, Accuracy: 0.8947
Shadow Model 66/80, Epoch 10/20, Loss: 0.3025, Correct: 6247, Accuracy: 0.8924
Shadow Model 66/80, Epoch 11/20, Loss: 0.2681, Correct: 6325, Accuracy: 0.9036
Shadow Model 66/80, Epoch 12/20, Loss: 0.2289, Correct: 6434, Accuracy: 0.9191
Shadow Model 66/80, Epoch 13/20, Loss: 0.1915, Correct: 6530, Accuracy: 0.9329
Shadow Model 66/80, Epoch 14/20, Loss: 0.1639, Correct: 6612, Accuracy: 0.9446
Shadow Model 66/80, Epoch 15/20, Loss: 0.1712, Correct: 6578, Accuracy: 0.9397
Shadow Model 66/80, Epoch 16/20, Loss: 0.1306, Correct: 6672, Accuracy: 0.9531
Shadow Model 66/80, Epoch 17/20, Loss: 0.1321, Correct: 6678, Accuracy: 0.9540
Shadow Model 66/80, Epoch 18/20, Loss: 0.1235, Correct: 6725, Accuracy: 0.9607
Shadow Model 66/80, Epoch 19/20, Loss: 0.0803, Correct: 6801, Accuracy: 0.9716
Shadow Model 66/80, Epoch 20/20, Loss: 0.0695, Correct: 6818, Accuracy: 0.9740
Shadow Model 67/80, Epoch 1/20, Loss: 1.1126, Correct: 4219, Accuracy: 0.6027
Shadow Model 67/80, Epoch 2/20, Loss: 0.7636, Correct: 4998, Accuracy: 0.7140
Shadow Model 67/80, Epoch 3/20, Loss: 0.6763, Correct: 5315, Accuracy: 0.7593
Shadow Model 67/80, Epoch 4/20, Loss: 0.5766, Correct: 5571, Accuracy: 0.7959
Shadow Model 67/80, Epoch 5/20, Loss: 0.4792, Correct: 5806, Accuracy: 0.8294
Shadow Model 67/80, Epoch 6/20, Loss: 0.4402, Correct: 5896, Accuracy: 0.8423
Shadow Model 67/80, Epoch 7/20, Loss: 0.3852, Correct: 6035, Accuracy: 0.8621
Shadow Model 67/80, Epoch 8/20, Loss: 0.4006, Correct: 6019, Accuracy: 0.8599
Shadow Model 67/80, Epoch 9/20, Loss: 0.3028, Correct: 6240, Accuracy: 0.8914
Shadow Model 67/80, Epoch 10/20, Loss: 0.2938, Correct: 6292, Accuracy: 0.8989
Shadow Model 67/80, Epoch 11/20, Loss: 0.3204, Correct: 6205, Accuracy: 0.8864
Shadow Model 67/80, Epoch 12/20, Loss: 0.2041, Correct: 6500, Accuracy: 0.9286
Shadow Model 67/80, Epoch 13/20, Loss: 0.2173, Correct: 6484, Accuracy: 0.9263
Shadow Model 67/80, Epoch 14/20, Loss: 0.1486, Correct: 6641, Accuracy: 0.9487
Shadow Model 67/80, Epoch 15/20, Loss: 0.1181, Correct: 6710, Accuracy: 0.9586
Shadow Model 67/80, Epoch 16/20, Loss: 0.1241, Correct: 6703, Accuracy: 0.9576
Shadow Model 67/80, Epoch 17/20, Loss: 0.1136, Correct: 6721, Accuracy: 0.9601
Shadow Model 67/80, Epoch 18/20, Loss: 0.0657, Correct: 6845, Accuracy: 0.9779
Shadow Model 67/80, Epoch 19/20, Loss: 0.0574, Correct: 6869, Accuracy: 0.9813
Shadow Model 67/80, Epoch 20/20, Loss: 0.0682, Correct: 6838, Accuracy: 0.9769
Shadow Model 68/80, Epoch 1/20, Loss: 1.1169, Correct: 4169, Accuracy: 0.5956
Shadow Model 68/80, Epoch 2/20, Loss: 0.8496, Correct: 4876, Accuracy: 0.6966
Shadow Model 68/80, Epoch 3/20, Loss: 0.7052, Correct: 5279, Accuracy: 0.7541
Shadow Model 68/80, Epoch 4/20, Loss: 0.5588, Correct: 5655, Accuracy: 0.8079
Shadow Model 68/80, Epoch 5/20, Loss: 0.4912, Correct: 5792, Accuracy: 0.8274
Shadow Model 68/80, Epoch 6/20, Loss: 0.4549, Correct: 5898, Accuracy: 0.8426
Shadow Model 68/80, Epoch 7/20, Loss: 0.3921, Correct: 6023, Accuracy: 0.8604
Shadow Model 68/80, Epoch 8/20, Loss: 0.3727, Correct: 6070, Accuracy: 0.8671
Shadow Model 68/80, Epoch 9/20, Loss: 0.3317, Correct: 6176, Accuracy: 0.8823
Shadow Model 68/80, Epoch 10/20, Loss: 0.2808, Correct: 6264, Accuracy: 0.8949
Shadow Model 68/80, Epoch 11/20, Loss: 0.2455, Correct: 6409, Accuracy: 0.9156
Shadow Model 68/80, Epoch 12/20, Loss: 0.2086, Correct: 6497, Accuracy: 0.9281
Shadow Model 68/80, Epoch 13/20, Loss: 0.2189, Correct: 6481, Accuracy: 0.9259
Shadow Model 68/80, Epoch 14/20, Loss: 0.1707, Correct: 6579, Accuracy: 0.9399
Shadow Model 68/80, Epoch 15/20, Loss: 0.1279, Correct: 6682, Accuracy: 0.9546
Shadow Model 68/80, Epoch 16/20, Loss: 0.1189, Correct: 6741, Accuracy: 0.9630
Shadow Model 68/80, Epoch 17/20, Loss: 0.1347, Correct: 6669, Accuracy: 0.9527
Shadow Model 68/80, Epoch 18/20, Loss: 0.0839, Correct: 6798, Accuracy: 0.9711
Shadow Model 68/80, Epoch 19/20, Loss: 0.0893, Correct: 6784, Accuracy: 0.9691
Shadow Model 68/80, Epoch 20/20, Loss: 0.0931, Correct: 6780, Accuracy: 0.9686
Shadow Model 69/80, Epoch 1/20, Loss: 1.1402, Correct: 4050, Accuracy: 0.5786
Shadow Model 69/80, Epoch 2/20, Loss: 0.8197, Correct: 4900, Accuracy: 0.7000
Shadow Model 69/80, Epoch 3/20, Loss: 0.6845, Correct: 5287, Accuracy: 0.7553
Shadow Model 69/80, Epoch 4/20, Loss: 0.5894, Correct: 5510, Accuracy: 0.7871
Shadow Model 69/80, Epoch 5/20, Loss: 0.4982, Correct: 5744, Accuracy: 0.8206
Shadow Model 69/80, Epoch 6/20, Loss: 0.4478, Correct: 5845, Accuracy: 0.8350
Shadow Model 69/80, Epoch 7/20, Loss: 0.4097, Correct: 5982, Accuracy: 0.8546
Shadow Model 69/80, Epoch 8/20, Loss: 0.3553, Correct: 6123, Accuracy: 0.8747
Shadow Model 69/80, Epoch 9/20, Loss: 0.3181, Correct: 6240, Accuracy: 0.8914
Shadow Model 69/80, Epoch 10/20, Loss: 0.3537, Correct: 6095, Accuracy: 0.8707
Shadow Model 69/80, Epoch 11/20, Loss: 0.2562, Correct: 6364, Accuracy: 0.9091
Shadow Model 69/80, Epoch 12/20, Loss: 0.2245, Correct: 6467, Accuracy: 0.9239
Shadow Model 69/80, Epoch 13/20, Loss: 0.1709, Correct: 6572, Accuracy: 0.9389
Shadow Model 69/80, Epoch 14/20, Loss: 0.1812, Correct: 6573, Accuracy: 0.9390
Shadow Model 69/80, Epoch 15/20, Loss: 0.1052, Correct: 6755, Accuracy: 0.9650
Shadow Model 69/80, Epoch 16/20, Loss: 0.1010, Correct: 6763, Accuracy: 0.9661
Shadow Model 69/80, Epoch 17/20, Loss: 0.1031, Correct: 6751, Accuracy: 0.9644
Shadow Model 69/80, Epoch 18/20, Loss: 0.0912, Correct: 6775, Accuracy: 0.9679
Shadow Model 69/80, Epoch 19/20, Loss: 0.0716, Correct: 6840, Accuracy: 0.9771
Shadow Model 69/80, Epoch 20/20, Loss: 0.1563, Correct: 6656, Accuracy: 0.9509
Shadow Model 70/80, Epoch 1/20, Loss: 1.1052, Correct: 4197, Accuracy: 0.5996
Shadow Model 70/80, Epoch 2/20, Loss: 0.8024, Correct: 5008, Accuracy: 0.7154
Shadow Model 70/80, Epoch 3/20, Loss: 0.6891, Correct: 5295, Accuracy: 0.7564
Shadow Model 70/80, Epoch 4/20, Loss: 0.5575, Correct: 5644, Accuracy: 0.8063
Shadow Model 70/80, Epoch 5/20, Loss: 0.4924, Correct: 5793, Accuracy: 0.8276
Shadow Model 70/80, Epoch 6/20, Loss: 0.4289, Correct: 5928, Accuracy: 0.8469
Shadow Model 70/80, Epoch 7/20, Loss: 0.3712, Correct: 6079, Accuracy: 0.8684
Shadow Model 70/80, Epoch 8/20, Loss: 0.3537, Correct: 6103, Accuracy: 0.8719
Shadow Model 70/80, Epoch 9/20, Loss: 0.3401, Correct: 6143, Accuracy: 0.8776
Shadow Model 70/80, Epoch 10/20, Loss: 0.2907, Correct: 6291, Accuracy: 0.8987
Shadow Model 70/80, Epoch 11/20, Loss: 0.2907, Correct: 6281, Accuracy: 0.8973
Shadow Model 70/80, Epoch 12/20, Loss: 0.2127, Correct: 6506, Accuracy: 0.9294
Shadow Model 70/80, Epoch 13/20, Loss: 0.1746, Correct: 6578, Accuracy: 0.9397
Shadow Model 70/80, Epoch 14/20, Loss: 0.1341, Correct: 6684, Accuracy: 0.9549
Shadow Model 70/80, Epoch 15/20, Loss: 0.1608, Correct: 6605, Accuracy: 0.9436
Shadow Model 70/80, Epoch 16/20, Loss: 0.1236, Correct: 6717, Accuracy: 0.9596
Shadow Model 70/80, Epoch 17/20, Loss: 0.1103, Correct: 6738, Accuracy: 0.9626
Shadow Model 70/80, Epoch 18/20, Loss: 0.1186, Correct: 6728, Accuracy: 0.9611
Shadow Model 70/80, Epoch 19/20, Loss: 0.0721, Correct: 6825, Accuracy: 0.9750
Shadow Model 70/80, Epoch 20/20, Loss: 0.0688, Correct: 6847, Accuracy: 0.9781
Shadow Model 71/80, Epoch 1/20, Loss: 1.1225, Correct: 4209, Accuracy: 0.6013
Shadow Model 71/80, Epoch 2/20, Loss: 0.7977, Correct: 5025, Accuracy: 0.7179
Shadow Model 71/80, Epoch 3/20, Loss: 0.6902, Correct: 5288, Accuracy: 0.7554
Shadow Model 71/80, Epoch 4/20, Loss: 0.6128, Correct: 5516, Accuracy: 0.7880
Shadow Model 71/80, Epoch 5/20, Loss: 0.5270, Correct: 5700, Accuracy: 0.8143
Shadow Model 71/80, Epoch 6/20, Loss: 0.4687, Correct: 5814, Accuracy: 0.8306
Shadow Model 71/80, Epoch 7/20, Loss: 0.4114, Correct: 5968, Accuracy: 0.8526
Shadow Model 71/80, Epoch 8/20, Loss: 0.4090, Correct: 5993, Accuracy: 0.8561
Shadow Model 71/80, Epoch 9/20, Loss: 0.3341, Correct: 6219, Accuracy: 0.8884
Shadow Model 71/80, Epoch 10/20, Loss: 0.3685, Correct: 6118, Accuracy: 0.8740
Shadow Model 71/80, Epoch 11/20, Loss: 0.2885, Correct: 6291, Accuracy: 0.8987
Shadow Model 71/80, Epoch 12/20, Loss: 0.2458, Correct: 6383, Accuracy: 0.9119
Shadow Model 71/80, Epoch 13/20, Loss: 0.2187, Correct: 6471, Accuracy: 0.9244
Shadow Model 71/80, Epoch 14/20, Loss: 0.1835, Correct: 6527, Accuracy: 0.9324
Shadow Model 71/80, Epoch 15/20, Loss: 0.1724, Correct: 6595, Accuracy: 0.9421
Shadow Model 71/80, Epoch 16/20, Loss: 0.1274, Correct: 6709, Accuracy: 0.9584
Shadow Model 71/80, Epoch 17/20, Loss: 0.1056, Correct: 6759, Accuracy: 0.9656
Shadow Model 71/80, Epoch 18/20, Loss: 0.1112, Correct: 6756, Accuracy: 0.9651
Shadow Model 71/80, Epoch 19/20, Loss: 0.0927, Correct: 6780, Accuracy: 0.9686
Shadow Model 71/80, Epoch 20/20, Loss: 0.1155, Correct: 6752, Accuracy: 0.9646
Shadow Model 72/80, Epoch 1/20, Loss: 1.1021, Correct: 4115, Accuracy: 0.5879
Shadow Model 72/80, Epoch 2/20, Loss: 0.8467, Correct: 4791, Accuracy: 0.6844
Shadow Model 72/80, Epoch 3/20, Loss: 0.7042, Correct: 5219, Accuracy: 0.7456
Shadow Model 72/80, Epoch 4/20, Loss: 0.5965, Correct: 5496, Accuracy: 0.7851
Shadow Model 72/80, Epoch 5/20, Loss: 0.4950, Correct: 5769, Accuracy: 0.8241
Shadow Model 72/80, Epoch 6/20, Loss: 0.4562, Correct: 5906, Accuracy: 0.8437
Shadow Model 72/80, Epoch 7/20, Loss: 0.3926, Correct: 6026, Accuracy: 0.8609
Shadow Model 72/80, Epoch 8/20, Loss: 0.3618, Correct: 6090, Accuracy: 0.8700
Shadow Model 72/80, Epoch 9/20, Loss: 0.3020, Correct: 6276, Accuracy: 0.8966
Shadow Model 72/80, Epoch 10/20, Loss: 0.2688, Correct: 6328, Accuracy: 0.9040
Shadow Model 72/80, Epoch 11/20, Loss: 0.2501, Correct: 6400, Accuracy: 0.9143
Shadow Model 72/80, Epoch 12/20, Loss: 0.1996, Correct: 6515, Accuracy: 0.9307
Shadow Model 72/80, Epoch 13/20, Loss: 0.1651, Correct: 6598, Accuracy: 0.9426
Shadow Model 72/80, Epoch 14/20, Loss: 0.1737, Correct: 6594, Accuracy: 0.9420
Shadow Model 72/80, Epoch 15/20, Loss: 0.1124, Correct: 6751, Accuracy: 0.9644
Shadow Model 72/80, Epoch 16/20, Loss: 0.0917, Correct: 6779, Accuracy: 0.9684
Shadow Model 72/80, Epoch 17/20, Loss: 0.0953, Correct: 6780, Accuracy: 0.9686
Shadow Model 72/80, Epoch 18/20, Loss: 0.0683, Correct: 6829, Accuracy: 0.9756
Shadow Model 72/80, Epoch 19/20, Loss: 0.0813, Correct: 6800, Accuracy: 0.9714
Shadow Model 72/80, Epoch 20/20, Loss: 0.0448, Correct: 6903, Accuracy: 0.9861
Shadow Model 73/80, Epoch 1/20, Loss: 1.1199, Correct: 4080, Accuracy: 0.5829
Shadow Model 73/80, Epoch 2/20, Loss: 0.8138, Correct: 4946, Accuracy: 0.7066
Shadow Model 73/80, Epoch 3/20, Loss: 0.6786, Correct: 5314, Accuracy: 0.7591
Shadow Model 73/80, Epoch 4/20, Loss: 0.5710, Correct: 5566, Accuracy: 0.7951
Shadow Model 73/80, Epoch 5/20, Loss: 0.5209, Correct: 5712, Accuracy: 0.8160
Shadow Model 73/80, Epoch 6/20, Loss: 0.4945, Correct: 5809, Accuracy: 0.8299
Shadow Model 73/80, Epoch 7/20, Loss: 0.4124, Correct: 5982, Accuracy: 0.8546
Shadow Model 73/80, Epoch 8/20, Loss: 0.3617, Correct: 6110, Accuracy: 0.8729
Shadow Model 73/80, Epoch 9/20, Loss: 0.3781, Correct: 6078, Accuracy: 0.8683
Shadow Model 73/80, Epoch 10/20, Loss: 0.3048, Correct: 6229, Accuracy: 0.8899
Shadow Model 73/80, Epoch 11/20, Loss: 0.2477, Correct: 6384, Accuracy: 0.9120
Shadow Model 73/80, Epoch 12/20, Loss: 0.2217, Correct: 6473, Accuracy: 0.9247
Shadow Model 73/80, Epoch 13/20, Loss: 0.2141, Correct: 6466, Accuracy: 0.9237
Shadow Model 73/80, Epoch 14/20, Loss: 0.1970, Correct: 6528, Accuracy: 0.9326
Shadow Model 73/80, Epoch 15/20, Loss: 0.1452, Correct: 6664, Accuracy: 0.9520
Shadow Model 73/80, Epoch 16/20, Loss: 0.1352, Correct: 6683, Accuracy: 0.9547
Shadow Model 73/80, Epoch 17/20, Loss: 0.1269, Correct: 6703, Accuracy: 0.9576
Shadow Model 73/80, Epoch 18/20, Loss: 0.0877, Correct: 6779, Accuracy: 0.9684
Shadow Model 73/80, Epoch 19/20, Loss: 0.0784, Correct: 6821, Accuracy: 0.9744
Shadow Model 73/80, Epoch 20/20, Loss: 0.0823, Correct: 6814, Accuracy: 0.9734
Shadow Model 74/80, Epoch 1/20, Loss: 1.1588, Correct: 4023, Accuracy: 0.5747
Shadow Model 74/80, Epoch 2/20, Loss: 0.8592, Correct: 4782, Accuracy: 0.6831
Shadow Model 74/80, Epoch 3/20, Loss: 0.7137, Correct: 5181, Accuracy: 0.7401
Shadow Model 74/80, Epoch 4/20, Loss: 0.6131, Correct: 5457, Accuracy: 0.7796
Shadow Model 74/80, Epoch 5/20, Loss: 0.5191, Correct: 5716, Accuracy: 0.8166
Shadow Model 74/80, Epoch 6/20, Loss: 0.4592, Correct: 5873, Accuracy: 0.8390
Shadow Model 74/80, Epoch 7/20, Loss: 0.4472, Correct: 5869, Accuracy: 0.8384
Shadow Model 74/80, Epoch 8/20, Loss: 0.3920, Correct: 6049, Accuracy: 0.8641
Shadow Model 74/80, Epoch 9/20, Loss: 0.3210, Correct: 6206, Accuracy: 0.8866
Shadow Model 74/80, Epoch 10/20, Loss: 0.3056, Correct: 6233, Accuracy: 0.8904
Shadow Model 74/80, Epoch 11/20, Loss: 0.2631, Correct: 6372, Accuracy: 0.9103
Shadow Model 74/80, Epoch 12/20, Loss: 0.2746, Correct: 6304, Accuracy: 0.9006
Shadow Model 74/80, Epoch 13/20, Loss: 0.2343, Correct: 6427, Accuracy: 0.9181
Shadow Model 74/80, Epoch 14/20, Loss: 0.1826, Correct: 6561, Accuracy: 0.9373
Shadow Model 74/80, Epoch 15/20, Loss: 0.1512, Correct: 6629, Accuracy: 0.9470
Shadow Model 74/80, Epoch 16/20, Loss: 0.1310, Correct: 6669, Accuracy: 0.9527
Shadow Model 74/80, Epoch 17/20, Loss: 0.0993, Correct: 6760, Accuracy: 0.9657
Shadow Model 74/80, Epoch 18/20, Loss: 0.0915, Correct: 6794, Accuracy: 0.9706
Shadow Model 74/80, Epoch 19/20, Loss: 0.0917, Correct: 6773, Accuracy: 0.9676
Shadow Model 74/80, Epoch 20/20, Loss: 0.0756, Correct: 6822, Accuracy: 0.9746
Shadow Model 75/80, Epoch 1/20, Loss: 1.0847, Correct: 4287, Accuracy: 0.6124
Shadow Model 75/80, Epoch 2/20, Loss: 0.8062, Correct: 4971, Accuracy: 0.7101
Shadow Model 75/80, Epoch 3/20, Loss: 0.6525, Correct: 5335, Accuracy: 0.7621
Shadow Model 75/80, Epoch 4/20, Loss: 0.5948, Correct: 5519, Accuracy: 0.7884
Shadow Model 75/80, Epoch 5/20, Loss: 0.5399, Correct: 5690, Accuracy: 0.8129
Shadow Model 75/80, Epoch 6/20, Loss: 0.4528, Correct: 5881, Accuracy: 0.8401
Shadow Model 75/80, Epoch 7/20, Loss: 0.4250, Correct: 5982, Accuracy: 0.8546
Shadow Model 75/80, Epoch 8/20, Loss: 0.3678, Correct: 6085, Accuracy: 0.8693
Shadow Model 75/80, Epoch 9/20, Loss: 0.3264, Correct: 6187, Accuracy: 0.8839
Shadow Model 75/80, Epoch 10/20, Loss: 0.3267, Correct: 6206, Accuracy: 0.8866
Shadow Model 75/80, Epoch 11/20, Loss: 0.3406, Correct: 6155, Accuracy: 0.8793
Shadow Model 75/80, Epoch 12/20, Loss: 0.2468, Correct: 6383, Accuracy: 0.9119
Shadow Model 75/80, Epoch 13/20, Loss: 0.2087, Correct: 6504, Accuracy: 0.9291
Shadow Model 75/80, Epoch 14/20, Loss: 0.2140, Correct: 6477, Accuracy: 0.9253
Shadow Model 75/80, Epoch 15/20, Loss: 0.1479, Correct: 6638, Accuracy: 0.9483
Shadow Model 75/80, Epoch 16/20, Loss: 0.1244, Correct: 6710, Accuracy: 0.9586
Shadow Model 75/80, Epoch 17/20, Loss: 0.1201, Correct: 6717, Accuracy: 0.9596
Shadow Model 75/80, Epoch 18/20, Loss: 0.1050, Correct: 6758, Accuracy: 0.9654
Shadow Model 75/80, Epoch 19/20, Loss: 0.0638, Correct: 6847, Accuracy: 0.9781
Shadow Model 75/80, Epoch 20/20, Loss: 0.0834, Correct: 6807, Accuracy: 0.9724
Shadow Model 76/80, Epoch 1/20, Loss: 1.0440, Correct: 4387, Accuracy: 0.6267
Shadow Model 76/80, Epoch 2/20, Loss: 0.7552, Correct: 5102, Accuracy: 0.7289
Shadow Model 76/80, Epoch 3/20, Loss: 0.6162, Correct: 5404, Accuracy: 0.7720
Shadow Model 76/80, Epoch 4/20, Loss: 0.5474, Correct: 5630, Accuracy: 0.8043
Shadow Model 76/80, Epoch 5/20, Loss: 0.4590, Correct: 5845, Accuracy: 0.8350
Shadow Model 76/80, Epoch 6/20, Loss: 0.3898, Correct: 6005, Accuracy: 0.8579
Shadow Model 76/80, Epoch 7/20, Loss: 0.3639, Correct: 6091, Accuracy: 0.8701
Shadow Model 76/80, Epoch 8/20, Loss: 0.3430, Correct: 6148, Accuracy: 0.8783
Shadow Model 76/80, Epoch 9/20, Loss: 0.3081, Correct: 6228, Accuracy: 0.8897
Shadow Model 76/80, Epoch 10/20, Loss: 0.2835, Correct: 6303, Accuracy: 0.9004
Shadow Model 76/80, Epoch 11/20, Loss: 0.2168, Correct: 6454, Accuracy: 0.9220
Shadow Model 76/80, Epoch 12/20, Loss: 0.1951, Correct: 6518, Accuracy: 0.9311
Shadow Model 76/80, Epoch 13/20, Loss: 0.1641, Correct: 6603, Accuracy: 0.9433
Shadow Model 76/80, Epoch 14/20, Loss: 0.1513, Correct: 6639, Accuracy: 0.9484
Shadow Model 76/80, Epoch 15/20, Loss: 0.1075, Correct: 6737, Accuracy: 0.9624
Shadow Model 76/80, Epoch 16/20, Loss: 0.0899, Correct: 6778, Accuracy: 0.9683
Shadow Model 76/80, Epoch 17/20, Loss: 0.0993, Correct: 6768, Accuracy: 0.9669
Shadow Model 76/80, Epoch 18/20, Loss: 0.0987, Correct: 6768, Accuracy: 0.9669
Shadow Model 76/80, Epoch 19/20, Loss: 0.0680, Correct: 6858, Accuracy: 0.9797
Shadow Model 76/80, Epoch 20/20, Loss: 0.0601, Correct: 6857, Accuracy: 0.9796
Shadow Model 77/80, Epoch 1/20, Loss: 1.1073, Correct: 4151, Accuracy: 0.5930
Shadow Model 77/80, Epoch 2/20, Loss: 0.8222, Correct: 4880, Accuracy: 0.6971
Shadow Model 77/80, Epoch 3/20, Loss: 0.6865, Correct: 5327, Accuracy: 0.7610
Shadow Model 77/80, Epoch 4/20, Loss: 0.5619, Correct: 5607, Accuracy: 0.8010
Shadow Model 77/80, Epoch 5/20, Loss: 0.4908, Correct: 5767, Accuracy: 0.8239
Shadow Model 77/80, Epoch 6/20, Loss: 0.4389, Correct: 5911, Accuracy: 0.8444
Shadow Model 77/80, Epoch 7/20, Loss: 0.3623, Correct: 6122, Accuracy: 0.8746
Shadow Model 77/80, Epoch 8/20, Loss: 0.3694, Correct: 6124, Accuracy: 0.8749
Shadow Model 77/80, Epoch 9/20, Loss: 0.2930, Correct: 6282, Accuracy: 0.8974
Shadow Model 77/80, Epoch 10/20, Loss: 0.2419, Correct: 6392, Accuracy: 0.9131
Shadow Model 77/80, Epoch 11/20, Loss: 0.1987, Correct: 6517, Accuracy: 0.9310
Shadow Model 77/80, Epoch 12/20, Loss: 0.2123, Correct: 6472, Accuracy: 0.9246
Shadow Model 77/80, Epoch 13/20, Loss: 0.1617, Correct: 6603, Accuracy: 0.9433
Shadow Model 77/80, Epoch 14/20, Loss: 0.1674, Correct: 6606, Accuracy: 0.9437
Shadow Model 77/80, Epoch 15/20, Loss: 0.1145, Correct: 6728, Accuracy: 0.9611
Shadow Model 77/80, Epoch 16/20, Loss: 0.0944, Correct: 6778, Accuracy: 0.9683
Shadow Model 77/80, Epoch 17/20, Loss: 0.0853, Correct: 6797, Accuracy: 0.9710
Shadow Model 77/80, Epoch 18/20, Loss: 0.0745, Correct: 6823, Accuracy: 0.9747
Shadow Model 77/80, Epoch 19/20, Loss: 0.0455, Correct: 6892, Accuracy: 0.9846
Shadow Model 77/80, Epoch 20/20, Loss: 0.0896, Correct: 6777, Accuracy: 0.9681
Shadow Model 78/80, Epoch 1/20, Loss: 1.1529, Correct: 4084, Accuracy: 0.5834
Shadow Model 78/80, Epoch 2/20, Loss: 0.8145, Correct: 4921, Accuracy: 0.7030
Shadow Model 78/80, Epoch 3/20, Loss: 0.6715, Correct: 5293, Accuracy: 0.7561
Shadow Model 78/80, Epoch 4/20, Loss: 0.5539, Correct: 5649, Accuracy: 0.8070
Shadow Model 78/80, Epoch 5/20, Loss: 0.5235, Correct: 5721, Accuracy: 0.8173
Shadow Model 78/80, Epoch 6/20, Loss: 0.4748, Correct: 5880, Accuracy: 0.8400
Shadow Model 78/80, Epoch 7/20, Loss: 0.4045, Correct: 6030, Accuracy: 0.8614
Shadow Model 78/80, Epoch 8/20, Loss: 0.3534, Correct: 6098, Accuracy: 0.8711
Shadow Model 78/80, Epoch 9/20, Loss: 0.3163, Correct: 6235, Accuracy: 0.8907
Shadow Model 78/80, Epoch 10/20, Loss: 0.2550, Correct: 6352, Accuracy: 0.9074
Shadow Model 78/80, Epoch 11/20, Loss: 0.2301, Correct: 6443, Accuracy: 0.9204
Shadow Model 78/80, Epoch 12/20, Loss: 0.1912, Correct: 6532, Accuracy: 0.9331
Shadow Model 78/80, Epoch 13/20, Loss: 0.2090, Correct: 6483, Accuracy: 0.9261
Shadow Model 78/80, Epoch 14/20, Loss: 0.1813, Correct: 6552, Accuracy: 0.9360
Shadow Model 78/80, Epoch 15/20, Loss: 0.1216, Correct: 6718, Accuracy: 0.9597
Shadow Model 78/80, Epoch 16/20, Loss: 0.1471, Correct: 6660, Accuracy: 0.9514
Shadow Model 78/80, Epoch 17/20, Loss: 0.0764, Correct: 6822, Accuracy: 0.9746
Shadow Model 78/80, Epoch 18/20, Loss: 0.0896, Correct: 6792, Accuracy: 0.9703
Shadow Model 78/80, Epoch 19/20, Loss: 0.0874, Correct: 6803, Accuracy: 0.9719
Shadow Model 78/80, Epoch 20/20, Loss: 0.0749, Correct: 6823, Accuracy: 0.9747
Shadow Model 79/80, Epoch 1/20, Loss: 1.1022, Correct: 4203, Accuracy: 0.6004
Shadow Model 79/80, Epoch 2/20, Loss: 0.7777, Correct: 5069, Accuracy: 0.7241
Shadow Model 79/80, Epoch 3/20, Loss: 0.6225, Correct: 5479, Accuracy: 0.7827
Shadow Model 79/80, Epoch 4/20, Loss: 0.5992, Correct: 5553, Accuracy: 0.7933
Shadow Model 79/80, Epoch 5/20, Loss: 0.4830, Correct: 5807, Accuracy: 0.8296
Shadow Model 79/80, Epoch 6/20, Loss: 0.4264, Correct: 5969, Accuracy: 0.8527
Shadow Model 79/80, Epoch 7/20, Loss: 0.3658, Correct: 6107, Accuracy: 0.8724
Shadow Model 79/80, Epoch 8/20, Loss: 0.3410, Correct: 6149, Accuracy: 0.8784
Shadow Model 79/80, Epoch 9/20, Loss: 0.3014, Correct: 6251, Accuracy: 0.8930
Shadow Model 79/80, Epoch 10/20, Loss: 0.2696, Correct: 6340, Accuracy: 0.9057
Shadow Model 79/80, Epoch 11/20, Loss: 0.2311, Correct: 6435, Accuracy: 0.9193
Shadow Model 79/80, Epoch 12/20, Loss: 0.2012, Correct: 6509, Accuracy: 0.9299
Shadow Model 79/80, Epoch 13/20, Loss: 0.1857, Correct: 6543, Accuracy: 0.9347
Shadow Model 79/80, Epoch 14/20, Loss: 0.1711, Correct: 6603, Accuracy: 0.9433
Shadow Model 79/80, Epoch 15/20, Loss: 0.1505, Correct: 6643, Accuracy: 0.9490
Shadow Model 79/80, Epoch 16/20, Loss: 0.1159, Correct: 6728, Accuracy: 0.9611
Shadow Model 79/80, Epoch 17/20, Loss: 0.0865, Correct: 6793, Accuracy: 0.9704
Shadow Model 79/80, Epoch 18/20, Loss: 0.0834, Correct: 6818, Accuracy: 0.9740
Shadow Model 79/80, Epoch 19/20, Loss: 0.1537, Correct: 6619, Accuracy: 0.9456
Shadow Model 79/80, Epoch 20/20, Loss: 0.0582, Correct: 6877, Accuracy: 0.9824
Shadow Model 80/80, Epoch 1/20, Loss: 1.1037, Correct: 4158, Accuracy: 0.5940
Shadow Model 80/80, Epoch 2/20, Loss: 0.8341, Correct: 4910, Accuracy: 0.7014
Shadow Model 80/80, Epoch 3/20, Loss: 0.6478, Correct: 5387, Accuracy: 0.7696
Shadow Model 80/80, Epoch 4/20, Loss: 0.5838, Correct: 5548, Accuracy: 0.7926
Shadow Model 80/80, Epoch 5/20, Loss: 0.5260, Correct: 5714, Accuracy: 0.8163
Shadow Model 80/80, Epoch 6/20, Loss: 0.4978, Correct: 5795, Accuracy: 0.8279
Shadow Model 80/80, Epoch 7/20, Loss: 0.4115, Correct: 5978, Accuracy: 0.8540
Shadow Model 80/80, Epoch 8/20, Loss: 0.3636, Correct: 6074, Accuracy: 0.8677
Shadow Model 80/80, Epoch 9/20, Loss: 0.3328, Correct: 6162, Accuracy: 0.8803
Shadow Model 80/80, Epoch 10/20, Loss: 0.3034, Correct: 6236, Accuracy: 0.8909
Shadow Model 80/80, Epoch 11/20, Loss: 0.2536, Correct: 6375, Accuracy: 0.9107
Shadow Model 80/80, Epoch 12/20, Loss: 0.2144, Correct: 6475, Accuracy: 0.9250
Shadow Model 80/80, Epoch 13/20, Loss: 0.1932, Correct: 6551, Accuracy: 0.9359
Shadow Model 80/80, Epoch 14/20, Loss: 0.1541, Correct: 6632, Accuracy: 0.9474
Shadow Model 80/80, Epoch 15/20, Loss: 0.1354, Correct: 6676, Accuracy: 0.9537
Shadow Model 80/80, Epoch 16/20, Loss: 0.1089, Correct: 6741, Accuracy: 0.9630
Shadow Model 80/80, Epoch 17/20, Loss: 0.1153, Correct: 6741, Accuracy: 0.9630
Shadow Model 80/80, Epoch 18/20, Loss: 0.0936, Correct: 6772, Accuracy: 0.9674
Shadow Model 80/80, Epoch 19/20, Loss: 0.0705, Correct: 6844, Accuracy: 0.9777
Shadow Model 80/80, Epoch 20/20, Loss: 0.0852, Correct: 6813, Accuracy: 0.9733

--- Attack Dataset ---
(1120000, 10) (1120000,)
Attack training set: (896000, 10), (896000,)
Attack validation set: (224000, 10), (224000,)

--- Training Attack Model ---

--- Training Attack Model (XGBoost) ---
[0]	validation_0-auc:0.59447	validation_1-auc:0.59382
[50]	validation_0-auc:0.59951	validation_1-auc:0.59865
[100]	validation_0-auc:0.60210	validation_1-auc:0.59904
[150]	validation_0-auc:0.60569	validation_1-auc:0.59907
[172]	validation_0-auc:0.60755	validation_1-auc:0.59896

XGBoost Final Validation AUC: 0.5991 | TPR@5%FPR: 0.0722
Loading model...

--- Predicting Membership ---
Saved: /scratch/bjoshi/TML/submission.csv
Successfully submitted.
Server response: {'submission_id': 1094, 'status': 'success', 'message': 'Submission evaluated successfully! Check the leaderboard to see your score.'}
Submission ID: 1094
