id,score
34566,0.5589348
50272,0.48024124
69232,0.49500862
86223,0.4061736
53524,0.49500862
42142,0.5670465
22559,0.5719538
28141,0.47367522
72186,0.49500862
46468,0.4998408
33307,0.47561607
96701,0.5451772
43458,0.4925564
50885,0.49457982
73557,0.50057954
88932,0.49500862
44717,0.5244415
99278,0.56559324
59988,0.5454407
41296,0.49500862
25715,0.4813636
98187,0.49500862
40635,0.512494
76486,0.54344785
48161,0.5454407
57858,0.47420335
25848,0.5433195
83247,0.4789151
100820,0.4752467
61843,0.49849868
47864,0.5686681
14338,0.47646734
106760,0.49391744
42892,0.4752467
20995,0.49500862
68283,0.5418511
66796,0.47561607
1175,0.49500862
55171,0.5418511
1693,0.49500862
54411,0.55677223
73718,0.47414878
99036,0.5418511
29757,0.5418511
1352,0.4556318
6970,0.47561607
75513,0.5431114
103376,0.4752347
11566,0.5293021
85724,0.49500862
26255,0.49500862
83078,0.5670465
22092,0.5418511
31379,0.47367522
20478,0.5106412
70444,0.49231213
41587,0.5422768
74822,0.5281163
88815,0.49500862
6351,0.544001
105177,0.49500862
58297,0.47926676
39926,0.5418511
97160,0.5129225
86332,0.5418511
21551,0.5418511
47546,0.5418511
37196,0.47354054
19800,0.53438896
67091,0.5418511
90146,0.49500862
52084,0.49500862
26000,0.49500862
20558,0.5715112
32315,0.5670465
95299,0.49500862
57575,0.48171556
57431,0.49500862
15164,0.5297294
47959,0.49500862
36213,0.56559324
64598,0.54344785
85180,0.4919498
7330,0.5418511
96758,0.5418511
60760,0.5418511
95190,0.54842865
70419,0.5422768
104315,0.56498134
80963,0.47926676
104090,0.5777033
62040,0.4785792
57462,0.53654397
1752,0.5719538
13352,0.475604
6969,0.5281163
36448,0.5422768
69866,0.5129225
37138,0.5418511
37149,0.5501703
83158,0.47367522
107034,0.5418511
83603,0.49457982
33886,0.49500862
55417,0.47354054
57938,0.5648199
27867,0.5422768
101800,0.49622688
91813,0.4925564
64083,0.5681992
29528,0.47354054
71645,0.5724075
14467,0.5418511
60324,0.50635916
10743,0.49457982
64077,0.5698077
92251,0.5418511
15067,0.544001
20047,0.49500862
54463,0.48024124
8025,0.21815182
27998,0.4925564
91510,0.5193387
49193,0.5670465
5404,0.47444698
98897,0.47561607
46045,0.5418511
95008,0.5418511
43419,0.4752467
58059,0.54177886
10051,0.47561607
95635,0.54177886
89780,0.47646734
98548,0.47561607
27466,0.5129225
2992,0.5418511
105855,0.544001
14278,0.49500862
13478,0.56652033
81475,0.49500862
21191,0.5565442
13291,0.49500862
67019,0.4750131
67840,0.49500862
61283,0.5249567
99646,0.4813636
90567,0.49336675
95937,0.47354054
98569,0.55260986
83135,0.5341331
63766,0.4752347
58069,0.47561607
61012,0.49500862
23811,0.5418511
86719,0.512494
71966,0.49500862
42822,0.51106983
41669,0.4789151
45307,0.49259192
81709,0.47675982
7658,0.5707326
12419,0.5129225
50301,0.5293021
54932,0.49457982
40443,0.4752467
89290,0.5670465
18566,0.5129225
25390,0.5418511
86488,0.5697166
29629,0.49500862
11058,0.512494
54617,0.5129225
41981,0.51106983
87296,0.49500862
17667,0.4752347
5896,0.544001
75975,0.544001
27593,0.512494
40873,0.4907061
70373,0.56650037
43440,0.53438896
13967,0.49500862
105002,0.56559324
18683,0.4947643
87657,0.5418511
57708,0.5418511
92606,0.49500862
72712,0.56488246
69218,0.49500862
58810,0.5240137
95425,0.49500862
95904,0.567273
79487,0.47695532
46830,0.5244415
69561,0.54043573
94968,0.47935867
1988,0.48368505
96273,0.49500862
2418,0.53659016
12473,0.5193387
19291,0.49500862
10962,0.47561607
47640,0.49500862
93483,0.5454407
104092,0.54177886
97169,0.56498134
31477,0.54344785
75670,0.47561607
65370,0.47561607
10836,0.5422768
68685,0.5681992
93012,0.57639366
80205,0.56488246
66783,0.4752467
79142,0.5418511
51106,0.42277953
101527,0.4753603
46079,0.47978243
68864,0.54591453
105489,0.47354054
54811,0.5418511
6426,0.49500862
100841,0.56652033
65650,0.5418511
57870,0.51106983
55990,0.5270436
106074,0.475604
49536,0.51106983
89328,0.47561607
18713,0.53438896
91797,0.5670465
106639,0.51106983
5890,0.5418511
89684,0.47354054
54023,0.5418511
47021,0.5445249
31128,0.5707326
1963,0.5193387
76891,0.5707326
90892,0.56559324
63803,0.4752467
49662,0.4740281
94938,0.49500862
23162,0.49500862
96698,0.57648504
103791,0.5080677
64992,0.48024124
58764,0.49500862
5358,0.4813636
61333,0.49457982
63475,0.4753723
13214,0.512494
21817,0.49500862
34789,0.4935323
33534,0.475604
68438,0.49500862
103299,0.569062
106707,0.5418511
37671,0.47354054
36142,0.5670465
75447,0.49500862
31898,0.4419944
65458,0.43680215
20782,0.5496905
93542,0.5418511
28068,0.49500862
13088,0.47561607
91210,0.47561607
73055,0.51759946
2146,0.5418511
45779,0.5297294
53843,0.5418511
6613,0.48928905
85068,0.5755634
34339,0.48171556
1747,0.47528633
100398,0.5422768
77182,0.49457982
16496,0.5589348
50826,0.49500862
54432,0.5244415
106786,0.49500862
60662,0.49500862
25319,0.47655916
57166,0.54000974
93039,0.49500862
57408,0.5129225
98502,0.544001
89627,0.49500862
30063,0.54969496
37625,0.49500862
20751,0.5418511
43244,0.54177886
66830,0.45713767
7174,0.54344785
98246,0.5098046
56972,0.5106412
84719,0.49500862
86073,0.47991726
49249,0.47444698
72494,0.49457982
56350,0.5724075
75617,0.4752347
61192,0.512494
95727,0.47561607
53226,0.49500862
11746,0.54043573
56780,0.49500862
48037,0.477793
67699,0.4616955
52046,0.5488606
7373,0.5293021
55155,0.49500862
87577,0.49500862
97264,0.57034856
73458,0.47561607
86325,0.5686681
96463,0.5418511
16633,0.5752923
75069,0.5422768
35487,0.502178
24768,0.5332338
34822,0.5193387
101479,0.5129225
79766,0.5106412
49768,0.49500862
22731,0.5686681
33574,0.5670465
55252,0.54422855
40683,0.49457982
33771,0.54256
857,0.49500862
51226,0.5430918
46831,0.48171556
105253,0.544001
79491,0.49108028
103022,0.5418511
82950,0.49336675
64234,0.5670465
78991,0.49500862
83774,0.5418511
48994,0.56652033
84569,0.5677421
80903,0.49516746
39230,0.54710746
97195,0.49500862
34972,0.47354054
63621,0.49500862
11553,0.4752467
95009,0.56919366
2753,0.4789151
102798,0.5240137
35609,0.512494
45723,0.5670465
36421,0.49457982
93564,0.4752467
18673,0.5244415
99963,0.5422768
19921,0.49457982
9379,0.49500862
63121,0.5418511
55480,0.54344785
102975,0.56652033
55632,0.4828382
74937,0.54177886
51836,0.4752347
12610,0.56652033
46487,0.481958
42150,0.5418511
2908,0.54669446
11348,0.51106983
104966,0.5129225
56207,0.512494
47420,0.5418511
70191,0.54043573
30693,0.5454407
82367,0.5205812
56454,0.48024124
40608,0.48259422
590,0.5643654
64431,0.5418511
14717,0.49500862
14898,0.49572226
5949,0.49500862
80059,0.51106983
24763,0.49500862
46875,0.49500862
26931,0.47561607
72880,0.5670465
104802,0.5193387
39042,0.48171556
986,0.5553943
7537,0.5313576
74147,0.49702027
24786,0.47561607
94019,0.5418511
29377,0.512494
16134,0.5418511
9499,0.5125912
64513,0.5418511
15569,0.49336675
47017,0.5418511
13043,0.4736873
56464,0.47354054
8315,0.49500862
31026,0.5418511
74871,0.5418511
46139,0.5259568
57488,0.49500862
263,0.49500862
3394,0.49500862
22237,0.5681992
17299,0.49500862
43048,0.47561607
91934,0.49500862
15814,0.5209884
92661,0.47561607
48500,0.54344785
101522,0.49500862
58058,0.53146005
48310,0.5670465
93528,0.56559324
48732,0.49500862
56815,0.5786237
2861,0.5670465
32056,0.47367522
31686,0.47420335
32212,0.47444698
34433,0.5589348
9154,0.5515926
62686,0.56652033
93196,0.5418511
95261,0.4813636
70962,0.56652033
90520,0.48024124
29033,0.5681992
2713,0.5589348
36946,0.1459453
35993,0.475604
100933,0.48171556
14561,0.47367522
97302,0.5670465
9600,0.5297294
10294,0.5657751
44890,0.567273
87850,0.49457982
101786,0.5648199
69051,0.54344785
54868,0.5418511
6583,0.51106983
63256,0.47561607
53969,0.5418511
69907,0.5589348
45282,0.51106983
95125,0.4512784
54365,0.5129225
63236,0.4813636
104959,0.48171556
105117,0.5418511
18787,0.5332158
77502,0.4720353
59084,0.556798
91595,0.5418511
80788,0.49457982
99862,0.5418511
87325,0.48263526
57303,0.54177886
37884,0.49500862
92059,0.5418511
76261,0.51405716
79007,0.5293021
97833,0.53438896
40382,0.47646734
42825,0.56652033
73429,0.4925564
67050,0.49500862
67837,0.47633934
11945,0.475604
4880,0.5418511
104670,0.54842865
69307,0.54344785
2417,0.5418511
20890,0.5341331
60524,0.57648504
67623,0.49500862
79406,0.512494
81812,0.49500862
47792,0.49500862
60455,0.5293021
57967,0.54842865
63131,0.5332158
77533,0.47354054
75815,0.584675
17220,0.5589348
4822,0.5418511
104299,0.5670465
27396,0.49500862
66788,0.47561607
73691,0.4926929
84699,0.56652033
76468,0.47354054
6868,0.49500862
95938,0.49500862
91872,0.48171556
59054,0.5749549
37147,0.5418511
24966,0.47354054
5668,0.49500862
97600,0.5669697
61930,0.512494
86934,0.49500862
83678,0.4753723
29827,0.5418511
6206,0.55240214
93891,0.49500862
22302,0.53438896
53715,0.512494
74452,0.49500862
98097,0.53654397
94492,0.49500862
52873,0.5281163
39371,0.5418511
33321,0.5670465
105024,0.47444698
70699,0.5418511
63945,0.5244415
92000,0.49500862
4990,0.48171556
45293,0.5418511
89028,0.5422768
78250,0.4813636
27659,0.5422768
67546,0.47646734
85206,0.5093212
66829,0.5106412
14360,0.49500862
98129,0.5550525
74522,0.49500862
20811,0.5562583
76081,0.5129225
38953,0.47561607
8430,0.5418511
89041,0.5418511
99838,0.48038897
79512,0.48024124
103604,0.49500862
55820,0.56652033
65422,0.5418511
72645,0.5565442
91160,0.5418511
62410,0.5418511
52414,0.547581
5692,0.49457982
77094,0.5418511
55179,0.5418511
49202,0.4754728
8841,0.5418511
8096,0.5648199
75832,0.44101354
39279,0.47646734
100504,0.54344785
37330,0.5418511
71467,0.5281163
27577,0.5418511
59870,0.5418511
64403,0.5341331
47464,0.5356273
79770,0.5607745
99308,0.5422768
57197,0.5098046
37918,0.5454407
43470,0.47891495
100219,0.56652033
26510,0.49500862
25870,0.5293021
65867,0.5418511
51739,0.4961326
99965,0.48171556
10534,0.56559324
6664,0.4947643
104971,0.49500862
24615,0.4752467
100862,0.49500862
28018,0.53654397
7345,0.49500862
76059,0.49500862
24256,0.4943356
89943,0.49457982
97303,0.47891495
60280,0.5418511
18324,0.49500862
87641,0.512494
28970,0.47561607
27363,0.56650037
52902,0.512494
85294,0.47891495
81480,0.5643654
1744,0.50192565
38002,0.544001
14284,0.47422856
38484,0.4736873
80584,0.567273
77050,0.5418511
31259,0.5129225
79077,0.49500862
58886,0.5295013
60954,0.5422768
70799,0.49500862
52013,0.512494
71904,0.49457982
71844,0.51204324
22734,0.47354054
79724,0.49500862
82508,0.5728775
77802,0.4822314
54576,0.5205812
82046,0.5293021
42787,0.49500862
91919,0.48171556
4764,0.54374427
29079,0.5445249
30254,0.49500862
94013,0.5174781
33643,0.56498134
24238,0.5418511
83026,0.47367522
3164,0.47794077
81900,0.57136315
50519,0.54842865
76320,0.5418511
56165,0.5418511
83166,0.4813636
88675,0.56919366
76380,0.5418511
86709,0.5418511
54070,0.54798293
37157,0.49500862
104166,0.5072367
68285,0.5098046
81848,0.47354054
44145,0.47419038
24019,0.5297294
86235,0.5483605
80353,0.5422768
45854,0.5418511
4402,0.512494
41645,0.5129225
31674,0.5562583
28987,0.5422768
18766,0.47367522
10355,0.510574
32427,0.49465623
91400,0.5106412
55295,0.544001
106782,0.49500862
1645,0.5670465
2610,0.5670465
53836,0.5129225
63495,0.4752467
53689,0.5422768
99572,0.47354054
4148,0.53619516
93681,0.47367522
82600,0.5687249
63362,0.5418511
58983,0.53654397
66268,0.49500862
83582,0.36809576
104484,0.5515926
39197,0.47420335
70740,0.5418511
75117,0.46591118
56646,0.49500862
103460,0.49911538
19134,0.47426078
87447,0.49500862
49659,0.49500862
83556,0.5670465
23993,0.5418511
5813,0.512494
29916,0.5293021
12340,0.4125854
67255,0.5479031
46508,0.47367522
67248,0.55057335
29461,0.47561607
51279,0.49500862
16059,0.5670465
92016,0.5418511
50313,0.5418511
78370,0.53654397
80708,0.49500862
90075,0.47805136
72748,0.4813636
10128,0.49500862
7858,0.42791465
69469,0.512494
607,0.5418511
31648,0.5422768
65947,0.4828382
65612,0.512494
29127,0.49517587
71081,0.5396882
28869,0.4752467
13784,0.5418511
98489,0.5418511
38712,0.55382025
1935,0.5707326
81134,0.56489587
97576,0.39351246
100132,0.47292486
41552,0.512494
104473,0.54129755
10886,0.512494
4608,0.47424063
19638,0.4828382
103726,0.49500862
14088,0.52150095
44367,0.5422768
77775,0.49500862
43133,0.54591453
11750,0.47926676
38773,0.5462208
80328,0.5129225
36364,0.49500862
72222,0.5491868
24497,0.4752347
81796,0.47343162
68276,0.51106983
95099,0.556798
104325,0.5418511
72720,0.54798293
81957,0.5418511
68678,0.49622688
6282,0.57161593
39478,0.49500862
64263,0.55183405
56842,0.47354054
71748,0.49500862
101186,0.56652033
77819,0.4766118
82746,0.5693975
75372,0.48171556
86180,0.5418511
103038,0.49500862
53965,0.5418511
51154,0.5670465
68680,0.47367522
10380,0.53224355
15435,0.51106983
80262,0.5454407
72306,0.5478871
62687,0.47598687
87244,0.5418511
45990,0.5418511
2832,0.5418511
15117,0.49500862
62567,0.49500862
13436,0.47646734
10683,0.48171556
25182,0.544001
65739,0.5259568
94520,0.49500862
96784,0.5524433
21531,0.5293021
58971,0.46674338
66147,0.5418511
101483,0.5129225
79887,0.512494
29544,0.5422768
69091,0.49500862
11176,0.5129225
60268,0.47367522
71120,0.48054087
31291,0.47633934
43865,0.54344785
40585,0.56559324
37452,0.48024124
52456,0.51106983
90007,0.5418511
16739,0.49500862
91551,0.50118864
23423,0.4936802
1706,0.4925564
7452,0.47354054
8134,0.5293021
58536,0.5418511
105734,0.49500862
1313,0.5648199
84876,0.49500862
100693,0.49500862
57995,0.49500862
79811,0.49500862
69139,0.54842865
58534,0.47561607
99375,0.5589348
76796,0.48024124
66626,0.4828382
97721,0.48024124
102488,0.49500862
31116,0.54344785
21065,0.47646734
59272,0.5418511
99469,0.47293693
46333,0.5428452
28601,0.5418511
25815,0.49500862
102482,0.512494
34661,0.5657751
65391,0.5670465
81943,0.4935323
28505,0.5293021
88621,0.5418511
62287,0.5478871
25860,0.512494
58026,0.5418511
59165,0.49500862
21355,0.49500862
724,0.49500862
61635,0.5341331
10564,0.49500862
41782,0.5418511
6229,0.512494
42952,0.47367522
56235,0.47367522
104947,0.5418511
7746,0.512494
100978,0.47561607
20646,0.5728775
78149,0.49500862
94746,0.49500862
11466,0.55440503
12787,0.5193387
104608,0.55915165
38068,0.5418511
12230,0.5012594
22667,0.5418511
35855,0.5422768
27932,0.49500862
57277,0.5418511
71908,0.5047782
23047,0.5418511
54288,0.5643654
73157,0.5686681
72434,0.54179674
37676,0.47420335
107058,0.49500862
103029,0.49500862
34947,0.53654397
85834,0.5495754
74743,0.5418511
19940,0.5418511
29136,0.5670465
65700,0.5293021
15352,0.5643654
44799,0.5193387
79640,0.5418511
745,0.47330606
68654,0.5418511
75911,0.47561607
814,0.51106983
30903,0.47444698
32545,0.55057335
35506,0.5418511
69863,0.49500862
19443,0.5281163
45375,0.512494
22240,0.49500862
86911,0.49457982
68265,0.51106983
91954,0.5418511
99622,0.57195294
47734,0.49500862
53726,0.49500862
94247,0.49336675
154,0.56559324
11650,0.47463098
27561,0.512494
49806,0.48186365
94011,0.512494
50140,0.512494
93185,0.5068541
78438,0.49500862
2264,0.49500862
62528,0.5550525
4665,0.5681992
7685,0.47891495
39824,0.48760647
65005,0.54344785
68816,0.4925564
102678,0.49500862
63734,0.5193387
40320,0.51106983
2545,0.47354054
41278,0.5707326
102661,0.47561607
29550,0.5418511
13831,0.5106412
52921,0.48171556
106351,0.47354054
95864,0.5240137
9087,0.567273
5591,0.54669446
46258,0.47420335
95865,0.5193387
42844,0.55628127
77093,0.5418511
84201,0.54842865
70165,0.53933924
32357,0.5193387
101296,0.56559324
67095,0.49500862
85509,0.5418511
50202,0.56643116
12793,0.5281163
94120,0.56164145
16628,0.5462208
88444,0.52150095
48356,0.4751318
57373,0.5418511
20724,0.5058517
32265,0.5747944
50643,0.5691304
52320,0.5418511
90770,0.49500862
36345,0.512494
51312,0.47354054
106826,0.5193387
1659,0.5193387
16342,0.49500862
14592,0.5418511
91973,0.5293021
92819,0.49500862
19977,0.5454407
14955,0.49572226
2250,0.5454407
72244,0.556798
26420,0.5281163
68772,0.5657751
5213,0.4459697
51455,0.5281163
81805,0.49500862
85814,0.49500862
26954,0.47367522
69738,0.5454407
65545,0.49500862
83747,0.5677421
71477,0.56559324
69329,0.5418511
1746,0.4814635
87324,0.5589348
45379,0.54129755
89712,0.5409151
96389,0.49457982
35886,0.5418511
89497,0.49500862
49775,0.48038897
81178,0.5418511
72632,0.5418511
93516,0.54822993
57472,0.5589348
95100,0.47734645
257,0.4738916
97807,0.48024124
42302,0.47646734
103524,0.544001
89488,0.47208422
76436,0.5418511
95621,0.47367522
88434,0.49500862
106829,0.5295013
36065,0.475604
85803,0.475604
26046,0.5422768
57695,0.4752467
49956,0.49500862
41088,0.55057335
46736,0.4752347
45144,0.5495754
99930,0.47561607
27117,0.534151
53530,0.49500862
49282,0.4813636
1592,0.49500862
2095,0.4813636
105521,0.49500862
93321,0.54710746
77725,0.5418511
52947,0.5597311
43384,0.54724205
41422,0.47561607
102039,0.49500862
69243,0.5422768
100066,0.47163534
103522,0.5501703
61424,0.51464623
12304,0.5341331
99845,0.5418511
57141,0.47367522
63639,0.53146005
19505,0.48171556
72803,0.5418511
57130,0.53268665
104086,0.5193387
95997,0.49500862
73735,0.5686681
17898,0.5670465
63729,0.5589348
62143,0.47926676
76631,0.5451772
24602,0.57195294
69537,0.5418511
57797,0.475604
95559,0.49500862
90322,0.49500862
80472,0.47354054
66595,0.4736873
92922,0.5244415
29561,0.475604
83239,0.4753723
91457,0.544001
55134,0.49500862
99539,0.49500862
48374,0.5670465
36915,0.475604
65108,0.17979427
29981,0.5418511
93649,0.49500862
89723,0.5418511
76692,0.49500862
54562,0.55183405
43904,0.49500862
33293,0.57118315
73671,0.5491868
28238,0.49500862
27546,0.536444
2281,0.5491868
80042,0.5066462
47374,0.49500862
67558,0.47354054
58322,0.4961326
106927,0.5193387
81403,0.5422768
86321,0.49500862
50823,0.544001
97448,0.49597713
105586,0.49500862
75470,0.47561607
9662,0.43859205
91907,0.556798
41996,0.5418511
59405,0.5129225
52052,0.39403692
30825,0.4817035
95254,0.5129225
58587,0.544001
98745,0.58614546
29759,0.5418511
101031,0.475604
20484,0.5418511
25560,0.49457982
61360,0.56652033
29448,0.5418511
19381,0.47367522
35748,0.5748419
68222,0.49500862
39947,0.5129225
49604,0.5418251
1877,0.56522185
46967,0.5418511
20173,0.49500862
36385,0.5445249
69799,0.47561607
69403,0.4036857
95633,0.49457982
33998,0.4752347
64813,0.47646734
45104,0.49457982
8400,0.49500862
2873,0.5193387
10001,0.49500862
48294,0.5545978
83497,0.4813636
57145,0.47354054
40968,0.47343847
12970,0.47646734
73741,0.49500862
63151,0.5464622
70917,0.56559324
32230,0.5418511
56209,0.4755673
23490,0.5418511
47058,0.475604
82884,0.49500862
97008,0.49500862
19504,0.5418511
2297,0.54177886
48473,0.47926676
86212,0.55226827
38842,0.5648199
39472,0.47367522
51818,0.5418511
23397,0.5418511
96486,0.5681992
88840,0.47646734
40466,0.5597433
70317,0.5422768
76574,0.5670465
39341,0.47598687
7292,0.55057335
2023,0.49500862
77379,0.5418511
58211,0.5403954
33639,0.49500862
104130,0.49457982
99841,0.5418511
106572,0.49500862
76552,0.48900217
101625,0.47561607
66162,0.5418511
41851,0.51106983
101017,0.5293021
92229,0.49500862
82357,0.47426078
15982,0.54344785
23136,0.49457982
97759,0.4813636
92316,0.47367522
91913,0.5332158
46431,0.556798
19270,0.49500862
76264,0.5129225
97433,0.56650037
49813,0.4935323
63267,0.5422768
44030,0.53654397
47029,0.49500862
60911,0.45930204
26852,0.54669446
25495,0.4828382
30724,0.47293693
97366,0.54710746
88283,0.5418511
99771,0.55057335
22333,0.49500862
32269,0.56602293
8079,0.5750692
2779,0.5129225
13370,0.48024124
67613,0.4752467
84513,0.49500862
8508,0.49500862
66942,0.4813636
56528,0.56559324
63111,0.49500862
43119,0.5418511
55170,0.5670465
77456,0.46243185
8406,0.5281163
49227,0.48171556
100176,0.4881419
89671,0.54798293
99750,0.49500862
60128,0.49500862
57307,0.49457982
40250,0.49457982
34581,0.54710746
86220,0.512494
49095,0.56652033
63946,0.5670465
10473,0.5554319
41895,0.5418511
76107,0.5418511
79867,0.47891495
63319,0.48171556
96015,0.5418511
79850,0.5418511
106860,0.5454407
3663,0.47646734
100342,0.512494
8091,0.49500862
103769,0.47187963
34494,0.53146005
28174,0.5418511
14089,0.5723125
14851,0.55226827
101546,0.47646734
70823,0.56282574
51750,0.49500862
85313,0.51106983
15457,0.5418511
14421,0.5106412
98252,0.5550525
64105,0.56559324
85486,0.5479101
40484,0.5691304
21023,0.47803262
14530,0.5422768
43162,0.49465623
6006,0.5686681
6263,0.51006275
42898,0.570169
74764,0.5418511
53230,0.56652033
102952,0.5418511
17252,0.49336675
91186,0.5418511
29131,0.512494
78947,0.5193387
3032,0.5478871
98841,0.5539052
8866,0.5418511
72495,0.567273
67709,0.5418511
90098,0.5462208
59516,0.4961326
50248,0.5693733
94359,0.47354054
27240,0.4813636
96264,0.5418511
52858,0.55183405
46162,0.5418511
1134,0.49500862
48949,0.49500862
71960,0.5418511
68910,0.5214511
99982,0.4789151
41393,0.48833752
51375,0.5418511
68467,0.4761039
76589,0.5418511
70180,0.49457982
37487,0.5670465
71815,0.49500862
103508,0.5418511
82760,0.49346194
58985,0.5677421
16513,0.54177886
31230,0.49500862
59944,0.47652137
43283,0.5479101
31673,0.49500862
71637,0.5584209
84561,0.49336675
96324,0.52150095
11191,0.49500862
50728,0.49500862
22865,0.5418511
62181,0.5129225
87356,0.51127046
77537,0.567273
22487,0.5425464
45970,0.5129225
20742,0.47343162
64806,0.4752347
98020,0.54344785
49161,0.49500862
1783,0.49108028
64058,0.5422768
1330,0.5670465
86753,0.47367522
85567,0.5418511
92385,0.544001
63583,0.5533911
41872,0.5418511
4448,0.49500862
10400,0.43409365
54480,0.49336675
897,0.49492314
75005,0.54179674
104744,0.47891495
78050,0.49500862
24984,0.5422768
106112,0.56282574
19932,0.5418511
102896,0.4750004
73105,0.544001
91330,0.47561607
34731,0.49500862
52739,0.54344785
26932,0.5418511
31165,0.5418511
58551,0.4813636
21939,0.5418511
91487,0.5603226
97906,0.52150095
44807,0.44277295
39583,0.512494
93137,0.5281163
34927,0.56282574
45200,0.47561607
14810,0.5670465
97368,0.53146005
49243,0.49500862
22782,0.5205812
23667,0.49457982
71900,0.5129225
25489,0.544001
27382,0.50488794
46444,0.49500862
78907,0.47561607
54487,0.47891495
4456,0.56919366
39826,0.47330606
66223,0.5677421
56061,0.5501703
62113,0.5707326
29214,0.5418511
66149,0.57648504
88109,0.57648504
22342,0.49500862
101632,0.4828382
35544,0.5205812
77028,0.5418511
43616,0.48462927
58907,0.49500862
30899,0.49500862
87933,0.47367522
18929,0.52150095
50190,0.49500862
76597,0.5418511
89900,0.49336675
83765,0.47891495
13518,0.477793
45429,0.512494
50083,0.49259308
66000,0.5106412
94851,0.49500862
10556,0.57581574
63987,0.5259568
3997,0.5121445
9047,0.556798
85872,0.5418511
24822,0.49500862
27379,0.5129225
21940,0.49500862
48077,0.47561607
96284,0.56559324
79651,0.3767615
103427,0.4828382
12807,0.51106983
83175,0.47187963
15840,0.54868954
3484,0.49500862
70845,0.49500862
101606,0.50271237
23783,0.4961326
64445,0.5418511
104412,0.47444698
70411,0.47367522
19819,0.49500862
65009,0.512494
92342,0.47354054
19108,0.49500862
6746,0.49500862
94206,0.5418511
94143,0.49500862
99106,0.54374427
69631,0.4961326
53596,0.56652033
101047,0.5643654
56697,0.5418511
55742,0.49500862
70944,0.48038897
92980,0.49500862
34131,0.5681992
44222,0.512494
43819,0.4789151
19874,0.48928905
49225,0.47561607
5038,0.49457982
29429,0.4971216
86940,0.51132774
21797,0.47354054
54871,0.512494
44711,0.5418511
9775,0.47561607
98608,0.5418511
33277,0.5418511
47216,0.56559324
6745,0.4752467
42361,0.5297294
27101,0.56652033
72144,0.5422768
87482,0.48171556
52060,0.5686681
26520,0.5293021
16,0.4813636
97049,0.56652033
65365,0.48834893
26077,0.49336675
18424,0.56919366
80684,0.4752467
51997,0.49500862
11295,0.47646734
255,0.5681992
95708,0.55628127
102388,0.51306415
82724,0.5589348
72032,0.4961326
82147,0.49500862
50404,0.5418511
11290,0.49500862
34522,0.5418511
92537,0.49500862
105140,0.5418511
23560,0.49500862
172,0.4813636
95703,0.5589348
93174,0.5418511
52405,0.48024124
28051,0.5418511
4946,0.47635138
43674,0.4961326
50110,0.5418511
1179,0.54344785
60536,0.5581176
79473,0.5129225
104865,0.47561607
74070,0.47354054
97397,0.5686681
76386,0.49259308
41379,0.22978751
10449,0.5462208
33692,0.49500862
38931,0.56287223
40541,0.5670465
95816,0.49500862
47147,0.4813636
39952,0.47367522
10941,0.47652137
5613,0.5691304
29689,0.51106983
21013,0.5418511
12465,0.55057335
7029,0.55743486
100032,0.47187963
33975,0.51258093
102570,0.5451772
75071,0.49500862
31504,0.47891495
58867,0.5244415
51215,0.56652033
103693,0.54177886
95082,0.5193387
24245,0.49500862
51808,0.56652033
26899,0.4736873
83788,0.5669697
15455,0.4961326
6864,0.5418251
43346,0.48024124
45131,0.4752467
59236,0.48024124
60069,0.5418511
97287,0.5418511
73100,0.5418511
2015,0.5418511
67988,0.5677421
15584,0.49500862
104063,0.512494
15460,0.5120883
95640,0.48171556
77076,0.49500862
4555,0.512494
74424,0.51268154
88710,0.4738197
6054,0.47953597
65620,0.5333448
10605,0.57118315
59261,0.512494
25733,0.5422768
58112,0.5418511
81844,0.49500862
49036,0.5319767
26258,0.54591453
3535,0.5418511
101998,0.5418511
66520,0.47646734
87362,0.4935323
99528,0.4752467
12377,0.54710746
51345,0.56652033
96938,0.4961326
15312,0.47367522
16353,0.49500862
91008,0.46443787
90835,0.49500862
41820,0.49500862
16151,0.4789151
86348,0.5748419
105669,0.5418511
101601,0.5422768
83311,0.49500862
104640,0.4752347
84406,0.5418511
8453,0.49500862
60994,0.49500862
51636,0.5129225
4373,0.5418511
49091,0.5418511
68042,0.4837297
82902,0.5545978
49391,0.5422768
30984,0.52150095
34967,0.5418511
40341,0.49500862
45873,0.512494
17905,0.49500862
16839,0.5418511
44541,0.47808525
68437,0.5418511
21404,0.4925564
73479,0.5418511
30359,0.47646734
73351,0.4828382
84959,0.5740726
56513,0.56652033
103756,0.474991
67520,0.5422768
100986,0.5491868
27260,0.54043573
731,0.49500862
87687,0.49457982
28660,0.5024694
94391,0.49500862
17446,0.56559324
81498,0.5418511
12219,0.5752923
78778,0.52721566
96356,0.54043573
81985,0.5106412
55448,0.47367522
48604,0.49500862
5094,0.48038897
81185,0.47794077
71771,0.4934241
69712,0.5462208
46044,0.5146583
88764,0.56559324
88216,0.5129225
77232,0.49457982
32466,0.5422768
56837,0.54179674
40092,0.49500862
99835,0.5479031
7863,0.437414
84264,0.48443556
59001,0.49500862
65318,0.48171556
85921,0.49500862
6507,0.5422768
94886,0.49500862
14161,0.54842865
2774,0.48171556
18113,0.5707326
39735,0.5418511
78002,0.512494
28895,0.47646734
70029,0.47598687
74120,0.49500862
5053,0.49500862
72518,0.54669446
46275,0.5281163
96136,0.56786656
14146,0.5129225
48782,0.49500862
71094,0.5080104
4072,0.54798293
22234,0.55677223
40492,0.49500862
79690,0.5808731
23079,0.56559324
17333,0.5715112
87119,0.473217
5834,0.49500862
13551,0.4763085
103021,0.5418511
41991,0.44677472
97997,0.49762064
106143,0.56559324
101996,0.54043573
101236,0.13854545
36530,0.5418511
17414,0.5418511
33019,0.47646734
85006,0.5670465
76140,0.54177886
11309,0.49500862
34063,0.5487807
86991,0.4813636
32286,0.4813636
2524,0.47646734
6279,0.55057335
57030,0.47367522
37289,0.54256
54436,0.4752347
67667,0.4946777
51861,0.5244415
48301,0.49500862
92372,0.47367522
66076,0.47354054
104068,0.49500862
31387,0.49500862
103070,0.4813636
102925,0.512494
99006,0.54344785
34843,0.47514382
38428,0.5648199
50298,0.5846185
51515,0.4926929
32828,0.49457982
104127,0.40569636
2186,0.5418511
20434,0.51132774
96378,0.51106983
13398,0.5193387
6188,0.477633
85871,0.47354054
62571,0.54792804
11099,0.47506836
94810,0.4726511
23998,0.49500862
49636,0.49500862
20494,0.5670465
33693,0.49500862
91076,0.47891495
74944,0.4813636
74179,0.47646734
8337,0.47367522
38300,0.5418511
33038,0.4736873
42301,0.56559324
98406,0.57948256
21120,0.49500862
103069,0.5129225
95270,0.5418511
29415,0.49500862
8936,0.37550002
3064,0.49500862
9208,0.47320494
3003,0.5332158
19534,0.5418511
38292,0.5589348
83724,0.4789151
38364,0.56364554
13128,0.5129225
89959,0.49500862
16895,0.5686681
11341,0.49500862
65488,0.4803891
82592,0.47367522
56114,0.49336675
26861,0.512494
41746,0.4947643
96149,0.47561607
11061,0.47367522
53212,0.40555748
70589,0.47367522
78186,0.53654397
54618,0.5520876
23535,0.5670465
76071,0.48024124
6762,0.512494
21563,0.5418511
8277,0.5670465
68692,0.5418511
16750,0.5418511
106149,0.47561607
32532,0.49500862
32779,0.5129225
102453,0.54798293
30666,0.5080677
61647,0.4935323
27147,0.5670465
95403,0.51106983
100710,0.4789151
36015,0.5418511
106331,0.56231904
87580,0.48024124
41501,0.56643116
98388,0.512494
30343,0.47891495
100663,0.49457982
48171,0.54177886
56787,0.47420335
14226,0.49500862
21243,0.49500862
106770,0.5297294
14458,0.49500862
67170,0.47561607
73977,0.54177886
61569,0.512494
6221,0.54177886
1656,0.47891495
70599,0.5754083
33838,0.54798293
59864,0.47354054
74466,0.4768731
11592,0.47891495
15088,0.47561607
97597,0.47561607
18431,0.5422768
42600,0.5418511
81817,0.5422768
80331,0.49457982
98567,0.54335964
4097,0.5670465
63923,0.49500862
28027,0.56559324
27503,0.47891495
9715,0.512494
40488,0.4752467
40166,0.4752467
48582,0.5418511
6797,0.48406208
65019,0.54163146
30617,0.57195294
51701,0.37673983
5761,0.47646734
105934,0.5418511
40390,0.5430918
58403,0.47476652
39690,0.49500862
69613,0.4828382
17650,0.49500862
26592,0.5422768
70322,0.49500862
63130,0.5418511
49616,0.47679254
102088,0.54842865
15405,0.54842865
68466,0.49500862
92294,0.5129225
22524,0.544001
102550,0.49595708
79178,0.512494
78481,0.4935323
25017,0.56364644
4939,0.49500862
28702,0.4813636
50712,0.47343162
42190,0.49500862
85508,0.5418511
36452,0.5418511
9538,0.5422768
35066,0.47561607
38543,0.5418511
11794,0.49500862
66006,0.5240137
21198,0.48171556
80627,0.47561607
72178,0.49898854
52478,0.49274915
54875,0.54798293
93762,0.5657751
86519,0.54905194
78128,0.49500862
82240,0.47354054
100403,0.49500862
46299,0.54332733
105428,0.47354054
76655,0.5332338
87723,0.5418511
39172,0.47354054
105399,0.48171556
35620,0.4924307
4285,0.49500862
104852,0.47561607
45967,0.57287526
73419,0.5670465
88642,0.5418511
66205,0.47646734
48234,0.15449472
6612,0.47561607
18880,0.5589348
69298,0.5418511
87659,0.47458008
81104,0.49457982
77462,0.5193387
86422,0.47420335
82575,0.5418511
29597,0.5501703
45809,0.47158283
82953,0.5193387
60684,0.49500862
18764,0.47444698
103360,0.49336675
36723,0.5681992
29224,0.5418511
48812,0.49457982
43786,0.48732507
37907,0.4961326
66750,0.5681992
74666,0.4752467
32708,0.49500862
98157,0.5503543
85100,0.5643654
10959,0.5418511
25471,0.47926676
74863,0.4813636
87242,0.5454407
104648,0.52150095
97052,0.5501703
86805,0.475604
16681,0.47354054
9645,0.48024124
38003,0.5418511
98423,0.49500862
43855,0.47926676
80998,0.5129225
51599,0.49500862
86393,0.5687249
97657,0.49500862
68503,0.5281163
62199,0.5418511
22810,0.4935323
25809,0.47367522
31763,0.5719871
56585,0.53654397
82026,0.5418511
31013,0.4813636
88505,0.512494
67862,0.47561607
1083,0.4813636
32019,0.48024124
45514,0.5478871
45705,0.4789151
24442,0.5418511
2150,0.47561607
44853,0.47354054
87629,0.48171556
99796,0.49500862
15349,0.4813636
34765,0.5524433
25818,0.47354054
2666,0.5422768
76793,0.49500862
105647,0.49500862
81361,0.5418511
90799,0.48052526
35745,0.38315833
160,0.49500862
69303,0.5422768
14700,0.54822993
69746,0.5670465
961,0.5670465
3962,0.47891495
24511,0.5462208
61817,0.55099887
19533,0.544001
43332,0.47367522
52787,0.5281163
79254,0.5418511
63398,0.512494
46236,0.5418511
103175,0.49500862
79229,0.5418511
2444,0.5657751
77714,0.56498134
80153,0.47420335
98530,0.48171556
93242,0.5418511
39888,0.5488886
9964,0.5500574
31540,0.4813636
47142,0.5106412
35348,0.48024124
74182,0.49500862
5001,0.544001
37864,0.49500862
14092,0.54179674
16748,0.5297294
104285,0.5217025
41214,0.5319767
27064,0.5418511
1903,0.4736873
9954,0.474991
86039,0.512494
54745,0.4736873
9210,0.49500862
103898,0.2813697
21972,0.5205812
67669,0.49500862
484,0.5129225
47825,0.49500862
47939,0.4813636
100475,0.52150095
77167,0.512494
88023,0.5740726
75237,0.49500862
60778,0.5677421
33347,0.49500862
72757,0.54842865
45691,0.49500862
23169,0.49500862
49808,0.5293021
87952,0.5740726
104831,0.4936802
88511,0.5589348
106076,0.48024124
1970,0.5273334
61596,0.47367522
99009,0.49226424
36950,0.5540027
4566,0.48265535
40783,0.57281137
72599,0.47501245
8221,0.49500862
19699,0.5422768
37292,0.5649778
11863,0.49500862
79578,0.47354054
25995,0.512494
37913,0.55057335
7465,0.5418511
77555,0.5106412
87837,0.40382
32407,0.56559324
3374,0.47925472
23096,0.51106983
21436,0.5418511
67879,0.49500862
105851,0.5127975
84088,0.56652033
33309,0.5669697
58284,0.49457982
67380,0.47463098
51248,0.49500862
7690,0.5418511
66797,0.54179674
3928,0.5670465
98699,0.4753459
37209,0.5666617
39834,0.4961326
100208,0.47598687
92868,0.4736873
7592,0.49336675
93101,0.5418511
82473,0.48038897
54104,0.48171556
8772,0.5291342
49171,0.512494
1186,0.5418511
20672,0.5670465
9230,0.49500862
97020,0.48024124
2270,0.5670465
21016,0.49457982
42750,0.5418511
12134,0.4961326
85442,0.5418511
4196,0.5686681
45003,0.5686681
173,0.5418511
93374,0.54179674
88695,0.47367522
24428,0.5670465
21794,0.49500862
83160,0.48517495
61147,0.5561297
84498,0.51106983
12837,0.4989537
55334,0.47891495
23071,0.5293021
86142,0.582723
82082,0.54798293
40099,0.46394125
90999,0.48369232
60262,0.5281163
13806,0.49500862
84354,0.4813636
93197,0.5129225
31336,0.512494
61346,0.54798293
64873,0.47561607
32682,0.5776774
91281,0.49492314
18862,0.4813636
69521,0.512494
89560,0.49500862
35183,0.4828382
101367,0.47354054
80005,0.5418511
28355,0.52150095
81694,0.47561607
67871,0.512494
40178,0.5784451
18070,0.56643116
30680,0.49500862
56137,0.49500862
84815,0.475003
86707,0.56488246
55089,0.49500862
59361,0.47420335
64490,0.56559324
57093,0.49500862
15676,0.48171556
39525,0.47561607
47923,0.47646734
45403,0.4947643
83152,0.4736873
98655,0.49500862
50859,0.49500862
65784,0.5670465
70212,0.5418511
21058,0.53654397
74241,0.47352847
62610,0.54177886
7566,0.49500862
97972,0.54839253
67144,0.5643654
87606,0.5780127
46796,0.5129225
4010,0.5501703
76090,0.4935323
12992,0.47891495
96829,0.556798
84814,0.4813636
57267,0.4935323
6047,0.475604
69361,0.49500862
17613,0.49500862
51751,0.54043573
42632,0.56442845
36140,0.49500862
85388,0.49500862
71239,0.54842865
15500,0.5281163
61416,0.5418511
31746,0.5670465
50329,0.48171556
73952,0.5808731
32538,0.49457982
13418,0.564508
12540,0.512494
43800,0.49500862
14460,0.49500862
55856,0.49500862
62352,0.5589348
94871,0.54724205
91572,0.56652033
26053,0.5462208
50065,0.49500862
5865,0.544001
10612,0.48171556
42136,0.5418511
98225,0.5707326
67911,0.5418511
58526,0.5670465
60638,0.5670465
17491,0.49500862
65807,0.54177886
65190,0.47354054
46855,0.512494
31550,0.56282574
46678,0.47926676
52586,0.5686681
77083,0.564508
15946,0.49500862
47152,0.47367522
82477,0.47367522
89509,0.47646734
67809,0.47354054
66336,0.47354054
104012,0.512494
5903,0.5396882
71203,0.49500862
53679,0.47367522
4649,0.4828382
45837,0.5240137
47135,0.5643654
100954,0.5719538
91716,0.47354054
85728,0.5418511
1170,0.5451772
31247,0.56498134
7679,0.5589348
28796,0.4726511
44977,0.49500862
39422,0.5669697
61607,0.56919366
106078,0.5080104
9024,0.48024124
87278,0.54669446
69203,0.5418511
1615,0.48038897
18592,0.56652033
102546,0.5418511
92573,0.4752347
99103,0.56488246
64001,0.54591453
10045,0.5418511
85073,0.5670465
63138,0.4754728
33289,0.4813636
25657,0.48734334
105677,0.53146005
67163,0.4752467
13647,0.5106412
76642,0.49465623
51007,0.47420335
68266,0.4750004
44275,0.48734334
20998,0.4927792
37144,0.5129225
22529,0.49500862
107135,0.49500862
10453,0.5129225
44915,0.4789151
71397,0.48171556
87754,0.512494
94874,0.48024124
48273,0.51167476
83799,0.49500862
59725,0.474991
17919,0.56652033
38410,0.49500862
96210,0.5418511
52102,0.5648199
71858,0.5293021
35019,0.5205812
100257,0.54177886
92012,0.512494
62039,0.47926676
62999,0.47444698
71724,0.47598687
45444,0.4961326
92009,0.57161593
19636,0.53654397
55464,0.49500862
71250,0.47354054
7439,0.5418511
49016,0.5418511
23337,0.5418511
60876,0.49358028
49078,0.49500862
74833,0.5418511
29020,0.38574067
26583,0.47354054
29303,0.5422768
42586,0.47794077
71875,0.5297294
34508,0.5418511
6165,0.48038897
58493,0.5445249
94887,0.49500862
102986,0.47561607
28098,0.564508
25087,0.49457982
8009,0.4961326
89579,0.4752467
54770,0.49500862
51653,0.48171556
45760,0.5271977
4476,0.47901082
54421,0.5418511
59509,0.47561607
98689,0.47935867
60921,0.5418511
39461,0.4726511
70274,0.544001
37090,0.5418511
37016,0.4752467
13411,0.571851
51088,0.49500862
56925,0.5648199
98002,0.475604
35495,0.55183405
93475,0.5755634
68261,0.5437585
98947,0.49500862
50552,0.49500862
59028,0.4750131
88386,0.47420335
96380,0.5244415
45376,0.510497
43984,0.5418511
24711,0.4762662
97312,0.5418511
26141,0.49500862
16602,0.49500862
23781,0.49500862
28258,0.5418511
64800,0.48024124
37795,0.49873605
62740,0.47891495
41201,0.4961326
1954,0.49500862
81573,0.512494
21215,0.4813636
70981,0.51106983
67761,0.5589348
104537,0.4712519
52595,0.54868954
28616,0.47561607
17775,0.49500862
35248,0.4752467
34106,0.49500862
13399,0.47561607
62348,0.49199027
22348,0.54000974
78412,0.5106412
79202,0.5418511
28300,0.5205812
57415,0.49465623
24325,0.5418511
104667,0.512494
102884,0.54177886
75881,0.5129225
89545,0.5418511
53802,0.512494
8428,0.47352847
1947,0.49500862
39582,0.5418511
98781,0.4828382
10914,0.49500862
68116,0.5418511
89336,0.5665481
23088,0.47865292
24498,0.47354054
20680,0.49500862
72863,0.512494
9853,0.5080104
34780,0.49500862
47982,0.47354054
23029,0.5670465
99217,0.5552446
65189,0.4961326
32702,0.4813636
29196,0.54344785
92311,0.5707326
78556,0.5418511
790,0.49457982
61109,0.5293021
27468,0.512494
59155,0.4752467
77199,0.5478871
5278,0.47926688
74444,0.4752467
82691,0.5293021
16226,0.49500862
52549,0.5418511
44851,0.57648504
59450,0.47561607
94386,0.49500862
17225,0.5774326
36121,0.49226424
70641,0.49500862
23081,0.5719538
26293,0.4752347
19672,0.49500862
75867,0.54669446
12380,0.55183405
58603,0.54177886
75965,0.45844218
89363,0.55382025
93676,0.5418511
14307,0.4961326
91126,0.48107484
25779,0.49500862
6628,0.5129225
4388,0.5418511
93791,0.5418511
31487,0.5462208
90708,0.49500862
30088,0.52150095
83553,0.56488246
74383,0.49500862
25927,0.51106983
7414,0.49500862
20334,0.47561607
21744,0.556798
21251,0.512494
60748,0.5418511
43515,0.5418511
74308,0.512494
106088,0.5418511
34656,0.49500862
50547,0.5418511
95637,0.54792804
30704,0.4789151
15030,0.49500862
24654,0.5686681
9002,0.49500862
39090,0.5418511
50634,0.4789151
97316,0.49500862
84069,0.5193387
15263,0.49895456
17371,0.5418511
92665,0.49500862
68592,0.544001
34934,0.5677421
60754,0.5129225
11212,0.5418511
57395,0.5670465
87247,0.5670465
10163,0.49220404
19818,0.4813636
86469,0.5707326
5163,0.5495754
89755,0.5418511
15091,0.54710746
54328,0.544001
26074,0.5418511
70959,0.49457982
84334,0.5418511
65282,0.56652033
33477,0.51106983
6641,0.5418511
23339,0.5422768
224,0.5418511
16607,0.5129225
106110,0.49500862
75941,0.4752347
45252,0.5418511
832,0.55057335
55056,0.49457982
89743,0.56488246
60890,0.5418511
55078,0.5418511
48751,0.49492314
64538,0.49500862
40381,0.4887902
80868,0.47367522
39323,0.5129225
87561,0.567273
16654,0.49500862
41696,0.475604
13283,0.49500862
24227,0.56364554
9617,0.5281163
56613,0.5418511
87591,0.5677421
51253,0.5661485
79479,0.567273
90168,0.47367522
63042,0.544001
37035,0.5418511
52909,0.47367522
69625,0.4752347
10939,0.512494
43090,0.57281137
23167,0.512494
16387,0.47613665
40661,0.4712195
71384,0.56559324
19426,0.49500862
45384,0.5293021
60704,0.5418511
14812,0.54346573
42412,0.5418511
70876,0.49110043
63689,0.47926676
33546,0.47561607
15735,0.5158116
40798,0.5698077
13733,0.47561607
67133,0.5648199
18911,0.4736873
31669,0.47367522
80993,0.49457982
48559,0.47367522
6089,0.49457982
75724,0.47561607
76026,0.5106412
31984,0.47618973
10651,0.5681992
31300,0.47354054
28564,0.5106412
18914,0.512494
58189,0.48353422
79828,0.47420335
66402,0.47354054
40202,0.512494
95576,0.4752467
94270,0.5478871
29226,0.47354054
53270,0.5129225
35383,0.5129225
29566,0.5129225
2547,0.5418511
70342,0.5418511
1061,0.55330306
78036,0.56559324
72994,0.5129225
34506,0.5453208
102711,0.5597311
41440,0.5418511
39328,0.49500862
82236,0.5418511
54557,0.49492314
8590,0.49500862
49268,0.47079328
53084,0.49500862
32658,0.43397495
40205,0.5418511
16606,0.4925564
21653,0.47646734
38824,0.4752467
72356,0.5418511
58357,0.53146005
5784,0.5129225
10202,0.5670465
9417,0.47367522
33193,0.475604
107160,0.5418511
70310,0.5669697
18909,0.5445249
60021,0.51106983
20427,0.5418511
104311,0.53146005
86023,0.5106412
31203,0.512494
63103,0.49500862
98109,0.49500862
21297,0.5621024
52144,0.49226424
88901,0.5422768
38225,0.512494
84696,0.56643116
20497,0.5589348
29476,0.49500862
24075,0.47561607
22804,0.48183274
91118,0.47561607
80940,0.5666617
43319,0.34479713
29975,0.49500862
87083,0.48024124
52097,0.49500862
40409,0.47646734
38669,0.5129225
3473,0.49500862
42303,0.47330606
55987,0.5129225
29956,0.47926676
85955,0.5293021
25404,0.5418511
10515,0.4738077
94826,0.56559324
24313,0.5418511
7440,0.5281163
37739,0.5422768
65222,0.5418511
21842,0.49500862
13616,0.51106983
62725,0.512494
82094,0.5129225
28784,0.52150095
90341,0.47646734
90871,0.5418511
97153,0.5425464
34477,0.4828382
27288,0.47561607
6645,0.4792548
106487,0.57648504
103799,0.49500862
100795,0.5293021
50441,0.4752347
25656,0.5740726
42091,0.47935867
31393,0.5660958
105245,0.55057335
30771,0.5418511
63295,0.54842865
92846,0.5110465
76532,0.512494
55699,0.49500862
51532,0.5503543
81462,0.56643116
55743,0.5669697
5471,0.47926676
50734,0.5106412
77357,0.5418511
42814,0.4752347
56981,0.4752347
15870,0.47354054
62263,0.47561607
32459,0.49500862
69113,0.56364554
41655,0.47310764
73181,0.5686681
106893,0.4726511
95135,0.49500862
250,0.5454407
46233,0.550645
61352,0.5483605
78753,0.5418511
36900,0.4935323
20266,0.48024124
100210,0.47561607
12736,0.5418511
72307,0.46781778
88205,0.5418511
8442,0.54177886
5266,0.4744561
68454,0.49500862
42471,0.54842865
88656,0.47926676
39599,0.5418511
52067,0.53654397
36330,0.5418511
64700,0.4730443
45548,0.47354054
25933,0.512494
15386,0.5562583
5678,0.47354054
64586,0.47563797
42264,0.5418511
82239,0.49500862
12472,0.47354054
80615,0.512494
90894,0.5707326
33993,0.5418511
68985,0.5418511
48858,0.4803584
2365,0.5129225
61432,0.5319767
55956,0.5686681
72981,0.47261947
3931,0.5106412
102498,0.5293021
65577,0.567273
104607,0.5802539
3574,0.544001
48736,0.4752467
17630,0.5418511
92273,0.49336675
88264,0.47561607
46131,0.5418511
65601,0.5418511
11263,0.5129225
56695,0.47561607
52600,0.5418511
5653,0.5293021
23233,0.5293021
102262,0.5129225
19938,0.5418511
43484,0.4752467
85166,0.5501703
3085,0.4752467
18921,0.5129225
24771,0.47444698
58897,0.3791037
94516,0.4961326
78453,0.5293021
91211,0.5707326
105987,0.49500862
43111,0.47354054
28487,0.52150095
8124,0.5418511
82311,0.4752467
98877,0.5462208
74159,0.4828382
33511,0.54177886
95473,0.47646734
19725,0.49500862
41003,0.49500862
16427,0.47926676
100963,0.56650037
52106,0.5418511
39236,0.5698077
44120,0.5240137
105658,0.5240137
13655,0.47389197
26906,0.5565442
88670,0.5244415
10846,0.47808525
61451,0.5259568
22909,0.49500862
5603,0.51106983
71995,0.49500862
13659,0.53708345
33676,0.5129225
99479,0.5100966
87944,0.5422768
98866,0.54710746
101832,0.47354054
41896,0.5129225
3179,0.56559324
51753,0.4936802
27493,0.56652033
49726,0.4813636
12631,0.47646734
72865,0.49500862
80074,0.5707326
25077,0.5259568
2911,0.54179674
6033,0.54177886
11734,0.5418511
49339,0.49500862
3717,0.5193387
81240,0.47561607
94153,0.5559002
78852,0.49500862
54176,0.49492314
65079,0.49500862
42937,0.49500862
37077,0.49500862
90291,0.4828382
64253,0.54344785
56721,0.4752467
14315,0.54179674
71554,0.49500862
83088,0.54043573
14641,0.4925564
48788,0.4752467
37948,0.477793
80385,0.5686681
33468,0.55754864
18095,0.49500862
33431,0.49500862
92258,0.47123158
78347,0.49500862
56274,0.48833752
53441,0.5271977
9495,0.56559324
80729,0.5425464
12433,0.5293021
86376,0.5418511
52615,0.49457982
64847,0.5418511
19409,0.49500862
207,0.5677457
68122,0.47561607
92545,0.5453208
95519,0.5418511
50682,0.49500862
55649,0.4994425
81728,0.49500862
11486,0.5418511
57854,0.5259568
1370,0.56604624
30096,0.5501703
37053,0.48171556
54074,0.4752467
33195,0.5418511
102230,0.50596964
45171,0.47599605
46872,0.5418511
9345,0.5603226
82785,0.38620242
48943,0.512494
106349,0.5129225
21593,0.544001
78571,0.5589348
91788,0.5418511
86361,0.5724075
52065,0.49500862
84555,0.47646734
3855,0.5418511
43401,0.5707326
69390,0.5106412
56654,0.4813636
28773,0.5319767
100080,0.47935867
89691,0.49465623
80744,0.47746918
27515,0.4752467
101721,0.544001
23643,0.47891495
47182,0.5418511
56109,0.512494
81489,0.5422768
72660,0.49886373
25454,0.49500862
89294,0.52150095
74774,0.5554319
30573,0.5418511
55258,0.49500862
5170,0.47891495
88336,0.49500862
5643,0.49500862
62813,0.5418511
72060,0.49500862
36505,0.475604
30556,0.5418511
80742,0.512494
81442,0.5319767
84357,0.49622688
8437,0.5418511
89498,0.47354054
52323,0.47561607
6105,0.55183405
28306,0.49457982
817,0.49500862
21262,0.5418511
101935,0.5418511
84337,0.5106412
14451,0.49500862
16999,0.5129225
106000,0.5418511
54478,0.56559324
74663,0.56652033
45704,0.512494
19643,0.56282574
61567,0.5146583
15631,0.544001
41554,0.47722545
83039,0.56737256
103446,0.5129225
98345,0.49500862
58781,0.47561607
36507,0.512494
93968,0.48870912
69970,0.47891495
29264,0.5462208
72447,0.567273
49490,0.5418511
78217,0.48171556
102159,0.51278293
70273,0.4752467
26338,0.48183274
56176,0.49500862
48531,0.5418511
87778,0.567273
31072,0.47561607
102437,0.47292486
74391,0.49500862
99487,0.49500862
1181,0.5293021
98967,0.49500862
40784,0.4961326
13252,0.5418511
35927,0.475604
10450,0.4885411
26024,0.48089117
85777,0.478975
79959,0.5418511
42224,0.49500862
79732,0.53654397
13077,0.49500862
45919,0.5418511
48481,0.5418511
23051,0.49500862
53396,0.4778195
25990,0.5558875
65930,0.5657751
84275,0.5454407
55555,0.544001
13571,0.47354054
19734,0.5551061
99263,0.5418511
40884,0.56650037
76709,0.54344785
91081,0.5418511
99608,0.5724075
101938,0.512494
31299,0.544001
54312,0.49500862
75331,0.5589348
26718,0.5454407
39625,0.5418511
10154,0.5418511
52480,0.56652033
86492,0.51106983
67218,0.5418511
90249,0.5193387
107061,0.49500862
31114,0.47891495
22242,0.49500862
103709,0.49457982
25534,0.5422768
11076,0.4789151
59426,0.5418511
40405,0.56488246
44754,0.5670465
22684,0.4753459
5801,0.53146005
36924,0.5418511
53384,0.511647
92712,0.5743699
96901,0.56559324
66228,0.51242274
6751,0.49500862
16380,0.5419671
67691,0.4828382
69021,0.49500862
96902,0.5129225
47769,0.56650037
31218,0.57376105
38635,0.49500862
84440,0.5341331
80700,0.4740281
83305,0.47561607
77004,0.47223306
35493,0.56559324
57640,0.49500862
22467,0.56559324
37776,0.54344785
69920,0.49500862
27536,0.5193387
52622,0.49500862
99130,0.49500862
34826,0.5422768
13530,0.5129225
54219,0.45882246
75359,0.47561607
27285,0.48147157
22077,0.5418511
90788,0.48171556
104322,0.4752347
32897,0.5677421
55677,0.49500862
42319,0.47367522
92559,0.56652033
29282,0.5259568
65013,0.49457982
4817,0.5418511
37540,0.48038897
68712,0.4736873
56007,0.56559324
47616,0.24195877
79058,0.5422768
81738,0.5670465
100015,0.4750004
54572,0.5080677
49533,0.54043573
101178,0.5129225
95017,0.5418511
105751,0.544001
78944,0.5670465
2093,0.5648199
105969,0.47189167
104250,0.58144593
83042,0.48171556
1065,0.5146583
37529,0.4813636
13780,0.544001
46453,0.495525
64631,0.47845477
20384,0.48171556
47912,0.4833379
18,0.47891495
77554,0.48333058
15582,0.49500862
99666,0.4932011
79962,0.472309
57979,0.49500862
781,0.547581
65466,0.4736873
95252,0.49500862
32661,0.49500862
51127,0.4936802
17798,0.45192292
39908,0.54129755
25867,0.5418511
21529,0.4752467
28279,0.49500862
11637,0.49500862
64726,0.5418511
74392,0.47779313
15857,0.47367522
97309,0.49500862
37463,0.5479101
32071,0.5672721
21323,0.47891495
26312,0.5418511
71930,0.5418511
3492,0.49457982
65456,0.5193387
96936,0.4813636
76724,0.4961326
10868,0.4813636
82591,0.49500862
35387,0.47891495
38546,0.56652033
89839,0.5418511
14754,0.5193387
48921,0.51106983
5482,0.5418511
105128,0.42139745
31526,0.55183405
93278,0.49500862
37389,0.5418511
85513,0.5418511
71873,0.47354054
14912,0.49500862
81004,0.47367522
43896,0.5341331
14272,0.49500862
10717,0.49457982
64257,0.5550525
11434,0.4813636
66130,0.54000974
35204,0.5418511
54695,0.49500862
14350,0.5193387
100672,0.512494
3169,0.49500862
82931,0.4932079
92433,0.5418511
24263,0.47891495
14767,0.5418511
10604,0.56559324
100318,0.47367522
75663,0.49500862
43684,0.5418511
30373,0.544001
17867,0.5253922
33900,0.47561607
29003,0.5418511
33694,0.4961326
84087,0.4752467
29852,0.5681992
63545,0.56652033
62292,0.49500862
57258,0.49500862
95073,0.47891495
50685,0.5670465
104221,0.5660958
51911,0.4945678
48975,0.48171556
58430,0.5419671
63383,0.5418511
35526,0.5293021
64270,0.5418511
23285,0.47827178
89158,0.47367522
77528,0.56652033
38446,0.5418511
19382,0.56282574
17453,0.5707326
39175,0.5418511
102238,0.56282574
85718,0.5281163
24010,0.49500862
54821,0.52150095
13440,0.47444698
11394,0.4752467
23805,0.5418511
43147,0.43558857
1333,0.512494
1639,0.5677421
37376,0.5106412
63387,0.56652033
23614,0.5554319
32136,0.47187963
49294,0.48024124
13594,0.5418511
42326,0.49500862
82587,0.47367522
62487,0.47561607
61281,0.5425464
1204,0.4947643
85035,0.544001
63270,0.53538424
54681,0.52150095
38823,0.47646734
88510,0.49500862
73301,0.47367522
97118,0.5418511
56486,0.4736873
70896,0.49500862
9348,0.5418511
103274,0.47354054
33539,0.5418511
91382,0.4970643
42087,0.47891495
38095,0.4754728
37681,0.47354054
8143,0.5670465
19535,0.4813636
100274,0.49500862
47783,0.47354054
63781,0.512494
96617,0.5670465
75551,0.48024124
17255,0.5648199
53787,0.49457982
635,0.5648199
85183,0.5418511
103397,0.48171556
82756,0.4963792
100666,0.49500862
50949,0.5418511
28357,0.5418511
45721,0.4932079
56031,0.4925564
28691,0.47354054
16837,0.47618973
5685,0.5341331
92766,0.47652137
46208,0.4813636
39047,0.544001
6910,0.47367522
70669,0.5418511
49926,0.5418511
67684,0.5129225
22819,0.49500862
64125,0.49500862
15652,0.47598687
23464,0.41503173
29177,0.47367522
35062,0.5681992
68536,0.5293021
51118,0.49500862
90260,0.56488246
60622,0.49500862
72104,0.5670465
7291,0.47367522
68799,0.49500862
26509,0.47187963
96133,0.5422768
64710,0.5418511
34161,0.5259568
4172,0.54177886
26504,0.48038897
42383,0.47354054
48827,0.512494
62023,0.5670465
53381,0.49500862
42672,0.49500862
40352,0.47748852
98188,0.47187963
55579,0.49500862
95699,0.5589348
22073,0.49500862
7510,0.56652033
61926,0.5648199
12524,0.5129225
30272,0.49457982
84597,0.49500862
82478,0.5454407
64991,0.512494
33087,0.5418511
102366,0.47420335
83565,0.48171556
83122,0.512494
52131,0.54710746
910,0.47420335
5111,0.5281163
54693,0.5418511
98190,0.5293021
10111,0.4755673
37371,0.5418511
34857,0.49500862
14501,0.49500862
36005,0.49500862
25749,0.49500862
78921,0.5671309
44951,0.56652033
14333,0.47164553
83840,0.5418511
27079,0.49500862
13278,0.5027497
23037,0.4752467
67764,0.48171556
15310,0.5418511
94802,0.4767983
87951,0.49500862
78943,0.4813636
97872,0.5221305
81410,0.49500862
50882,0.5418511
27223,0.5259568
65094,0.4736873
78051,0.49500862
70230,0.4935323
14759,0.49500862
59979,0.48171556
43844,0.556798
79018,0.5259568
27232,0.5478871
26744,0.512494
42401,0.5396882
78332,0.4789151
76194,0.5083181
384,0.5418511
63682,0.5418511
49119,0.5430918
54063,0.5418511
64585,0.47646734
79519,0.5670465
51401,0.49500862
30357,0.54710746
13880,0.5422768
58055,0.56559324
45641,0.56919366
21988,0.49500862
54004,0.56650037
24290,0.49500862
77273,0.4736873
76128,0.49500862
65644,0.458441
79017,0.5418511
101808,0.475604
99951,0.4931717
60253,0.47561607
94900,0.5418511
48007,0.544001
98057,0.47991726
47744,0.5281163
98823,0.47926688
101068,0.5418511
102961,0.4744561
74087,0.5418511
7420,0.47926676
70975,0.48171556
105748,0.5418511
42214,0.52150095
13477,0.5545978
104778,0.56652033
43685,0.49500862
100408,0.4813636
51947,0.49500862
75354,0.4738077
15888,0.5670465
33178,0.47646734
101604,0.49500862
11544,0.47367522
58903,0.54179674
41792,0.49500862
93189,0.52150095
41555,0.5418511
79590,0.5281163
3426,0.55183405
25278,0.5418511
25008,0.5677421
81536,0.47352847
95607,0.5230947
98558,0.4752467
48761,0.5106412
11198,0.5670465
2451,0.567273
46648,0.5681992
51384,0.4750131
62978,0.56498134
27721,0.48098734
64172,0.5244415
77418,0.49500862
72441,0.49500862
29063,0.475604
18090,0.4736873
2491,0.5080104
70301,0.49500862
52348,0.5648199
82167,0.4794892
32365,0.49727303
6896,0.5491868
54908,0.5418511
50459,0.47711766
60554,0.4813636
17023,0.49500862
65066,0.54177886
66344,0.47354054
37911,0.47330606
22161,0.48038897
30356,0.47354054
60676,0.5093212
31531,0.567273
4843,0.5418511
99733,0.54842865
83507,0.49500862
82773,0.5422768
74473,0.5418511
88188,0.4221637
88215,0.5418511
63735,0.5454407
70619,0.5445249
61200,0.49457982
30655,0.5462208
65913,0.49500862
54326,0.512494
56131,0.5677457
58175,0.564508
98975,0.39604262
94819,0.5418511
90301,0.47354054
25780,0.53654397
60452,0.49500862
50411,0.49500862
35018,0.5418511
73380,0.5453208
17467,0.4813636
3094,0.47069907
9738,0.5670465
44418,0.5259568
84598,0.5728775
93058,0.4789151
101249,0.47444698
3313,0.49500862
98711,0.56650037
27602,0.5422768
49587,0.54798293
80445,0.5418511
39073,0.49500862
77240,0.47367522
64521,0.5589348
14191,0.512494
84975,0.57839227
41952,0.4961326
26320,0.54177886
4556,0.5501703
15168,0.5418511
26457,0.49500862
59345,0.5418511
29189,0.4813636
71307,0.5670465
71078,0.5418511
3900,0.5259568
22304,0.5755634
38231,0.5454407
81720,0.47514382
81431,0.5589348
583,0.49500862
53552,0.47740933
84043,0.544001
16175,0.5418511
34979,0.46781778
64150,0.57281137
75806,0.49500862
93116,0.5106412
29562,0.57648504
28371,0.47367522
69331,0.21374395
44586,0.47367522
91778,0.512494
99087,0.49500862
36336,0.5271977
76742,0.55440503
103873,0.52150095
41887,0.5670465
36456,0.5418511
8347,0.49500862
105701,0.52150095
18727,0.5501703
48456,0.479391
67345,0.49500862
18115,0.5418511
88646,0.5728775
16889,0.525426
12294,0.41636562
83601,0.54179674
73687,0.49500862
51259,0.47354054
69885,0.5418511
45997,0.5418511
65402,0.5686681
24272,0.5418511
26111,0.49500862
14340,0.47891495
106932,0.4926929
10072,0.54043573
42275,0.49500862
12585,0.4750004
19345,0.54798293
51382,0.5418511
17188,0.5520876
61288,0.5719538
83262,0.5418511
86120,0.49677005
71597,0.49500862
56009,0.567273
23672,0.49812788
87182,0.5418511
30917,0.56652033
45016,0.49500862
27513,0.49500862
23688,0.4752467
91552,0.49457982
36671,0.51106983
61761,0.48024124
85490,0.5129225
102143,0.51106983
4545,0.49500862
25878,0.5106412
40704,0.47646734
88727,0.48024124
21689,0.47574306
53724,0.48171556
23022,0.47367522
77592,0.49500862
77918,0.56652033
94200,0.49500862
37600,0.4752467
43202,0.49336675
75128,0.23286986
47481,0.5681992
80803,0.49500862
97638,0.5129225
67851,0.54177886
69733,0.5597433
96141,0.47367522
72491,0.50892913
77467,0.49500862
61997,0.4752347
34472,0.49336675
69452,0.49500862
105256,0.5418511
38288,0.52150095
61579,0.5686681
81861,0.54344785
91388,0.4752347
66355,0.4752347
9772,0.49500862
91345,0.5418511
89020,0.5129225
47843,0.47561607
40239,0.5418511
7984,0.47354054
12457,0.47367522
48634,0.5333448
54494,0.54344785
36007,0.5418511
13859,0.49500862
104132,0.5418511
106444,0.4813636
77743,0.49500862
12930,0.5462208
75523,0.5715003
74575,0.47561607
87066,0.49500862
72953,0.57161593
75330,0.5515926
35634,0.5648199
32681,0.5418511
54719,0.53732646
11158,0.5341331
59927,0.475604
104545,0.48300773
40117,0.5418511
61413,0.5418511
21715,0.47940305
32714,0.5418511
24981,0.5686681
35347,0.56652033
93329,0.49500862
62636,0.512494
81546,0.4925564
98273,0.49500862
7217,0.49500862
93418,0.48171556
37177,0.49516127
64677,0.5271977
17229,0.5418511
97054,0.54163146
79937,0.54344785
54263,0.5418511
71751,0.47354054
82528,0.5681992
72064,0.5418511
79587,0.49500862
28466,0.49457982
78377,0.5589348
46316,0.5418511
36085,0.47330606
17461,0.51106983
68795,0.56652033
92838,0.49500862
7155,0.5752008
18487,0.49500862
66346,0.49500862
99,0.49500862
101572,0.5371459
89347,0.54792804
68407,0.57648504
49849,0.49500862
33062,0.54000974
57697,0.5698077
43349,0.49500862
83428,0.5129225
105864,0.4813636
15474,0.49500862
27327,0.49500862
81606,0.5129225
46310,0.4936802
7460,0.49500862
13550,0.51106983
101547,0.544001
37085,0.49500862
90070,0.5677457
21549,0.5418511
20421,0.49500862
85729,0.49500862
94349,0.54798293
97059,0.5129225
74765,0.52150095
13726,0.5418511
337,0.49500862
51845,0.47253108
58858,0.54798293
46319,0.47646734
55111,0.49336675
11656,0.49457982
78676,0.5418511
60093,0.54177886
91884,0.5418511
51111,0.5430918
17141,0.52150095
58149,0.5430918
61320,0.49500862
1131,0.47352847
22772,0.47354054
43664,0.56498134
43501,0.5707326
81414,0.47646734
52958,0.4896044
89750,0.49500862
83877,0.52150095
65308,0.4960125
9200,0.52150095
23749,0.5144142
13672,0.47561607
74683,0.5418511
53904,0.48024124
105146,0.5697344
40098,0.49500862
54660,0.49500862
93339,0.477793
106801,0.5749549
26778,0.49500862
72106,0.473294
20868,0.5418511
75989,0.5418511
105541,0.4806465
13843,0.49500862
98710,0.49500862
48313,0.48171556
31664,0.569062
19568,0.49226424
47754,0.49500862
96276,0.5106412
95056,0.5418511
92257,0.49324873
85089,0.13396794
20080,0.49500862
52366,0.55677223
43572,0.5244415
29109,0.556798
52191,0.55382025
62260,0.4752347
47485,0.49500862
52129,0.5418511
59497,0.49500862
73830,0.47808525
27949,0.49500862
16537,0.5418511
84391,0.5418511
54134,0.5657751
13467,0.53654397
86868,0.567273
95993,0.4779288
60827,0.5418511
68151,0.49259308
57843,0.49457982
2809,0.47618973
46015,0.5418511
20238,0.5418511
106281,0.5106412
50264,0.4713256
73468,0.55183405
15834,0.51106983
72045,0.54344785
56366,0.54000974
9996,0.48024124
100234,0.49500862
36929,0.49500862
68444,0.47444698
563,0.49492314
80583,0.56164145
103138,0.49500862
65733,0.5670465
32278,0.48290232
88389,0.5665481
56450,0.5670465
29640,0.51106983
101098,0.49500862
89131,0.567273
102285,0.49500862
1174,0.47449648
86355,0.47420335
68228,0.5129225
49846,0.5267817
107146,0.54344785
7072,0.54043573
56520,0.4925564
73045,0.5478871
28365,0.54344785
68322,0.54177886
102037,0.5707326
18716,0.49500862
67893,0.47367522
81841,0.5129225
38298,0.49500862
90742,0.49500862
72516,0.49500862
37424,0.54129755
40673,0.49500862
105362,0.4828382
64238,0.475604
35480,0.47420335
84378,0.53654397
2635,0.49500862
63605,0.47561607
45588,0.48077995
46577,0.4817035
99481,0.5418511
808,0.512494
36596,0.5687249
60836,0.54591453
27095,0.4752347
78127,0.47598687
32525,0.5784451
102468,0.5719538
8884,0.5418511
16939,0.5418511
88921,0.54344785
67854,0.49500862
88238,0.5478464
39425,0.4936802
23801,0.56559324
4572,0.53146005
56382,0.47444698
11124,0.49500862
45994,0.49500862
85602,0.54000974
104776,0.47940305
49788,0.56652033
29069,0.49500862
75167,0.5129225
64727,0.47367522
36990,0.54177886
8472,0.49500862
21020,0.5707326
22816,0.5589348
15066,0.506356
13058,0.4726511
38179,0.55094904
42100,0.49500862
89612,0.5418511
64576,0.49457982
106162,0.5418511
20322,0.5271977
2401,0.49500862
9479,0.5271977
12406,0.56559324
26699,0.54344785
56948,0.512494
9085,0.53146005
84168,0.53438896
102128,0.5418511
453,0.48464724
66887,0.5677421
88581,0.47561607
11297,0.56652033
23061,0.53654397
35290,0.54129755
79126,0.567273
100424,0.567273
99590,0.54591453
79363,0.4542585
14879,0.5418511
63376,0.47354054
28444,0.4813636
1687,0.47354054
2805,0.49546373
86217,0.49500862
91622,0.52150095
74692,0.5418511
22137,0.5589348
55905,0.49492314
16878,0.5418511
104755,0.56442845
53967,0.56282574
10164,0.474991
75949,0.47444698
58759,0.4828382
52757,0.4803891
50056,0.5193387
24815,0.5643654
103539,0.5501703
102891,0.54591453
105114,0.26539811
4702,0.49500862
1300,0.512494
58992,0.5418511
70748,0.512494
21924,0.5418511
62586,0.5112978
69942,0.5670465
64693,0.5332158
72381,0.47354054
44443,0.5418511
61988,0.4789151
69769,0.49500862
83105,0.49500862
70937,0.49500862
102976,0.56919366
34980,0.4932079
102923,0.49500862
67750,0.47646734
89720,0.4752347
50254,0.5418511
61340,0.5698077
105000,0.53654397
78651,0.5666617
37221,0.4837297
74552,0.4960949
20119,0.49500862
49309,0.49457982
53555,0.4752347
69286,0.512494
20397,0.47367522
42406,0.49500862
27295,0.48024124
89123,0.47891495
8632,0.56650037
56707,0.49336675
14260,0.5129225
23663,0.5422768
30928,0.512494
78074,0.47367522
6546,0.49500862
6852,0.5418511
73970,0.5418511
44144,0.47561607
19404,0.47367522
60135,0.49500862
59957,0.556798
88442,0.50695807
44843,0.512494
96970,0.49500862
31533,0.5418511
23234,0.5422768
29494,0.54710746
58974,0.49500862
85477,0.5259297
13687,0.544001
3528,0.512494
86408,0.4925564
12633,0.5648199
53912,0.51106983
23436,0.5129225
36474,0.4927792
9368,0.5731854
10622,0.55382025
60229,0.5418511
57535,0.5422768
18260,0.5686681
100375,0.5418511
6719,0.5669697
84698,0.5698077
77211,0.56559324
76173,0.5418511
98124,0.49500862
64226,0.5271977
42597,0.512494
20593,0.47444698
91129,0.5681992
28266,0.5418511
64792,0.49500862
64536,0.5070557
23351,0.49500862
34599,0.49500862
60849,0.5418511
75638,0.5418511
8952,0.475604
17746,0.5418511
90900,0.49457982
3670,0.5396882
101865,0.47367665
4530,0.49500862
65170,0.56489587
9744,0.3920721
39873,0.55382025
91786,0.556798
57820,0.5670465
91877,0.48171556
40613,0.5319767
84749,0.5244415
25907,0.47646734
37232,0.4800271
6210,0.475604
7938,0.49500862
95412,0.5080104
44476,0.5418511
31793,0.5422768
84765,0.47561607
64213,0.49500862
28955,0.49500862
18364,0.49500862
38157,0.49500862
106432,0.40723482
32546,0.4458498
35523,0.5396882
24024,0.5479031
96602,0.4752347
45276,0.49500862
8780,0.5006296
3428,0.5454407
88887,0.5293021
85306,0.512494
51200,0.49500862
9741,0.5418511
105941,0.49457982
101835,0.5719538
80754,0.49500862
51816,0.5418511
13724,0.5478871
28720,0.5418511
64272,0.4726511
105788,0.42890692
67220,0.5418511
60928,0.564508
58158,0.5193387
16293,0.49226424
13608,0.43880266
37565,0.47367522
2344,0.49500862
44877,0.4926929
62709,0.49500862
16477,0.4936802
64979,0.5129225
42339,0.512494
90112,0.5193387
106386,0.4795211
42538,0.5445249
77626,0.4459697
21935,0.5692094
24877,0.5418511
88325,0.5418511
82182,0.47598687
58608,0.54669446
78682,0.47354054
106195,0.5418511
8743,0.5418511
59128,0.49500862
55870,0.5755634
12945,0.49500862
65772,0.50594825
38756,0.5418511
58762,0.48171556
59866,0.47750342
79358,0.54043573
97545,0.56650037
98879,0.4817035
75144,0.4813636
15726,0.47354054
83258,0.48159033
29722,0.56652033
21225,0.5418511
37385,0.5106412
7776,0.4813636
85049,0.49500862
5438,0.512494
45836,0.4813636
93302,0.5418511
103757,0.5193387
31211,0.512494
41452,0.5565442
101536,0.54000974
13279,0.47354054
33464,0.5418511
56130,0.5418511
16350,0.49457982
104573,0.5271977
61257,0.5670465
83150,0.49500862
51218,0.4789151
10030,0.47343162
75294,0.51106983
72392,0.49500862
106535,0.5129225
39072,0.48024124
71774,0.49500862
3813,0.5418511
79029,0.5106412
47657,0.56786656
40796,0.5418511
62226,0.5089502
44770,0.39166972
20967,0.5418511
19530,0.56643116
64597,0.47891495
6049,0.49500862
39893,0.47891495
69451,0.5281163
79504,0.49500862
42596,0.53654397
69849,0.42812437
38319,0.47926676
28744,0.47293693
6512,0.47561607
85429,0.46446553
22398,0.49500862
73177,0.5061274
67313,0.49500862
69839,0.5418511
11597,0.47444698
76130,0.5146583
18004,0.512494
91777,0.54591453
37778,0.4752467
42533,0.48171556
14180,0.48038897
31629,0.54179674
38402,0.47354054
60267,0.5293021
89185,0.4813636
8790,0.5080104
92276,0.5244415
37313,0.54177886
89912,0.49500862
32844,0.49500862
51184,0.49287775
79150,0.49500862
25238,0.5080104
25505,0.48147157
39320,0.5418511
92590,0.51106983
35742,0.5245509
54874,0.5454407
51835,0.5418511
101025,0.564508
32035,0.567273
104832,0.51106983
96308,0.5418511
89594,0.4716013
51113,0.5589348
97964,0.47354054
73407,0.47354054
18136,0.5687249
20781,0.47561607
86581,0.49500862
1141,0.54179674
67867,0.49226424
91354,0.57118315
65023,0.49500862
47815,0.5422768
78565,0.49500862
60513,0.512494
103024,0.5554319
100646,0.54374427
17208,0.5418511
57658,0.5293021
26741,0.5129225
26804,0.49622688
50177,0.49500862
41831,0.49500862
30193,0.49500862
25632,0.47367522
65114,0.49499652
75884,0.5293021
91701,0.49465623
63329,0.5670465
78493,0.47367522
50302,0.544001
39297,0.5418511
86271,0.57195294
93965,0.4752467
93018,0.5418511
89674,0.5418511
32657,0.48171556
69309,0.53654397
739,0.4934241
52481,0.5418511
99104,0.567273
69591,0.57648504
47162,0.54043573
43009,0.5693975
38346,0.49500862
10816,0.49500862
72013,0.49500862
78283,0.47561607
41660,0.47561607
1166,0.47354054
39181,0.5453208
59263,0.47561607
104487,0.4752347
91734,0.512494
86175,0.48824486
76412,0.49500862
20616,0.5670465
7844,0.47926688
4995,0.5418511
27159,0.49500862
78130,0.5754083
104326,0.54710746
44435,0.4752467
84988,0.49500862
13069,0.56643116
15486,0.5418511
76480,0.5418511
94250,0.54669803
1856,0.556798
37078,0.4935323
32927,0.49307504
101015,0.5418511
14773,0.5669697
89981,0.5670465
52854,0.5491868
41491,0.5106412
63546,0.53438896
23877,0.49500862
2149,0.56650037
9083,0.49500862
78774,0.49500862
99819,0.54000974
61787,0.5193387
66605,0.56498134
8298,0.5648199
42299,0.5418511
4249,0.49457982
25742,0.49500862
16651,0.49500862
84877,0.49465623
37553,0.49500862
18573,0.512494
80133,0.5418511
84558,0.49500862
50562,0.4961326
11790,0.512494
66033,0.4743973
11819,0.48159033
6828,0.49500862
46362,0.47354054
1047,0.47561607
34500,0.54710746
47127,0.5801067
23736,0.5418511
60737,0.49500862
4594,0.47444698
29273,0.5418511
46532,0.49457982
6737,0.512494
23304,0.54043573
29593,0.53858554
61846,0.49500862
104922,0.5418511
87475,0.4736873
7027,0.5418511
87211,0.47354054
18614,0.47658873
94606,0.56652033
106394,0.5129225
17033,0.5341331
46062,0.475604
83179,0.57161593
44306,0.5418511
3022,0.5244415
39701,0.544001
86774,0.48171556
35156,0.4752347
81341,0.53146005
83819,0.5648199
70455,0.544001
53485,0.5479031
23025,0.47561607
4129,0.512494
95738,0.49500862
19184,0.43706045
15154,0.49500862
61594,0.49500862
103597,0.4961326
64491,0.5253922
23899,0.5670465
31417,0.4736873
61755,0.49500862
34455,0.5129225
94925,0.48171556
91768,0.49500862
12323,0.49500862
72970,0.5422768
27442,0.49500862
30731,0.47646734
102947,0.55183405
10048,0.47354054
7261,0.56919366
37831,0.49457982
61159,0.5341331
100500,0.512494
66747,0.47354054
22855,0.4813636
29650,0.49500862
96881,0.49457982
47013,0.56652033
19585,0.5293021
30273,0.49457982
91628,0.5418511
79418,0.5281163
72730,0.5669697
84753,0.49500862
97421,0.49500862
45767,0.53654397
9679,0.49500862
88797,0.5418511
1492,0.4813636
55280,0.49500862
9098,0.49500862
101671,0.512494
89413,0.567273
84730,0.5418511
79999,0.47561607
30862,0.56559324
35416,0.54669446
46917,0.49500862
92930,0.5418511
58243,0.4813636
100799,0.5422768
60694,0.49220404
71555,0.5686717
19179,0.38580742
50184,0.5418511
5008,0.5714835
17878,0.5451772
81669,0.5340599
77718,0.51106983
39440,0.4752347
4895,0.5418511
71071,0.38706017
21702,0.48024124
87491,0.47891495
65486,0.5418511
25309,0.49457982
42323,0.48265964
48639,0.52943796
73967,0.54591453
65998,0.5589348
23198,0.48171556
82664,0.5707326
26094,0.5454407
37411,0.49500862
65951,0.42515287
35218,0.48462653
35957,0.5106412
84554,0.48147157
61197,0.48159033
61094,0.56652033
26711,0.550645
59195,0.48103964
49121,0.48024124
40914,0.5106412
47302,0.49500862
98853,0.49500862
103900,0.47561607
64853,0.49500862
2554,0.49500862
92599,0.54842865
25802,0.47622624
99452,0.17176893
55109,0.49465623
21922,0.47561607
93639,0.5728775
99499,0.49702027
75518,0.21731491
30710,0.54179674
70028,0.47187963
101769,0.4752347
37794,0.52150095
96543,0.47424063
47526,0.47561607
23159,0.567273
40146,0.4961326
94847,0.5648199
53362,0.51106983
14037,0.5418511
37453,0.49500862
5647,0.5418511
14673,0.5422768
106600,0.49500862
73748,0.47354054
80308,0.49226424
19383,0.4811319
55496,0.49500862
9225,0.49500862
106906,0.49500862
75394,0.48171556
88551,0.564508
37699,0.4740281
39763,0.56803524
70482,0.540121
25050,0.4828382
17857,0.5418511
58429,0.4752347
49416,0.53146005
61552,0.5776774
49623,0.5686681
44617,0.4752347
27909,0.54344785
24871,0.5755634
20942,0.49457982
103516,0.5418511
69077,0.49587616
15187,0.512494
3968,0.5422768
46406,0.54179674
95105,0.48024124
49338,0.5418511
64276,0.512494
4821,0.25246134
40021,0.5418511
83326,0.51106983
42177,0.57281137
70199,0.512494
48119,0.512494
13343,0.49500862
11053,0.5418511
11870,0.5670465
35640,0.49500862
43612,0.564508
81628,0.56650037
37574,0.47367522
33387,0.512494
3627,0.5356273
83186,0.512494
99491,0.47926676
59700,0.53654397
16223,0.54710746
64126,0.49500862
42160,0.5293021
69097,0.5686681
102364,0.49457982
68107,0.49500862
8108,0.5418511
22927,0.4740161
59791,0.5418511
100302,0.4752467
61388,0.4737263
57499,0.49500862
106814,0.47367522
46493,0.5418511
101988,0.5422768
3718,0.49500862
97345,0.4752467
44816,0.49500862
15636,0.51751965
14332,0.5193387
20814,0.5059709
9395,0.512494
29142,0.48171556
44552,0.49500862
49858,0.5418511
23478,0.49457982
101156,0.49457982
17780,0.49500862
40135,0.5106412
90279,0.49500862
9595,0.49500862
11287,0.5271977
52334,0.5418511
45378,0.4828382
60285,0.4752467
104931,0.48171556
20338,0.5418511
14294,0.5129225
81500,0.5627519
26366,0.5670465
15562,0.5129225
77960,0.4828382
61174,0.475604
12765,0.23001285
93396,0.45801327
32026,0.49500862
77586,0.5129225
10668,0.54256
84486,0.5418511
98561,0.49500862
15057,0.4752467
62129,0.47354054
46701,0.5418511
35331,0.475604
3820,0.512494
21476,0.4925564
81388,0.5418511
65518,0.47367522
25936,0.5418511
58641,0.47652137
39010,0.49500862
10723,0.49500862
28862,0.54344785
59404,0.5776774
51779,0.49500862
60999,0.49500862
55446,0.5293021
82958,0.49375063
103671,0.5341331
70579,0.49500862
21621,0.4752467
40399,0.512494
66405,0.47367522
40122,0.47561607
105767,0.5743699
67391,0.47354054
31052,0.47646734
6398,0.5418511
66954,0.5281163
99686,0.54344785
14802,0.5457594
96257,0.49108028
28401,0.5244415
44017,0.5106412
27168,0.477793
79508,0.5806722
76641,0.49500862
101422,0.49500862
57776,0.5009787
24347,0.5418511
58970,0.5418511
4306,0.47926676
87525,0.49500862
50287,0.5748419
35911,0.54043573
40403,0.556798
94371,0.5426063
88677,0.56652033
102789,0.5089502
82807,0.49500862
101560,0.5127759
102214,0.5293021
92213,0.5601831
78847,0.51106983
87625,0.56559324
59098,0.49500862
95200,0.5686681
13169,0.52150095
52736,0.5129225
31036,0.54344785
32733,0.47354054
39585,0.5430918
65224,0.47187963
34555,0.5418511
35503,0.54842865
91563,0.5740726
64642,0.5418511
25351,0.4935323
60263,0.52721566
6918,0.5106412
49218,0.47354054
99645,0.46475467
96340,0.5073687
22938,0.5784451
7914,0.544001
47223,0.5205812
46877,0.54344785
102108,0.5418511
67497,0.49500862
2800,0.5418511
77619,0.553183
82667,0.49457982
47138,0.53619516
78393,0.47645533
7564,0.49500862
33316,0.49465623
67518,0.49500862
76570,0.49500862
5453,0.4752467
105472,0.48816848
9,0.5501703
65582,0.5443142
104768,0.512494
44236,0.49500862
30578,0.47187963
28938,0.49500862
38579,0.56919366
95781,0.5418511
44215,0.4740281
41530,0.570169
5456,0.47354054
75529,0.5643654
82386,0.47624782
54766,0.51106983
2689,0.49336675
90046,0.47891495
72503,0.48171556
96582,0.5747944
37143,0.5129225
49719,0.5478871
11305,0.55330306
38853,0.47367522
30018,0.49500862
89997,0.49457982
76441,0.5297294
63974,0.556798
5818,0.5707326
93750,0.49480096
103189,0.48038897
16117,0.49465623
101288,0.47367522
78644,0.544001
85356,0.49457982
6264,0.475604
7677,0.47891495
62883,0.556798
78514,0.5356273
73040,0.47420335
31444,0.48591965
17921,0.49500862
58623,0.47343162
83516,0.49500862
15353,0.5418511
100110,0.5158931
19879,0.49500862
81914,0.4964037
54921,0.49500862
11156,0.5214511
47710,0.55440503
75545,0.4961326
86014,0.4752467
15013,0.47646734
7602,0.51106983
9536,0.5545978
9037,0.48171556
67680,0.5129225
40930,0.5418511
22323,0.48171556
26556,0.46594834
95977,0.49500862
70938,0.5509467
71118,0.47354054
65686,0.56489587
13752,0.4961326
74760,0.47561607
4314,0.512494
59908,0.47561607
43180,0.5098046
36161,0.5418511
77291,0.5106412
74333,0.48024124
32013,0.5418511
50705,0.55057335
82354,0.49500862
60823,0.49500862
81132,0.57118315
49721,0.47598687
81135,0.49500862
68556,0.49500862
51109,0.5297294
29436,0.48024124
70014,0.5418511
89999,0.567273
55129,0.55971056
57625,0.49457982
72056,0.47646734
30958,0.5418511
28837,0.54710746
78812,0.49500862
69050,0.49500862
78026,0.48171556
74753,0.5281163
84865,0.5418511
10850,0.5418511
103364,0.4356819
20843,0.49500862
95753,0.51106983
49437,0.49500862
96961,0.47963154
96265,0.47595608
90957,0.5281163
9510,0.54842865
62612,0.47891495
46685,0.5418511
73471,0.5129225
96293,0.4961326
27856,0.4789151
86010,0.4720353
85800,0.4828382
100478,0.46781778
84480,0.49500862
39977,0.49500862
42904,0.47354054
97388,0.5589348
73786,0.5642341
32342,0.49163324
19969,0.54179674
35477,0.42023566
60115,0.39759377
29585,0.47926676
36206,0.512494
65018,0.47354054
84906,0.512494
67728,0.57376105
53915,0.49500862
28542,0.5562583
19447,0.49500862
87416,0.512494
7078,0.5418511
64687,0.5240137
26446,0.47561607
5907,0.47891495
69202,0.56559324
67936,0.5418511
94444,0.47646734
52945,0.5418511
33725,0.5129225
17587,0.47466752
41915,0.57281137
73767,0.49500862
15216,0.49500862
106363,0.4925564
101703,0.49500862
75411,0.54669446
57804,0.47926676
25148,0.47926676
9571,0.5129225
57022,0.5418511
99972,0.5418511
51158,0.5686681
35954,0.5418511
97826,0.49500862
99843,0.47367522
90377,0.5240137
63783,0.49457982
88725,0.57281137
104039,0.49500862
31961,0.47561607
104009,0.49500862
47318,0.49500862
86974,0.48171556
9421,0.49500862
84516,0.53654397
44731,0.4736873
76057,0.5418511
87073,0.49500862
43289,0.5418511
100878,0.5072367
4386,0.4752467
38237,0.5670465
75202,0.5396882
101400,0.5129225
107136,0.5425464
30179,0.49500862
36766,0.5454407
56597,0.5740726
37426,0.5669697
67271,0.5657751
37507,0.56559324
33863,0.5643654
102791,0.5418511
61814,0.5297294
66968,0.47561607
15746,0.5545978
69405,0.54374427
81775,0.53224355
10874,0.5437585
80486,0.49500862
80102,0.49500862
31570,0.53438896
58348,0.49500862
93731,0.56652033
87697,0.5418511
71238,0.47354054
19955,0.4813636
63568,0.5549988
29279,0.5418511
63613,0.5418511
50050,0.47940305
49381,0.49500862
42724,0.556798
3748,0.4736873
103567,0.57648504
14418,0.5259568
92431,0.48038897
89830,0.47561607
69665,0.4792548
82270,0.5129225
28942,0.48024124
52103,0.47598687
49028,0.4961326
73933,0.5418511
50783,0.51106983
78350,0.57625675
4902,0.5454407
53013,0.49500862
76554,0.5686681
23980,0.5418511
41145,0.5418511
42225,0.5356273
89264,0.49457982
62543,0.51106983
64809,0.556798
11702,0.5129225
55003,0.47354054
94451,0.54710746
56327,0.544001
81325,0.54724205
39310,0.5129225
58708,0.57161593
97817,0.5670465
53379,0.5418511
79932,0.47354054
63512,0.5495754
20779,0.54177886
95212,0.5418511
59462,0.4922521
87290,0.53654397
11427,0.49500862
62734,0.567273
32888,0.5418511
28020,0.54842865
107166,0.47354054
34403,0.5422768
39879,0.51710564
42599,0.47343162
65668,0.47891495
70872,0.49500862
58351,0.49500862
57847,0.5422768
24231,0.48171556
73322,0.49500862
87567,0.4752467
83106,0.5129225
62857,0.5793858
6190,0.4961326
76216,0.54669446
68017,0.47561607
87105,0.5418511
106867,0.38676718
55927,0.5422768
103438,0.54179674
51124,0.49500862
12368,0.49500862
86766,0.48171556
105444,0.47561607
87040,0.49500862
22916,0.54669446
50027,0.5418511
81159,0.47354054
58672,0.55628127
30619,0.5418511
33627,0.54798293
50283,0.49500862
52216,0.4925564
59067,0.4813636
14396,0.5418511
11892,0.54043573
16812,0.47672155
5522,0.5422768
1553,0.49500862
68393,0.5426063
56743,0.48183274
96945,0.5418511
46038,0.47187963
57272,0.5129225
90756,0.56282574
52367,0.47646734
106160,0.47354054
90017,0.5418511
3398,0.47561607
9373,0.5418511
105247,0.5418511
90087,0.5418511
69444,0.5418511
17257,0.49585938
35505,0.49500862
81005,0.4961326
44186,0.4752467
13463,0.556798
46564,0.5418511
79444,0.5418511
99670,0.5129225
11219,0.49457982
57773,0.5418511
8456,0.49500862
68047,0.47444698
36885,0.47444698
85280,0.49457982
35496,0.544001
8287,0.49500862
99197,0.5418511
84028,0.4935323
57813,0.512494
24111,0.5418511
32341,0.5597433
11617,0.5193387
51488,0.5583995
54632,0.54344785
92675,0.47354054
25288,0.47343162
60316,0.5627519
74303,0.5418511
100457,0.56650037
39057,0.5418511
106818,0.47561607
87856,0.5743699
48380,0.29034665
88962,0.49500862
30684,0.5106412
34006,0.48264503
39375,0.5418511
38271,0.5418511
103594,0.4813636
65919,0.5418511
32465,0.49500862
95680,0.49500862
21927,0.5533911
82834,0.56287223
86607,0.49465623
23273,0.49500862
86094,0.5418511
39379,0.5129225
59333,0.5418511
89309,0.5418511
36521,0.49500862
20234,0.49500862
42743,0.47561607
50713,0.4752467
50917,0.54591453
56471,0.50792986
50938,0.5648199
98079,0.52150244
45607,0.49500862
99068,0.58614546
32866,0.567273
86916,0.5418511
21587,0.5332338
92191,0.56559324
103849,0.5418511
38587,0.4752347
72196,0.5193387
6939,0.5418511
27786,0.47354054
34537,0.5418511
58057,0.52150095
70154,0.5244415
91928,0.47477856
40528,0.47646734
12496,0.556798
24646,0.5418511
11256,0.556798
21388,0.47561607
85853,0.55183405
44259,0.28728044
36591,0.47728944
59439,0.512494
74647,0.53654397
4875,0.56652033
6490,0.55057335
28346,0.4721853
651,0.49500862
1618,0.54842865
13410,0.56805694
106091,0.47367522
57915,0.49500862
28113,0.49500862
71395,0.5129225
96316,0.49500862
13993,0.47354054
49317,0.49500862
45502,0.49500862
93262,0.5418511
17644,0.49500862
52028,0.49500862
103808,0.5670465
20253,0.47561607
22006,0.56652033
80743,0.5418511
93485,0.5418511
44777,0.49500862
6100,0.4752467
79220,0.5418511
56337,0.5677421
11203,0.5193387
21197,0.56488246
84879,0.5244415
27735,0.5418511
40048,0.4766873
21142,0.53146005
17502,0.5501703
74085,0.5418511
104674,0.49457982
43454,0.49500862
55533,0.5526122
10115,0.5545978
4005,0.5418511
38690,0.49500862
76350,0.49500862
33946,0.5533479
88651,0.54842865
6441,0.49500862
29013,0.47354054
58126,0.49500862
1579,0.49500862
45737,0.54798293
20715,0.4750131
35446,0.49500862
24700,0.47367522
40662,0.49500862
2825,0.48834893
70461,0.54344785
24568,0.49500862
90464,0.475604
28517,0.5418511
1466,0.4752347
17097,0.5418511
30017,0.4803891
55539,0.5418511
59782,0.4752467
71033,0.5418511
64496,0.49500862
40937,0.48038897
94343,0.5418511
10785,0.56652033
57477,0.5670465
88509,0.5648199
13448,0.5637326
28448,0.5418511
15736,0.49500862
93766,0.5422768
28790,0.51106983
104620,0.44865143
102286,0.49500862
40916,0.47562587
27594,0.51258093
52570,0.5106412
57700,0.49457982
56086,0.5418511
15381,0.512494
46128,0.49717394
76957,0.5106412
27584,0.5422768
47349,0.47925472
13242,0.5770081
21958,0.512494
82887,0.54669446
106452,0.49500862
8805,0.4789151
39780,0.5533479
98329,0.564508
50527,0.5418511
82425,0.5418511
23328,0.5422768
43312,0.5418511
62595,0.49457982
85134,0.47187963
47366,0.54798293
23299,0.57648504
106554,0.5418511
30402,0.47354054
82605,0.49500862
91467,0.49500862
87186,0.47926676
16903,0.49500862
1913,0.5129225
24210,0.56919366
72558,0.512494
63823,0.54374427
37579,0.4795211
23677,0.51106983
43647,0.5724075
74682,0.5643654
61036,0.49500862
68754,0.5418511
4629,0.5418511
45675,0.512494
87890,0.4752467
69007,0.5240137
107046,0.5478871
57177,0.47354054
58179,0.556798
59861,0.54043573
52378,0.49500862
77012,0.47741732
36232,0.5293021
68330,0.512494
12004,0.5129225
11504,0.4926929
45682,0.5080104
23369,0.5418511
9711,0.56559324
87557,0.54842865
42759,0.5129225
1961,0.5462208
79192,0.49500862
65297,0.54344785
90391,0.5129225
31179,0.5341331
85934,0.49500862
2233,0.5589348
104465,0.47187963
97156,0.49457982
21082,0.49500862
43222,0.57161593
101903,0.5418511
91631,0.54129755
104772,0.4925564
69306,0.5418511
2246,0.55057335
55523,0.51681364
35636,0.49500862
58346,0.47367522
97733,0.49500862
54318,0.41740483
10406,0.5418511
73686,0.5418511
23697,0.4780732
28920,0.47354054
74967,0.48171556
22282,0.5418511
46359,0.47891495
100017,0.47561607
66476,0.5724075
95495,0.5691304
39500,0.54591453
13256,0.56652033
87733,0.48171556
50150,0.5341331
101746,0.5755634
43926,0.5293021
62829,0.54868954
16572,0.56650037
19011,0.5396882
34704,0.49500862
52519,0.5418511
29435,0.56652033
14187,0.47561607
25743,0.48171556
21024,0.49500862
91627,0.512494
24278,0.5454407
51417,0.5422768
59575,0.5740726
38791,0.47891495
43295,0.47187963
76291,0.49500862
61760,0.54374427
3559,0.512494
59749,0.5453208
8520,0.53146005
99593,0.5106412
19907,0.5418511
55802,0.49500862
49581,0.49500862
63636,0.49500862
68309,0.49500862
32757,0.2533882
69987,0.54461294
40061,0.512494
56151,0.49500862
104281,0.49500862
37146,0.512494
52784,0.49500862
22973,0.4753603
52110,0.55183405
48457,0.5281163
83878,0.49500862
41602,0.5418511
12922,0.49500862
106228,0.47343162
32284,0.51106983
71166,0.4925564
61893,0.4726511
82610,0.5669697
9468,0.5454407
7366,0.49500862
130,0.5648199
93873,0.48171556
104680,0.47446814
13871,0.56650037
92467,0.5418511
43810,0.5418511
88262,0.54344785
78513,0.5418511
33147,0.5693975
39542,0.51605606
86068,0.536444
17818,0.5281163
49539,0.4957982
80464,0.47561607
4168,0.4726511
43550,0.49500862
24085,0.5445249
102374,0.5454407
23041,0.512494
73095,0.49500862
74551,0.47925472
58922,0.47354054
54757,0.44865143
86390,0.56652033
49045,0.5080104
63062,0.5418511
45963,0.5743699
3268,0.5129225
94045,0.4935323
93471,0.47561607
47014,0.47293693
25463,0.47561607
59914,0.5217025
70929,0.49500862
105229,0.47444698
55727,0.5533911
68877,0.5589348
36240,0.57161593
12342,0.4752467
45781,0.5418511
64221,0.5281163
25152,0.5418511
19946,0.5418511
35848,0.51106983
50988,0.5106412
81228,0.5123457
70634,0.5770081
62087,0.54374427
83705,0.5297294
28135,0.5418511
72269,0.5106412
57765,0.49500862
48237,0.4828382
60935,0.54163146
96395,0.4926929
17552,0.5501703
6012,0.49336675
32339,0.4828382
100348,0.47891495
18042,0.5418511
96315,0.4753603
29764,0.49500862
23929,0.54798293
77311,0.57281137
70607,0.47354054
30780,0.4932079
80346,0.49500862
98674,0.47367522
81392,0.5195863
97354,0.5418511
81018,0.47354054
67914,0.5418511
73740,0.5643654
17349,0.47561607
92248,0.49500862
7410,0.5698077
38801,0.47343162
2980,0.5418511
8343,0.49500862
4978,0.5129225
17304,0.51106983
97200,0.4752467
29661,0.5418511
90326,0.5293021
46507,0.47935867
29043,0.4943356
10362,0.49500862
98378,0.47367522
106758,0.4979388
51017,0.56559324
79812,0.512494
13356,0.4803891
55569,0.47561607
65657,0.536444
51044,0.52136654
66567,0.54710746
46552,0.56164145
46891,0.4813636
63607,0.5129225
38370,0.5319767
57361,0.555636
36803,0.5418511
39652,0.49500862
98980,0.5451772
39367,0.47845477
42936,0.5551061
103002,0.5092566
53733,0.5418511
64932,0.49500862
14694,0.49500862
22051,0.5080104
86459,0.56652033
6391,0.57648504
66928,0.475604
49982,0.5770081
100643,0.49500862
56457,0.48171556
30800,0.498021
33516,0.5418511
10149,0.47891495
59814,0.49500862
95253,0.48171556
53569,0.49500862
98810,0.49500862
37667,0.51127046
28177,0.5418511
38991,0.49500862
16662,0.47354054
84074,0.5193387
74835,0.49500862
64707,0.47561607
92839,0.5418511
7848,0.47420335
14932,0.5752923
95426,0.5038714
10705,0.47367522
36497,0.51909477
45194,0.47646734
91760,0.570169
42730,0.477793
73723,0.54724205
106197,0.56652033
68082,0.5418511
18144,0.5670465
80046,0.5422768
11278,0.5281163
80340,0.49500862
13789,0.49832395
70923,0.4994226
102287,0.5583995
91972,0.5418511
34636,0.5319767
15424,0.5418511
27169,0.5132694
44400,0.4932011
61822,0.49500862
72751,0.54344785
13516,0.50271237
106505,0.49500862
76387,0.49500862
15239,0.49500862
103844,0.5454407
53314,0.5643654
39223,0.5422768
9030,0.512494
14079,0.5281163
105615,0.48171556
12812,0.47891495
75439,0.4736873
39088,0.49500862
43363,0.49500862
32020,0.47354054
64754,0.5689635
3089,0.47365746
23362,0.5418511
84010,0.5670465
28153,0.47420335
38509,0.37895745
11368,0.5293021
38142,0.49500862
97444,0.47354054
41034,0.49500862
8873,0.512494
30735,0.47354054
61272,0.56919366
56414,0.5670465
89014,0.54344785
24736,0.49500862
36720,0.47646734
83888,0.48181537
55059,0.49616688
50353,0.4736873
1263,0.5418511
9747,0.47367522
100121,0.5681992
101541,0.54842865
107110,0.48159033
13870,0.5418511
53841,0.49500862
99366,0.47990522
97714,0.55382025
105818,0.57161593
50824,0.47903347
79245,0.5418511
20566,0.4752347
31568,0.4828382
61681,0.5422768
61035,0.5670465
82910,0.49500862
104534,0.54422855
30508,0.54163146
36852,0.5454407
78740,0.5297294
93787,0.33321488
99385,0.47354054
8541,0.5418511
40986,0.5341331
59356,0.49500862
24418,0.47420335
73614,0.49804685
27415,0.5589348
11105,0.49500862
38620,0.4813636
73791,0.49457982
84218,0.47420335
57917,0.5418511
26115,0.5418511
39220,0.47891495
86510,0.48171556
2620,0.47444698
80769,0.5293021
63158,0.5418511
68262,0.5293021
75959,0.47367522
11908,0.47561607
82650,0.5129225
67201,0.47420335
38281,0.55094904
94080,0.54591453
26958,0.49500862
12229,0.49500862
7322,0.49500862
101820,0.544001
58402,0.47561607
53298,0.49500862
55864,0.49500862
80201,0.475604
27368,0.48114687
51937,0.4789151
75944,0.5106412
17981,0.5418511
36458,0.54710746
19330,0.57161593
70747,0.47561607
52093,0.5418511
48248,0.5396882
30444,0.49500862
100114,0.5418511
75809,0.5550525
83567,0.5418511
22666,0.53654397
49879,0.5418511
63185,0.5418511
71537,0.5418511
84881,0.473294
11039,0.5670465
2226,0.5627519
9498,0.53654397
103461,0.5356273
8026,0.5424172
67743,0.49500862
80470,0.475604
3702,0.35308248
60275,0.49457982
32622,0.5271977
30739,0.49457982
87448,0.47082838
98899,0.36702356
89514,0.512494
10765,0.19996431
76915,0.53438896
22471,0.49500862
104758,0.55971056
106834,0.5462208
21256,0.54344785
72448,0.56652033
76560,0.48021045
72417,0.55183405
76712,0.5589348
81087,0.47354054
106580,0.57648504
29575,0.49500862
93875,0.512494
57554,0.49500862
60491,0.5479031
93238,0.54710746
3821,0.5565442
28650,0.4925564
66585,0.5281163
3771,0.49500862
21931,0.49500862
6465,0.5271977
12104,0.49500862
100297,0.49500862
12303,0.47891495
63834,0.5341331
72813,0.54842865
24228,0.4752347
62072,0.5193387
87548,0.5418511
34142,0.5418511
102479,0.5034853
81878,0.5418511
5322,0.512494
8225,0.5418511
87700,0.49500862
34160,0.47561607
84726,0.49911538
18698,0.47444698
21961,0.512494
98296,0.5743699
35011,0.5418511
72197,0.54798293
52751,0.4752347
2665,0.49500862
13552,0.5422768
74433,0.512494
55838,0.47561607
3623,0.47367522
18897,0.5670465
97971,0.5281163
54183,0.4758244
36709,0.4789151
45328,0.55440503
45544,0.5589348
88069,0.51003784
38880,0.473294
29390,0.5422768
17213,0.5418511
103211,0.4752347
103784,0.47598687
21672,0.49500862
12667,0.49500862
42330,0.512494
64762,0.5648199
38996,0.5418511
81858,0.5740726
63013,0.49500862
97541,0.5418511
94335,0.5293021
27705,0.49259308
27775,0.556798
90297,0.5418511
17894,0.47354054
89326,0.5715003
14532,0.47292486
29304,0.49500862
60991,0.5422768
26862,0.56559324
36231,0.50369054
68918,0.5418511
87020,0.49500862
68071,0.5033379
74517,0.4828382
68399,0.54129755
4125,0.47354054
87538,0.54043573
90505,0.5129225
26154,0.48024124
94063,0.5418511
4801,0.49500862
79421,0.49500862
22506,0.49500862
90383,0.5129225
31996,0.47891495
94098,0.47646734
23918,0.47561607
14872,0.5607745
52194,0.47364837
79112,0.5418511
79767,0.5297294
88807,0.54043573
80213,0.544001
97386,0.4828382
18855,0.5418511
14420,0.56652033
20050,0.5129225
12401,0.5418511
78505,0.49500862
39219,0.5418511
23939,0.5418511
16295,0.5418511
38830,0.54710746
63612,0.47367522
13290,0.56803524
53494,0.5418511
5746,0.49500862
30513,0.5418511
96344,0.5686681
76550,0.5689458
15269,0.53308684
47320,0.57281137
51950,0.5418511
9128,0.4752347
34285,0.57144684
93842,0.49500862
8487,0.53146005
98151,0.4935323
5934,0.5418511
68794,0.49639696
11126,0.5454407
77657,0.49500862
470,0.5418511
29040,0.544001
92265,0.4813636
29171,0.5677421
53105,0.5418511
22797,0.5670465
100238,0.47189167
76873,0.47646734
51495,0.5418511
60063,0.5418511
97666,0.5418511
71208,0.4789151
25864,0.5418511
37431,0.536444
52917,0.49500862
97589,0.56287223
33482,0.54905194
20425,0.47646734
66723,0.49500862
38765,0.24739704
34844,0.47926676
23794,0.50278366
71459,0.5418511
104091,0.5418511
891,0.512494
72288,0.5418511
42364,0.49500862
30967,0.49571276
16582,0.5129225
42961,0.49500862
22874,0.47420335
64063,0.49500862
89992,0.54177886
37817,0.47330606
21008,0.5728775
65846,0.47646734
30491,0.5193387
10225,0.49500862
946,0.49500862
57835,0.49500862
68530,0.5244415
89954,0.47561607
55861,0.47354054
26313,0.5418511
79078,0.5689458
45288,0.53146005
41449,0.5129225
105992,0.49500862
22657,0.5418511
59879,0.49500862
61469,0.55440503
34052,0.5464622
75633,0.47926676
99091,0.5356273
25249,0.5281163
89585,0.54000974
25639,0.4813636
47314,0.4935323
27762,0.5755634
52628,0.54710746
84293,0.5214511
68901,0.5418511
90319,0.49500862
55559,0.47561607
16705,0.512494
79054,0.512494
8171,0.4752347
59206,0.5106412
52753,0.49500862
99521,0.5129225
59828,0.49500862
66975,0.544001
33055,0.48171556
11361,0.54160845
10272,0.51106983
15838,0.55057335
52127,0.5719538
17172,0.5129225
61054,0.49500862
92688,0.4925564
25633,0.556798
13746,0.54798293
49271,0.49500862
74219,0.5129225
95641,0.49500862
31442,0.49457982
61505,0.49500862
4848,0.49500862
35411,0.4752467
41728,0.49457982
11289,0.47561607
54303,0.54669446
87207,0.56364554
50770,0.55393124
19455,0.49500862
79660,0.48171556
45640,0.5677421
19680,0.48024124
80064,0.5129225
45921,0.47354054
102330,0.5430918
104779,0.5412682
41647,0.5418511
62255,0.4753459
69850,0.512494
59083,0.55183405
29617,0.5418511
68036,0.4925564
34081,0.567273
7571,0.512494
27687,0.48171556
9248,0.5418511
70304,0.5418511
68494,0.5454407
34488,0.49500862
91948,0.5418511
83596,0.51036537
6539,0.53223157
50333,0.512494
103218,0.5775668
10795,0.4736873
64519,0.5193387
55023,0.5418511
79698,0.5418511
12137,0.5281163
26981,0.54842865
16418,0.49500862
19562,0.5418511
54980,0.5418511
8983,0.5515926
44060,0.5418511
40837,0.5418511
50598,0.47354054
96359,0.56559324
106537,0.4466279
25890,0.47574025
82625,0.5418511
6701,0.47902286
8350,0.49500862
82763,0.49500862
101464,0.49814102
21356,0.5418511
39215,0.5129225
67377,0.48171556
28181,0.55057335
41563,0.512494
26345,0.5681992
16648,0.16213088
31584,0.47426078
1960,0.49500862
9044,0.4988963
91655,0.49401146
46682,0.5479031
50998,0.5686681
67563,0.544001
21973,0.5193387
66386,0.544001
67164,0.52150095
48558,0.49500862
12620,0.49465623
64680,0.47646734
63616,0.5129225
107035,0.4771348
59071,0.54177886
102880,0.4755793
35126,0.4752467
41487,0.5648199
31091,0.47646734
59940,0.5418511
46433,0.54344785
31705,0.56652033
80481,0.5129225
12116,0.49500862
35783,0.56488246
2593,0.49500862
47474,0.5698077
52930,0.4813636
44350,0.4752347
77265,0.54710746
55073,0.47187963
41302,0.47420335
94253,0.5297294
21658,0.49500862
38103,0.54177886
73971,0.49500862
39871,0.5526122
78320,0.48003918
11438,0.5418511
59470,0.46517062
55759,0.510574
104592,0.4752467
96295,0.22197853
56214,0.49500862
89317,0.4935323
99372,0.5418511
47947,0.49500862
92170,0.4752467
1522,0.47561607
49519,0.49500862
83847,0.47891495
25956,0.5418511
54284,0.544001
75756,0.5422768
46005,0.4813636
95327,0.48171556
67211,0.512494
57848,0.4813636
62669,0.5559002
103424,0.49500862
6568,0.4752467
20985,0.49500862
2606,0.5418511
51468,0.47561607
58979,0.49500862
44348,0.49500862
97129,0.5193387
106323,0.54344785
83866,0.5670465
59690,0.47561607
77224,0.5129225
55814,0.49500862
423,0.54710746
51386,0.5648199
54584,0.5589348
20650,0.49500862
67619,0.49457982
80649,0.49336675
98240,0.49500862
51543,0.53146005
3995,0.54000974
68167,0.5657751
6440,0.49465623
42990,0.5418511
27893,0.5589348
292,0.47367522
60869,0.51759946
83757,0.49500862
71190,0.5418511
43134,0.49500862
26387,0.49500862
41140,0.49500862
41330,0.56282574
59444,0.49500862
30220,0.5418511
57850,0.4947643
68720,0.5244415
83784,0.5356273
75058,0.5356273
9990,0.5418511
70601,0.5281163
496,0.5677421
4219,0.54591453
20921,0.512494
63436,0.5698077
102995,0.567273
46697,0.56559324
105445,0.5013933
17416,0.49336675
100999,0.5391164
89296,0.5293021
74224,0.49500862
88876,0.49500862
76981,0.48171556
16408,0.5129225
54241,0.49500862
12554,0.5418511
90727,0.5418511
28056,0.49506027
5562,0.4259878
80195,0.512494
87069,0.5454407
43216,0.48024124
79579,0.47646734
9937,0.512494
42856,0.53619516
56247,0.49500862
89203,0.5418511
75302,0.512494
9324,0.49500862
88477,0.570169
65720,0.47926676
83822,0.4927792
106308,0.49500862
88320,0.4813636
3472,0.5341331
43027,0.5293021
77392,0.47514924
41026,0.512494
34970,0.47354054
85811,0.49259308
51037,0.47367522
39911,0.49500862
54621,0.49500862
63702,0.5418511
88917,0.5707326
15936,0.55544883
68562,0.48171556
82320,0.51106983
95565,0.5743699
98754,0.47354054
61204,0.45317686
94434,0.47474256
62405,0.5418511
65452,0.512494
35549,0.49500862
105446,0.5293021
29245,0.49500862
40566,0.5457985
77668,0.47561607
65167,0.49500862
25913,0.47598687
67005,0.49500862
65537,0.47561607
76894,0.49500862
79304,0.5418511
47879,0.55794054
71762,0.5106412
94313,0.49500862
23432,0.47444698
96020,0.49457982
95380,0.5607745
76613,0.49500862
90665,0.4959538
77768,0.54591453
83357,0.49500862
70714,0.5483605
89872,0.5418511
41797,0.47598687
13868,0.512494
106550,0.47598687
39844,0.49500862
42075,0.5454407
62095,0.49500862
70425,0.49500862
78138,0.5193387
25349,0.48159033
86030,0.49500862
11281,0.5462208
92556,0.5573197
32183,0.47420335
95511,0.56650037
14000,0.49500862
8192,0.5418511
46625,0.4752347
80759,0.5670465
53529,0.479391
39661,0.47354054
18735,0.4724077
43096,0.5501703
35406,0.5422768
19563,0.5670465
44955,0.52150095
51195,0.47354054
104716,0.47998843
78032,0.51106983
54763,0.47624782
54472,0.49500862
63165,0.47352847
59237,0.4925564
80008,0.5319767
41274,0.54177886
69397,0.51106983
58538,0.4813636
12556,0.53438896
22194,0.51106983
13877,0.56559324
28486,0.47561607
40470,0.48171556
3803,0.5418511
27605,0.5259568
12596,0.5422768
51958,0.56559324
100371,0.45930204
35292,0.4750131
106651,0.5205812
67973,0.5589348
24261,0.5418511
42465,0.47561607
13861,0.48024124
15827,0.4789151
96979,0.4961326
21464,0.49500862
33217,0.4932079
31921,0.5418511
87306,0.49500862
82440,0.4813636
100467,0.49500862
101153,0.49500862
59418,0.5418511
34456,0.5707326
78306,0.49500862
60321,0.5293021
106857,0.5281163
35073,0.49500862
61217,0.47891495
40071,0.5418511
82248,0.5418511
74965,0.49500862
71583,0.5418511
83997,0.512494
80322,0.5418511
1386,0.49500862
30888,0.54177886
46174,0.5259568
68484,0.556798
17329,0.47901082
93726,0.5670465
14464,0.544001
67944,0.56652033
95240,0.57376105
43653,0.49517587
74712,0.56164145
89456,0.49500862
8122,0.56282574
80123,0.5418511
100955,0.5418511
19190,0.47891495
17483,0.53146005
21509,0.556798
67611,0.5293021
91018,0.5320003
11502,0.5017249
41634,0.49500862
58647,0.5559002
397,0.5418511
94236,0.57648504
34471,0.5418511
95449,0.5418511
45263,0.5129225
1312,0.5418511
1701,0.512494
10211,0.49500862
19877,0.47053432
10820,0.5422768
48605,0.512494
105197,0.57376105
101055,0.47561607
72026,0.49500862
40241,0.512494
21775,0.56919366
2675,0.567273
44002,0.49738023
42988,0.5418511
1719,0.51106983
44005,0.5784451
293,0.49500862
67526,0.49500862
20436,0.49465623
47583,0.512494
54329,0.5129225
44312,0.5464622
46747,0.47646734
42297,0.5565442
36740,0.54177886
15115,0.475604
54215,0.54344785
50632,0.5418511
67796,0.48024124
24974,0.5129225
17987,0.49457982
57932,0.5748419
58445,0.47354054
71758,0.49500862
27568,0.49500862
77343,0.5244415
74960,0.5418511
71199,0.5240137
63696,0.54043573
7032,0.4813636
23824,0.4961326
30498,0.5418511
71626,0.512494
45937,0.47354054
58185,0.5418511
63250,0.5106412
93821,0.5418511
75253,0.54842865
105476,0.49500862
94786,0.47354054
64336,0.5418511
71947,0.47187963
92182,0.5110465
20086,0.48114687
76618,0.5341331
14910,0.4789151
37519,0.5418511
18587,0.53654397
72152,0.47891495
104014,0.5281163
40614,0.49259308
88400,0.47561607
31994,0.47561607
87528,0.5462208
63934,0.5341331
49409,0.49500862
774,0.55561715
32495,0.5693975
88382,0.54344785
15155,0.4935323
93745,0.5129225
27703,0.49457982
75787,0.5293021
90254,0.47891495
13614,0.47354054
28304,0.49500862
41678,0.49500862
98764,0.5418511
82284,0.56559324
31660,0.570169
67449,0.5193387
32695,0.55183405
73704,0.5086972
13185,0.49500862
41481,0.47926676
71990,0.47293693
64342,0.512494
52716,0.47354054
23590,0.544001
19738,0.49500862
81722,0.5129225
43441,0.51106983
56076,0.47646734
36062,0.4935323
93470,0.49500862
57631,0.57948256
104065,0.5293021
542,0.5418511
22750,0.49500862
65825,0.54344785
63929,0.512494
71150,0.5418511
82911,0.4828382
65991,0.5418511
17471,0.5158931
96142,0.5418511
20569,0.580581
38497,0.56282574
2685,0.5205812
38408,0.5777033
100635,0.5422768
29619,0.49457982
63490,0.48024124
83339,0.47292486
36539,0.4813636
79339,0.5491868
72290,0.512494
3220,0.556798
81270,0.5418511
35843,0.5418511
44327,0.48171556
30665,0.5681992
1548,0.562467
75171,0.5464622
99712,0.5675245
33884,0.5129225
65379,0.49500862
62016,0.5648199
35402,0.47646734
42879,0.54163146
74818,0.512494
12495,0.49457982
20003,0.5418511
22125,0.24789207
70889,0.53654397
2024,0.54591453
95385,0.47935867
80643,0.5422768
86163,0.5422768
67694,0.512494
26798,0.5418511
81103,0.5158931
19085,0.5281163
4898,0.5670465
6355,0.512494
14518,0.49500862
14647,0.5293021
42001,0.49500862
77785,0.51667905
35657,0.49500862
56488,0.5418511
21443,0.54842865
84978,0.5670465
89651,0.49500862
79791,0.512494
97990,0.5297294
71970,0.47354054
92259,0.51141757
63637,0.48038897
85746,0.512494
72226,0.4726511
8706,0.48183274
53923,0.4750004
21760,0.5670465
52327,0.48535648
13615,0.47477856
3156,0.54842865
17888,0.49869165
27794,0.51106983
17951,0.5666617
106260,0.5479031
86128,0.47561607
78519,0.512494
103081,0.4368418
8118,0.5643654
83982,0.5677421
29893,0.47646734
49405,0.47354054
52266,0.49500862
36470,0.56559324
1846,0.544001
3349,0.5666617
93690,0.5603137
50314,0.49500862
186,0.47646734
65432,0.5418511
37728,0.49500862
19567,0.5418511
30657,0.49500862
82531,0.49500862
22826,0.39170247
22919,0.5259568
87442,0.544001
104588,0.48171556
64949,0.5418511
63321,0.51106983
44202,0.5293021
85518,0.5526122
70363,0.4935323
38760,0.49500862
99477,0.49500862
41258,0.5222166
88460,0.47354054
49151,0.49500862
96318,0.54177886
15268,0.56652033
39971,0.49500862
68688,0.5110465
106285,0.5418511
3186,0.49621302
39622,0.556798
77353,0.4932079
88812,0.5356273
6527,0.4813636
59187,0.47367522
61590,0.47561607
56408,0.47561607
94523,0.47561607
35641,0.56919366
74177,0.5121445
103345,0.4752347
43538,0.5562583
28070,0.47292486
18799,0.49500862
49071,0.21321855
95746,0.5293021
32734,0.5418511
94400,0.4925564
85387,0.47891495
73483,0.5507324
14503,0.47891495
49355,0.49500862
104699,0.47646734
34977,0.56282574
105745,0.18108483
46195,0.4736873
21807,0.5341331
38567,0.49500862
22107,0.5418511
29812,0.5418511
11423,0.49500862
17429,0.54179674
33210,0.5422768
24307,0.54163146
25930,0.49500862
83021,0.54792804
102384,0.4813636
16069,0.55334115
89177,0.4752467
14322,0.56652033
47929,0.5752923
95274,0.567273
91895,0.4813636
30333,0.48147157
63018,0.5418511
13130,0.4813636
48136,0.5418511
65112,0.49500862
96303,0.5129225
32221,0.5418511
9939,0.5418511
58276,0.5418511
95046,0.47354054
95608,0.5462208
5449,0.4828382
60819,0.49500862
106929,0.5418511
70887,0.49500862
107168,0.5669697
1665,0.49500862
62485,0.49500862
26165,0.55261314
54830,0.48171556
98131,0.474991
11417,0.4752467
54957,0.5332158
16542,0.4616965
46696,0.4813636
23398,0.56604624
82966,0.4963792
98212,0.49500862
47665,0.49500862
71236,0.47354054
23789,0.47561607
52331,0.56282574
42,0.5293021
44162,0.5740726
89991,0.5193387
86732,0.55754864
97084,0.4943356
96648,0.5670465
43358,0.5418511
33225,0.49500862
100947,0.4726511
30048,0.5293021
13538,0.5707326
61920,0.47420335
90739,0.544001
33099,0.56559324
5687,0.5418511
37971,0.5385146
104107,0.49500862
15261,0.47420335
79583,0.5670465
12417,0.54842865
42928,0.4813636
81291,0.5451772
44398,0.47646734
64245,0.5643654
62296,0.5418511
89490,0.56559324
27804,0.49457982
86896,0.5418511
31142,0.5418511
100499,0.5670465
41462,0.54842865
11490,0.5418511
41182,0.5501703
88788,0.5418511
85936,0.5418511
25717,0.4789151
39604,0.49500862
2113,0.49500862
19841,0.49457982
85276,0.5462208
38085,0.49457982
33856,0.4961326
16285,0.48362198
102958,0.5293021
32690,0.56652033
65286,0.56652033
87828,0.4935323
72944,0.49500862
47478,0.5418511
94238,0.5418511
25276,0.544001
51125,0.5418511
59341,0.47514382
37015,0.5670465
48326,0.5418511
55339,0.56652033
54809,0.5527097
95448,0.5418511
92455,0.54177886
41479,0.5648199
50990,0.5418511
97606,0.4789151
64386,0.5418511
59016,0.49994612
34793,0.5293021
35103,0.49500862
62419,0.556798
44749,0.54344785
51217,0.5418511
76088,0.5422768
50731,0.512494
21634,0.49500862
99187,0.5418511
74983,0.5281163
74636,0.3668847
70918,0.53654397
48025,0.512494
1202,0.49500862
29773,0.56652033
104392,0.48171556
36134,0.56282574
56611,0.4720963
98347,0.5281163
76408,0.5670465
43641,0.54868954
75570,0.51587325
7090,0.49457982
82189,0.48171556
48190,0.49457982
4985,0.5425464
1702,0.5418511
97091,0.51106983
67132,0.47561607
52003,0.5418511
60130,0.47561607
52734,0.5418511
54975,0.5418511
79908,0.47561607
75883,0.5418511
7708,0.5418511
20788,0.5214511
29713,0.49500862
2168,0.47354054
19624,0.52150095
15339,0.47500107
63973,0.5755634
104124,0.47367522
82919,0.48024124
57759,0.56559324
30517,0.4789151
67562,0.567273
60871,0.4752467
73670,0.47561607
12046,0.5129225
29703,0.512494
57997,0.49886373
104071,0.47500107
23798,0.5341331
63304,0.54710746
29328,0.5686681
54042,0.5193387
43085,0.49500862
41458,0.53654397
65632,0.49500862
61938,0.56643116
43481,0.4961326
23810,0.49500862
74207,0.5491868
40078,0.47561607
67888,0.56559324
54635,0.4752467
37281,0.47367522
92696,0.47367522
40103,0.47598687
12388,0.49500862
65827,0.49486214
13632,0.5670465
55474,0.49500862
5448,0.54179674
39340,0.5589348
1321,0.54344785
53096,0.544001
93846,0.54344785
84889,0.49500862
53938,0.4813636
104973,0.5597433
74968,0.49703336
26581,0.49465623
84369,0.51106983
51684,0.5765956
24583,0.5418511
93592,0.5589348
80678,0.49500862
34799,0.5293021
50595,0.47891495
107043,0.39059722
81783,0.53654397
8163,0.50369054
65011,0.54798293
88170,0.5418511
18337,0.5554814
72949,0.4753603
70736,0.49500862
96312,0.49055934
83629,0.48183274
85060,0.5418511
65661,0.47561607
66651,0.47561607
74786,0.5418511
57298,0.47354054
42230,0.47891495
20537,0.512494
97674,0.56805694
65960,0.49500862
55108,0.47590375
49101,0.54710746
19384,0.51106983
29553,0.54177886
40469,0.512494
63625,0.54710746
32081,0.477793
37229,0.47501245
92189,0.48171556
14893,0.49371374
44609,0.47420335
63754,0.4925564
56244,0.49500862
13791,0.49500862
97514,0.5462208
62715,0.5418511
80723,0.55754864
31649,0.49500862
35868,0.4925564
26020,0.5670465
94291,0.5589348
63036,0.5418511
71036,0.49500862
49693,0.49500862
7862,0.53654397
106251,0.49500862
6411,0.47590375
2227,0.4828382
12739,0.52150095
13897,0.54129755
51843,0.5422768
68337,0.5106412
62399,0.5418511
83642,0.5080104
62576,0.49500862
76355,0.5554814
88532,0.56498134
870,0.556798
26067,0.4752467
45412,0.5670465
93632,0.5418511
34710,0.49226424
49010,0.4813636
20800,0.3002628
91234,0.48024124
106720,0.4752347
39399,0.4768988
30906,0.56652033
55880,0.49500862
86772,0.53438896
50257,0.49500862
89524,0.5776774
53238,0.5665157
8234,0.5281343
106696,0.5418511
29446,0.5627519
23987,0.5418511
64819,0.4813636
35094,0.5418511
45865,0.49500862
8562,0.57034856
75593,0.47646734
8341,0.5670465
59981,0.54344785
87038,0.49500862
60298,0.49465623
660,0.57161593
6334,0.49500862
40173,0.5297294
60604,0.5281163
77550,0.47444698
34391,0.5715003
65498,0.5106412
12883,0.50717205
28396,0.5418511
20072,0.47561607
29955,0.5677421
93410,0.47891495
19195,0.5670465
86600,0.5418511
11096,0.564508
100641,0.5106412
2876,0.56559324
98508,0.21671148
8183,0.475604
61746,0.5244415
65016,0.5495754
98667,0.4964979
26907,0.52150095
118,0.49500862
17226,0.4752467
101387,0.5341331
2477,0.5462208
42711,0.51106983
45007,0.5418511
16318,0.37741223
86150,0.5106412
8105,0.47561607
29329,0.47561607
24199,0.4769108
28490,0.56559324
15922,0.512494
59384,0.47561607
11373,0.57161593
101542,0.5418511
106469,0.49500862
90450,0.5691304
57117,0.56231904
46768,0.5422768
101203,0.47343162
73606,0.51106983
107050,0.4947643
92108,0.47561607
20429,0.512494
91152,0.49226424
78479,0.4789151
104962,0.49500862
65927,0.5129225
29567,0.48024124
3521,0.5478871
77782,0.5670465
74900,0.5501703
20583,0.5501703
51369,0.51554245
33036,0.49500862
1020,0.47561607
81918,0.53438896
71786,0.48147157
29021,0.54179674
42473,0.5657751
76563,0.5418511
76009,0.5193387
75090,0.55183405
91847,0.49434665
78056,0.5418511
22275,0.48171556
64351,0.5418511
101193,0.49500862
49286,0.47902286
89043,0.5418511
41575,0.49457982
105212,0.47367522
796,0.512494
89918,0.56919366
26836,0.5643654
15916,0.49254438
66393,0.49500862
74777,0.49457982
215,0.56488246
70103,0.474991
106169,0.5430918
81879,0.4813636
25104,0.47561607
37041,0.49500862
91290,0.54344785
7967,0.49500862
61699,0.51106983
11430,0.5032675
99907,0.49500862
15587,0.5418511
17770,0.5418511
51183,0.5755634
10924,0.5693975
5241,0.5418511
79879,0.49500862
57849,0.49500862
10135,0.5501703
28930,0.54177886
84980,0.51759946
35035,0.5080104
1544,0.47343162
57299,0.5418511
53790,0.49500862
27413,0.4752467
38165,0.49465623
48208,0.47514382
56627,0.54163146
65033,0.5418511
62849,0.5129225
53653,0.5418511
49325,0.49500862
72723,0.48265964
90690,0.49500862
106400,0.4935323
33103,0.49457982
25088,0.56522185
101515,0.51258093
97145,0.5418511
55520,0.49500862
77374,0.47891495
30393,0.38706017
51247,0.4813636
102444,0.5293021
73823,0.4768577
77961,0.56559324
92334,0.5418511
20875,0.54179674
8968,0.49500862
46253,0.5129225
65138,0.42797238
103803,0.47241974
48240,0.5106412
37216,0.53654397
37070,0.5214902
100791,0.49500862
65296,0.49457982
55217,0.5418511
61439,0.5332158
28910,0.4789151
68977,0.5418511
73799,0.4740281
87205,0.5293021
24133,0.54710746
5545,0.47187963
54239,0.55330306
58376,0.49500862
102502,0.47354054
4217,0.49486214
24943,0.5454407
76677,0.5418511
30672,0.49500862
103813,0.49500862
19301,0.5677421
66545,0.5670465
6418,0.5418511
105393,0.5670465
26256,0.47779313
73036,0.5129225
90905,0.5724075
53703,0.22925767
19896,0.49500862
38549,0.53654397
50747,0.5681992
7384,0.5418511
38634,0.49500862
2243,0.54177886
34358,0.49500862
9905,0.49457982
2600,0.47561607
30934,0.49500862
11956,0.5670465
65971,0.5418511
41054,0.57161593
86656,0.47646734
96579,0.47476944
468,0.5670465
95086,0.48171556
36410,0.5293021
61026,0.47187963
49759,0.47354054
18786,0.5457985
81012,0.49500862
19445,0.56652033
50756,0.5418511
85673,0.49457982
66960,0.49500862
31365,0.475604
37640,0.5755634
101325,0.49457982
104267,0.477793
64787,0.47779313
54097,0.5281163
90089,0.47354054
79611,0.49500862
3872,0.4935323
90845,0.47367522
75838,0.47646734
16157,0.4752467
21349,0.5418511
34130,0.48171556
83045,0.47646734
83033,0.544001
18190,0.53654397
98007,0.49500862
95308,0.5724075
7197,0.53146005
79403,0.5418511
7653,0.5418511
59611,0.5681992
93070,0.512494
33837,0.512494
86990,0.4616955
38486,0.5418511
49647,0.5707326
49217,0.49500862
89090,0.47926688
6634,0.49500862
106711,0.4753459
98643,0.544001
64122,0.41759437
95757,0.49500862
52941,0.47561607
73928,0.5281163
96735,0.5548398
76375,0.49500862
26187,0.47367522
61250,0.5418511
101730,0.512494
96681,0.49500862
81672,0.47354054
941,0.512494
73571,0.5648199
102835,0.48862657
84015,0.4813636
15822,0.49500862
26528,0.5418511
34458,0.48038897
22406,0.54344785
77570,0.47367522
60677,0.51036537
16163,0.47187963
58610,0.5418511
87762,0.5129225
48705,0.48171556
78339,0.4795211
27015,0.47600728
63869,0.5418511
32867,0.5669697
18094,0.5293021
31953,0.5589348
3489,0.4752467
8990,0.4925564
89863,0.56955606
18547,0.5425464
75256,0.51106983
93963,0.55330306
71978,0.4736873
30679,0.5418511
102609,0.5648199
83019,0.5106412
48135,0.49457982
61409,0.47590375
58564,0.56652033
3946,0.49500862
106020,0.5104655
3723,0.512494
22108,0.5430918
4674,0.5454407
4358,0.5418511
31186,0.49457982
136,0.5681992
46915,0.568602
95526,0.5193387
12145,0.47561607
18631,0.47561607
95178,0.4795211
6569,0.5418511
74472,0.5418511
53618,0.49500862
82117,0.5418511
33139,0.5244415
101127,0.47561607
78109,0.5418511
71560,0.5418511
4873,0.39163014
38063,0.54177886
1060,0.5677421
45447,0.5430918
14151,0.47561607
79580,0.49500862
37219,0.55057335
84736,0.56288993
15780,0.47891495
82921,0.47561607
40348,0.49500862
74895,0.5418511
93609,0.5422768
60230,0.4752347
65745,0.5418511
16278,0.5422768
66171,0.47561607
76515,0.47444698
87170,0.5293021
104704,0.5106412
95572,0.5281163
41881,0.48625305
30757,0.5281163
83846,0.47646734
72285,0.5670465
29064,0.4961326
5381,0.5681992
83070,0.47646734
7175,0.5686681
49176,0.5491868
51188,0.55057335
60730,0.21730486
89396,0.55094904
50581,0.51106983
9406,0.4813636
16599,0.48236328
69783,0.48038897
27796,0.5648199
592,0.512494
18133,0.47354054
105112,0.46133238
51799,0.49500862
75583,0.56559324
22160,0.5670465
28229,0.47477856
59965,0.5418511
25798,0.5648199
1799,0.51106983
37007,0.5356273
99962,0.54043573
106489,0.5418511
39063,0.5293021
46435,0.5193387
45589,0.55183405
6956,0.4935323
106021,0.5418511
92285,0.4935323
40437,0.49500862
7039,0.57281137
94842,0.48171556
105806,0.5687249
19957,0.5418511
91743,0.5533911
71819,0.5627519
71859,0.5670465
77846,0.49500862
75254,0.49500862
86699,0.47561607
41680,0.4789151
40684,0.49500862
102752,0.5462208
59996,0.49500862
75002,0.5670465
83944,0.47420335
71542,0.49500862
102795,0.54374427
13533,0.5418511
86443,0.48171556
72601,0.4961326
48252,0.5418511
59918,0.5855375
70105,0.38812256
36420,0.5418511
72545,0.5589348
66628,0.49500862
87076,0.5681992
56017,0.5106412
36830,0.47561607
61259,0.5422768
106785,0.49500862
102001,0.49500862
41694,0.47561607
59274,0.48371038
69342,0.53654397
52666,0.5418511
78739,0.49465623
103615,0.47561607
96522,0.5293021
33713,0.46243185
94194,0.5752923
56624,0.48038897
14026,0.49500862
37800,0.512494
101163,0.5418511
50282,0.5437585
24359,0.544001
37213,0.49500862
27574,0.5418511
18777,0.5418511
32485,0.56559324
95455,0.5129225
56526,0.5422768
9732,0.47561607
63133,0.512494
6017,0.4752467
56227,0.49500862
81330,0.475604
14674,0.503465
83842,0.49500862
59121,0.55094904
4795,0.54842865
8699,0.47971198
62846,0.48038897
3664,0.5422768
79101,0.49500862
97114,0.5129225
61736,0.49500862
71338,0.4738077
75649,0.5418511
47207,0.5193387
69617,0.47367522
92019,0.5418511
33803,0.49500862
102709,0.5666617
60644,0.49500862
35921,0.47646734
53503,0.54344785
39017,0.5106412
21033,0.475604
7356,0.5418511
63010,0.51106983
105483,0.48443556
48414,0.56282574
34491,0.49500862
98515,0.5454407
44473,0.525426
16918,0.4925564
5705,0.49500862
50265,0.5418511
69220,0.4961326
54833,0.4965655
28549,0.5129225
106607,0.54000974
82444,0.475604
61201,0.53233796
33681,0.47424063
10979,0.56287223
17203,0.512494
75276,0.5422768
46716,0.5418511
27002,0.5648199
875,0.47590375
73244,0.5253922
42973,0.57161593
87462,0.5418511
79246,0.48038897
80060,0.5205812
83791,0.49500862
95066,0.49500862
65369,0.5425464
17234,0.5743699
33597,0.5281163
57641,0.49500862
79712,0.5418511
90671,0.49500862
68092,0.5418511
87841,0.5418511
26092,0.52377
19324,0.5129225
64133,0.49457982
64722,0.5422768
67293,0.5418511
13110,0.46647277
15704,0.5066992
90272,0.54813045
16320,0.54179674
51605,0.5677421
57816,0.4935323
10303,0.5425464
81915,0.512494
22954,0.5681992
20905,0.5271977
94219,0.5589348
59383,0.512494
55882,0.5418511
105848,0.5281163
76012,0.512494
28343,0.47367522
12621,0.5670465
20544,0.49500862
68058,0.47891495
45481,0.47561607
43866,0.570169
43638,0.5281343
78798,0.4726511
51931,0.49500862
81788,0.48024124
39806,0.49500862
104308,0.5418511
23191,0.4936802
58799,0.5297294
74274,0.512494
97712,0.49457982
62011,0.47561607
97060,0.4752467
6430,0.51106983
42197,0.5093192
33642,0.49500862
34385,0.47328487
56499,0.56919366
103727,0.53654397
22082,0.5418511
5577,0.5418511
18877,0.5418511
72302,0.47354054
48798,0.56652033
95670,0.5691304
12360,0.4752467
99919,0.51106983
57548,0.5681992
8498,0.5670465
55369,0.4743151
64135,0.28354496
96186,0.4752347
88968,0.56164145
16581,0.5418511
69477,0.4736873
60073,0.5418511
78470,0.5106412
73934,0.512494
48728,0.5418511
12948,0.5205812
35801,0.5670465
11714,0.54179674
79286,0.54481286
61682,0.47367522
67216,0.49500862
28124,0.5098153
47487,0.49500862
89951,0.5681992
39746,0.5422768
51772,0.5422768
74373,0.47561607
91542,0.47420335
11693,0.567273
58395,0.495124
10213,0.4752467
87308,0.49500862
52212,0.48021054
21565,0.53654397
38272,0.4813636
45624,0.5106412
63049,0.512494
86283,0.5418511
61244,0.5464622
84701,0.5293021
94243,0.50422573
79039,0.49500862
54726,0.49500862
52867,0.4789151
7832,0.54710746
48004,0.5418511
52691,0.47352847
94319,0.52150095
14013,0.4752347
66372,0.5244415
22294,0.49480096
14732,0.49500862
105955,0.49500862
57702,0.49226424
89178,0.5418511
31050,0.47328487
40074,0.49832395
23085,0.55057335
8847,0.54177886
43142,0.5129225
24141,0.5422768
75344,0.48171556
44956,0.5129225
100259,0.475604
15289,0.5418511
40766,0.49764255
75727,0.5418511
16710,0.49500862
3858,0.49516746
51761,0.56650037
57803,0.5707326
18436,0.49500862
21616,0.48768538
40997,0.47367522
72876,0.4935323
98668,0.49500862
17562,0.54344785
53942,0.512494
7798,0.56498134
6728,0.49500862
68182,0.49500862
32206,0.4961326
2446,0.54177886
30812,0.49500862
29775,0.49500862
4146,0.49500862
10519,0.4813636
66933,0.5259568
94981,0.5453208
95320,0.4828382
47430,0.49254438
35069,0.49500862
76488,0.49465623
33904,0.5526122
86619,0.5707326
91955,0.512494
6389,0.49500862
12914,0.56559324
78123,0.51106983
59570,0.47728166
10892,0.47354054
31139,0.49500862
47002,0.534151
15376,0.5743699
84669,0.20156023
28204,0.49500862
49096,0.5418511
95324,0.5670465
46589,0.54179674
16484,0.4752467
92516,0.5244415
88724,0.48368505
65849,0.5462208
51527,0.5454407
60854,0.5319767
11279,0.4961326
67908,0.5681992
82313,0.47561607
79035,0.49500862
91010,0.47561607
27611,0.49500862
7952,0.55915165
19379,0.5418511
66702,0.5422768
2296,0.47926676
28138,0.49500862
551,0.49226424
67795,0.4828382
39137,0.5418511
25040,0.56287223
47656,0.472309
53154,0.47354054
73026,0.5418511
50163,0.49500862
17664,0.55794054
81237,0.5418511
43288,0.5418511
101830,0.54177886
68661,0.49500862
100832,0.5259568
4191,0.48171556
62424,0.49500862
40305,0.47561607
54860,0.5418511
92588,0.5129225
76669,0.54344785
46395,0.54669446
44253,0.5418511
22443,0.5418511
84100,0.5707326
42951,0.5462208
51210,0.47420335
18367,0.49500862
12437,0.508843
57121,0.5319767
5477,0.512494
81334,0.544001
102259,0.48171556
56973,0.47354054
55634,0.49500862
50796,0.5129225
64854,0.4752347
17212,0.49500862
95586,0.47367522
96608,0.5418511
8178,0.4750004
69463,0.54374427
25843,0.4926929
89879,0.5297294
64458,0.49500862
1825,0.49500862
104937,0.512494
76514,0.47926676
67638,0.49336675
32550,0.5129225
2594,0.5106412
104050,0.5418511
15063,0.5418511
7750,0.5422768
78835,0.31726134
62313,0.49500862
79534,0.5418511
10735,0.49500862
66647,0.5419671
80698,0.56559324
106237,0.54344785
14230,0.49500862
24699,0.5031202
20670,0.4795211
24398,0.5454407
28813,0.49500862
90926,0.5422768
21442,0.49500862
15503,0.5597311
104158,0.44057465
11944,0.5418511
54953,0.47598687
100285,0.49500862
92129,0.5106412
86569,0.5545978
51849,0.4752347
59984,0.47354054
84169,0.49500862
85915,0.49457982
26350,0.5293021
81869,0.5670465
101771,0.49500862
71107,0.474991
8127,0.48024124
67433,0.512494
103885,0.4752467
14634,0.47561607
35211,0.54177886
78895,0.5554814
78807,0.54798293
14540,0.47367522
34698,0.53654397
103779,0.5089502
9813,0.5418511
7716,0.54000974
70272,0.48171556
98794,0.4454006
5378,0.47561607
75584,0.5418511
65199,0.4813636
69468,0.49500862
53908,0.49500862
97132,0.54000974
84136,0.47646734
65196,0.5418511
101330,0.512494
45065,0.48038897
101372,0.49500862
40945,0.5106412
36818,0.47891495
16262,0.47996184
71302,0.5418511
56867,0.544001
31727,0.47646734
22376,0.47891495
93929,0.567273
18448,0.47187963
29101,0.5418511
76956,0.5670465
52458,0.49500862
42922,0.57287526
16743,0.56652033
29879,0.5747944
54016,0.4617916
44531,0.5281163
3780,0.4752347
18492,0.49500862
43326,0.512494
97048,0.5558526
102784,0.5158931
78950,0.4925564
69256,0.4813636
71845,0.52150095
23511,0.49500862
41984,0.53438896
73207,0.5129225
100220,0.5670465
55424,0.512494
61058,0.48171556
61570,0.49500862
85636,0.5418511
91625,0.5501703
37965,0.54129755
71595,0.47646734
40247,0.49500862
84223,0.49500862
104638,0.54591453
70859,0.5551061
12624,0.49500862
100127,0.49500862
54697,0.49500862
36640,0.5205812
63935,0.5670465
62422,0.49500862
19138,0.5418511
98037,0.47187963
80946,0.51106983
60171,0.5418511
106524,0.5418511
53120,0.48171556
17020,0.51106983
96643,0.51106983
20516,0.53654397
53943,0.5080104
12422,0.5244415
99924,0.4726511
84727,0.47561607
105231,0.5332158
57263,0.57648504
70353,0.5670465
33980,0.5670465
85067,0.5418511
101473,0.5418511
32806,0.47891495
22737,0.56652033
33701,0.4961326
26272,0.49500862
20245,0.5418511
57009,0.5418511
70177,0.49500862
80949,0.5761868
68868,0.47561607
3463,0.4752467
22480,0.47420335
51061,0.55057335
42467,0.5755634
22644,0.47561607
77987,0.5418511
38066,0.47367522
74817,0.512494
33548,0.5418511
55282,0.55440503
68474,0.5698077
28750,0.5422768
100953,0.47420335
9783,0.47367522
88666,0.49500862
95892,0.57183903
45165,0.49500862
88759,0.49500862
42942,0.5418511
45155,0.56282574
93405,0.475604
40672,0.56652033
59171,0.5418511
65048,0.47444698
96568,0.47477856
55750,0.5418511
94417,0.49457982
98907,0.512494
26355,0.56559324
75221,0.5418511
81834,0.5418511
70358,0.5418511
60686,0.56282574
16970,0.556798
105727,0.55676204
27635,0.5205812
22266,0.48064342
72325,0.49500862
73454,0.5670465
61216,0.5418511
15107,0.49500862
20351,0.4961326
7447,0.5418511
27058,0.49500862
52745,0.49414945
97367,0.50192565
80966,0.5418511
76862,0.54344785
101425,0.5129225
41987,0.4752467
41607,0.5193387
24817,0.49336675
18230,0.5418511
24592,0.57161593
26735,0.5418511
335,0.54129755
23192,0.51106983
70543,0.48051324
52914,0.53146005
93275,0.4935323
53299,0.5129225
73633,0.56559324
6516,0.54163146
62779,0.512494
37748,0.49500862
32439,0.5422768
26327,0.47807834
72512,0.48824486
34319,0.47561607
71151,0.47354054
75755,0.49500862
95040,0.49500862
14016,0.5418511
64918,0.544001
54132,0.53654397
15137,0.48024124
16885,0.475604
73850,0.54710746
27701,0.510107
45458,0.5418511
35206,0.5293021
4690,0.4961326
48327,0.512494
13359,0.47891495
74847,0.5418511
58263,0.5418511
83921,0.56559324
78541,0.53654397
89353,0.5129225
46859,0.5418511
43017,0.5484767
33143,0.5259568
44724,0.47444698
98313,0.512494
18397,0.5385146
33628,0.47354054
83851,0.5491868
59975,0.567273
90976,0.5418511
17729,0.54177886
103091,0.47354054
48359,0.5418511
52136,0.5670465
92597,0.5106412
102907,0.47476652
31101,0.49457982
72001,0.4935323
26604,0.5562583
32653,0.5418511
92403,0.5418511
19371,0.48171556
33679,0.5418511
100430,0.4726511
46581,0.55057335
46918,0.49500862
1939,0.5671309
65741,0.5418511
64268,0.5670465
5722,0.49500862
52128,0.49500862
32782,0.5740726
55399,0.4752467
67305,0.47367522
27575,0.49500862
10174,0.53146005
20288,0.52150095
100583,0.5627519
94644,0.4925564
69259,0.5422768
66508,0.4813636
75933,0.4828382
73087,0.54344785
62772,0.57648504
7082,0.56282574
14313,0.47158283
34351,0.56652033
13661,0.5418511
84983,0.54669446
71650,0.4813636
25289,0.5193387
53203,0.54842865
104021,0.478975
45430,0.5418511
13936,0.5418511
36331,0.49500862
69153,0.567273
28211,0.47561607
14716,0.49500862
102105,0.56282574
14825,0.5648199
73448,0.5193387
25227,0.48171556
70935,0.5418511
24046,0.5418511
16283,0.38927165
31587,0.5418511
21546,0.49500862
79216,0.5418511
59515,0.48105836
21638,0.4828382
106058,0.47367522
83605,0.48171556
36027,0.512494
97547,0.5422768
35922,0.5422768
730,0.5106412
91023,0.49500862
41874,0.5193594
63479,0.5193387
53948,0.5671826
612,0.4752347
44842,0.4960949
88286,0.5418511
19006,0.5214511
15792,0.47746015
31289,0.5670465
5520,0.5670465
102071,0.54177886
51757,0.47367522
101502,0.5129225
86153,0.47561607
53017,0.47695515
35422,0.5418511
47390,0.47561607
6754,0.54177886
15689,0.5677421
60671,0.4961326
91200,0.56652033
52291,0.4965005
64996,0.57648504
105948,0.544001
9304,0.5129225
80363,0.5724075
34303,0.5193387
90897,0.56652033
6223,0.56652033
30391,0.47891495
32600,0.5129225
22314,0.47676176
46471,0.570169
62205,0.47561607
9315,0.5193387
88242,0.47561607
16829,0.4813636
10937,0.5550525
75185,0.5669697
2126,0.5418511
66867,0.5418511
27698,0.5707326
69135,0.5422768
28872,0.49500862
73182,0.49543053
99186,0.47420335
53803,0.5418511
15957,0.36483333
13066,0.4726511
59759,0.5418511
78727,0.5755634
87613,0.5418511
97014,0.5319767
15607,0.47574306
95372,0.5293021
13583,0.51106983
21859,0.51106983
37066,0.49500862
20559,0.47343162
28407,0.47420335
22575,0.512494
587,0.51106983
34019,0.5589348
44046,0.49500862
88009,0.4700324
28935,0.49702027
8002,0.47367522
89504,0.48349905
41174,0.5648199
61524,0.47367522
47615,0.512494
105017,0.49336675
102282,0.5501703
38116,0.5418511
77889,0.512494
39771,0.5418511
49032,0.49500862
88482,0.4745085
14111,0.5793693
86854,0.5418511
60957,0.49500862
39641,0.5244415
42799,0.51106983
12118,0.49500862
51727,0.47645533
15511,0.512494
98396,0.47174492
82341,0.5649778
59102,0.5566
9319,0.4926929
76311,0.4961326
88119,0.49500862
88687,0.5657751
2030,0.5418511
93612,0.5418511
11548,0.54591453
12642,0.5670465
99898,0.47891495
105337,0.47926676
71373,0.47926676
79240,0.51106983
2341,0.4752467
70902,0.49500862
96103,0.5686681
41700,0.54344785
7147,0.56652033
7007,0.5491868
28257,0.5422768
34787,0.5689635
85535,0.56559324
56441,0.512494
2699,0.53654397
8631,0.5422768
84841,0.4726511
39509,0.53654397
43930,0.4925564
47111,0.5422768
49131,0.49500862
90388,0.49500862
94044,0.5281163
9162,0.52150095
82380,0.49500862
9411,0.53858554
98182,0.56559324
90514,0.4770892
31378,0.49500862
45250,0.49500862
9598,0.5106412
97221,0.5418511
81497,0.47165167
98919,0.47367522
27463,0.5418511
5343,0.5193387
17970,0.49500862
67267,0.54798293
2920,0.5643654
69177,0.512494
78678,0.47352847
624,0.5533911
93344,0.4925564
46833,0.5755634
6484,0.5281163
34094,0.512494
68673,0.5080104
102049,0.49500862
78665,0.4813636
30774,0.5670465
71388,0.49500862
18098,0.49500862
61249,0.47561607
37708,0.47367522
64796,0.5281163
31522,0.5418511
15285,0.47891495
94412,0.51106983
59543,0.48038897
3384,0.49500862
37901,0.510107
4160,0.5603226
92593,0.47367522
36246,0.47926676
95420,0.4935323
100479,0.5670465
79834,0.47367522
50875,0.19297509
87895,0.5686681
30615,0.5418511
59995,0.5418511
96199,0.5422768
13289,0.4752467
29169,0.512494
36913,0.512494
25147,0.512494
61781,0.55156666
22565,0.5418511
7300,0.475604
24634,0.5454407
79365,0.47561607
16978,0.56282574
29800,0.544001
41469,0.49500862
77934,0.51059645
69715,0.5670465
2744,0.51106983
18563,0.512494
96077,0.49500862
23587,0.49500862
10769,0.5129225
75143,0.4932011
38952,0.5422768
92487,0.47646734
92852,0.47707325
33741,0.49500862
33902,0.4438339
8387,0.49500862
47210,0.48024124
46410,0.48024124
100548,0.47561607
840,0.512494
16871,0.5755625
69437,0.45911422
80467,0.26630634
39798,0.47561607
1323,0.473294
106370,0.4925564
41262,0.5422768
12529,0.48719075
44727,0.5245509
52761,0.47561607
25451,0.4750131
73342,0.5418511
51204,0.51106983
50219,0.544001
19132,0.47891495
49538,0.4926929
53730,0.5418511
83910,0.5205812
29115,0.4813636
41208,0.5418511
45546,0.49500862
24811,0.47598687
45037,0.53438896
75843,0.48171556
25941,0.5418511
94261,0.5363413
19173,0.5749549
48509,0.5589348
93072,0.4966385
58237,0.5418511
74013,0.49500862
75227,0.5670465
74340,0.4752467
52427,0.4817035
76151,0.5259568
47316,0.5648199
55460,0.5681992
97175,0.47367522
38989,0.5418511
10205,0.5677421
82051,0.5281163
35157,0.4752467
3684,0.47646734
62742,0.49500862
74496,0.51106983
75673,0.5748419
15522,0.58614546
13945,0.5418511
1132,0.5724075
35054,0.47354054
21891,0.5418511
28508,0.47444698
99815,0.5193387
22532,0.5755634
58976,0.5259568
16774,0.54886585
98786,0.5297294
46517,0.4813636
17633,0.5418511
11745,0.54043573
84784,0.5422768
71139,0.5418511
104770,0.5670465
89719,0.5249567
5742,0.49500862
37390,0.4925564
45416,0.47367522
30994,0.4752347
104066,0.5418511
13560,0.54710746
94239,0.53146005
39032,0.49457982
95684,0.55754864
64663,0.54669446
42612,0.47561607
69293,0.5422768
100463,0.4442425
104864,0.49500862
79177,0.556798
69146,0.5259568
51569,0.47330606
35303,0.50948
38169,0.5418511
26110,0.5418511
66133,0.49500862
3140,0.5418511
29193,0.5479031
66040,0.54798293
67577,0.5418511
75311,0.5418511
8345,0.5479031
90116,0.5566
46161,0.5784451
84368,0.49500862
78423,0.47367522
56887,0.49457982
10505,0.56282574
83449,0.49500862
75064,0.49500862
45316,0.50660044
81514,0.5418511
17823,0.5501703
45536,0.5418511
81655,0.5129225
6158,0.56532264
3300,0.5589348
81142,0.5418511
18928,0.5422768
61741,0.51451844
81049,0.54374427
45626,0.5670465
64241,0.56282574
25516,0.5430918
72170,0.48171556
100821,0.47367522
100960,0.47707325
104637,0.4753459
80263,0.55440503
40346,0.47420335
51405,0.5281163
96165,0.54177886
62043,0.5281343
104120,0.54842865
25968,0.52150095
91802,0.4935323
7133,0.54043573
18262,0.5418511
36397,0.49500862
64608,0.47367522
45205,0.5418511
25746,0.55183405
2804,0.5418511
10138,0.4813636
30962,0.5418511
71016,0.5129225
8465,0.49500862
59750,0.4813636
94078,0.512494
30547,0.4752347
69169,0.54346573
48894,0.5418511
64141,0.49500862
33295,0.56498134
55670,0.5418511
13345,0.5453208
99022,0.49500862
55163,0.5669697
71695,0.47354054
37627,0.54344785
36532,0.56559324
38401,0.51106983
65083,0.47354054
98493,0.5670465
23491,0.49500862
47409,0.5422768
73059,0.51106983
38282,0.54000974
78331,0.49500862
41343,0.51106983
19089,0.544001
50730,0.48038897
29709,0.47672155
17481,0.49500862
80830,0.5418511
5293,0.5418511
22072,0.5418511
70083,0.5319767
82737,0.54043573
84345,0.5129225
58697,0.55382025
39276,0.49500862
39945,0.3830324
33739,0.4736873
3954,0.49500862
16658,0.49500862
57750,0.5106412
20077,0.47354054
86803,0.5214511
2956,0.5418511
72623,0.56652033
16102,0.4813636
21732,0.47561607
67154,0.49500862
54507,0.5297294
86594,0.47354054
35692,0.5129225
65734,0.5059709
18208,0.54842865
104960,0.5014796
98614,0.54163146
12300,0.49500862
77125,0.34746003
104456,0.4935323
19143,0.5418511
42960,0.544001
29258,0.5648199
44894,0.4752467
4672,0.4849586
69189,0.49500862
59597,0.47722545
4210,0.5748419
62642,0.4961326
55902,0.5020007
33596,0.4936802
88952,0.45321336
25537,0.5418511
93630,0.5686681
56945,0.4813636
89831,0.478975
28455,0.49622688
101881,0.48171556
99064,0.55183405
2793,0.544001
59290,0.47891495
6529,0.54842865
102926,0.47561607
91793,0.5332158
33522,0.5418511
20955,0.47354054
92720,0.512494
57316,0.5418511
53863,0.544001
4669,0.5418511
28736,0.5755634
49200,0.49500862
66982,0.38706017
96637,0.49500862
41900,0.57161593
81511,0.5293021
88616,0.47598687
9190,0.54344785
34235,0.47444698
27646,0.49500862
39697,0.5418511
58532,0.47354054
28966,0.5129225
35518,0.5418511
103877,0.5281163
30623,0.4828382
86938,0.49500862
65653,0.47354054
88180,0.28270963
62795,0.56652033
4105,0.49500862
78024,0.56364554
32038,0.48024124
53792,0.5418511
55852,0.53146005
57315,0.4813636
9790,0.54344785
17167,0.5259568
3719,0.5454407
75499,0.49500862
47165,0.49500862
73307,0.49500862
41648,0.47158283
69039,0.47354054
105121,0.479391
43914,0.5129225
71009,0.49500862
95183,0.5504738
30480,0.5418511
53988,0.49500862
79258,0.5418511
90968,0.5217025
42384,0.57287526
83707,0.5422768
4101,0.49500862
56912,0.47926676
60741,0.47561607
25120,0.49500862
10721,0.567273
56580,0.49500862
101869,0.5418511
445,0.54591453
20685,0.54043573
23309,0.49500862
77783,0.56282574
63074,0.54177886
107081,0.5205812
70761,0.47561607
73498,0.582723
31250,0.47891495
72200,0.49500862
51071,0.49500862
40842,0.4925564
54965,0.47561607
42180,0.54177886
57221,0.5670465
45115,0.5454407
87784,0.56919366
83808,0.5418511
21793,0.48024124
99415,0.47926676
81686,0.49457982
98808,0.47367522
48005,0.4813636
59693,0.4752347
22613,0.53654397
10661,0.49500862
93545,0.49500862
36781,0.47354054
49972,0.56489587
100683,0.512494
79955,0.5129225
83111,0.4686726
14099,0.4752467
85792,0.5418511
27385,0.53654397
33173,0.51106983
75895,0.49500862
84183,0.54710746
37174,0.47354054
89403,0.5418511
57812,0.4935323
3185,0.4813636
39174,0.5552446
69360,0.5755634
22507,0.5418511
81591,0.49500862
102166,0.49500862
34669,0.47187963
82246,0.5226445
5417,0.4736873
45202,0.54344785
42806,0.5425464
8407,0.4935323
78372,0.49500862
96394,0.5332338
5368,0.49500862
34576,0.5117068
4612,0.4828382
89532,0.49500862
86314,0.49500862
95227,0.49500862
77002,0.4813636
86850,0.5677421
83431,0.556798
8573,0.5422768
83053,0.48270124
92077,0.51278293
66619,0.57118315
2864,0.41531086
93017,0.49500862
83756,0.49500862
6958,0.47367522
106099,0.5418511
92752,0.4936802
26016,0.49500862
9794,0.4961326
55053,0.4946777
32697,0.567273
23931,0.49415633
40261,0.49500862
87744,0.5418511
34747,0.47367522
91828,0.5418511
60789,0.5479101
38808,0.34130073
18662,0.502847
6236,0.51106983
19728,0.4726511
91822,0.51278293
81110,0.5545978
47527,0.49500862
90318,0.47354054
44876,0.512494
71809,0.5418511
13625,0.47420335
43644,0.5418511
83971,0.5418511
82581,0.57625675
42259,0.5451772
85536,0.48024124
8810,0.5430918
78459,0.567273
33500,0.512494
4257,0.475604
93240,0.5418511
18763,0.57376105
11424,0.47561607
12884,0.54000974
59731,0.5418511
22634,0.53654397
62732,0.47354054
82430,0.5129225
97227,0.47367522
5764,0.49500862
50370,0.5418511
89427,0.4961326
8497,0.5240137
26922,0.47561607
40011,0.5418511
22981,0.37907302
10271,0.47561607
37880,0.547581
83457,0.4789151
29979,0.5418511
22629,0.49500862
90503,0.49500862
15109,0.5418511
86748,0.5418511
17755,0.544001
93089,0.5106412
4336,0.47646734
54923,0.4813636
20668,0.47561607
102335,0.47500107
79895,0.5422768
88203,0.47354054
57553,0.5418511
61759,0.47561607
40449,0.5418511
37942,0.56559324
52407,0.56652033
97596,0.49457982
15372,0.512494
71980,0.48038897
8007,0.4926929
5142,0.43572357
76923,0.49500862
32475,0.5129225
29178,0.4779288
43300,0.567273
105217,0.5418511
90316,0.512494
48026,0.57281214
27332,0.48203304
105230,0.47501245
97829,0.5418511
99198,0.47420335
53937,0.49500862
44244,0.51278764
95415,0.47901094
83331,0.47367522
83346,0.49500862
82768,0.5418511
34756,0.49500862
26171,0.49500862
50245,0.5670465
42457,0.544001
50373,0.5418511
28575,0.5554814
91319,0.5670465
68711,0.475604
25464,0.5281163
101221,0.4813636
12830,0.49500862
88138,0.512494
72978,0.54591453
103836,0.47891495
66988,0.47354054
85081,0.49336675
73508,0.49500862
91178,0.47354054
9724,0.5418511
38974,0.512494
3592,0.5724075
61440,0.5418511
86583,0.5106412
106458,0.56559324
13015,0.4961326
21510,0.4813636
48484,0.5454407
104183,0.49500862
71906,0.5418511
59569,0.47561607
60361,0.49500862
2057,0.5418511
17177,0.5672774
62283,0.47695515
52036,0.5418511
7523,0.49492314
33337,0.53933924
107091,0.5249567
63922,0.5418511
54527,0.5418511
52444,0.5418511
20137,0.54179674
38681,0.5707326
97847,0.5648199
84840,0.48270124
55970,0.54842865
41342,0.5677421
59140,0.47561607
66421,0.5418511
8148,0.4712195
104694,0.56559324
40263,0.49500862
31403,0.49457982
58366,0.56559324
13510,0.51106983
10521,0.5356273
62092,0.5491868
4466,0.5697351
55710,0.5418511
62393,0.49500862
29986,0.5670465
41376,0.5418511
49512,0.47646734
74880,0.48680392
100373,0.574369
88792,0.5106412
102491,0.57376105
42734,0.47561607
51057,0.49500862
83560,0.5784902
48485,0.4813636
52786,0.5677421
20893,0.49500862
30127,0.5491868
107087,0.57906395
76504,0.47561607
41143,0.47891495
6901,0.475003
22673,0.49500862
60889,0.4726511
105169,0.46792117
95140,0.5422768
63297,0.46781778
106392,0.49500862
88395,0.5478871
102557,0.48279348
23934,0.56652033
82077,0.5454407
11249,0.57906395
49965,0.49580207
73811,0.49500862
48603,0.47053432
45876,0.5205812
48268,0.54344785
79541,0.54344785
58721,0.4752467
16201,0.5686681
97864,0.51106983
89613,0.4752347
42372,0.4813636
38734,0.5501703
37127,0.5670465
54144,0.5244415
91637,0.5217025
47504,0.47187963
21559,0.5418511
10931,0.5501703
93217,0.55440503
21914,0.5297294
10161,0.4813636
103111,0.512494
79662,0.5326018
105156,0.47444698
85806,0.54179674
44614,0.54710746
41219,0.47681907
71606,0.49457982
95894,0.5589348
80629,0.52150095
23741,0.51106983
87653,0.5418511
51403,0.49500862
87417,0.46243185
100308,0.46635193
35312,0.47926676
25292,0.5418511
74924,0.52150095
32872,0.54374427
30911,0.4728788
101341,0.49457982
104179,0.49457982
63203,0.49500862
50326,0.47354054
105499,0.47926676
10766,0.5565442
1285,0.5677421
51132,0.47420335
6558,0.49500862
37407,0.5677421
37418,0.49457982
27612,0.49500862
54642,0.49500862
66683,0.512494
11716,0.49500862
55668,0.49500862
105308,0.56942344
17721,0.48038897
15348,0.5106412
84198,0.49500862
87057,0.49500862
43591,0.49500862
82058,0.49500862
103957,0.48024124
71609,0.5422768
71336,0.47561607
3950,0.567273
95071,0.5422768
7367,0.5125912
67381,0.5418511
94939,0.49500862
27144,0.5418511
65879,0.49500862
28707,0.5478871
103783,0.47561607
1633,0.56559324
3921,0.54710746
59606,0.47354054
56268,0.34414938
52884,0.54622
534,0.5129225
32921,0.49500862
75744,0.5281163
53067,0.567273
61464,0.5562783
34755,0.47354054
9339,0.47561607
78018,0.49457982
46704,0.51106983
47227,0.5418511
49061,0.47306943
34870,0.49500862
8242,0.54177886
93720,0.49110886
100551,0.5643654
9180,0.4736873
76741,0.49500862
4263,0.544001
24905,0.5244415
5098,0.544001
66297,0.54669446
40786,0.567273
84270,0.47343847
47703,0.5657751
98906,0.4925564
51148,0.49220404
81097,0.5702029
7699,0.49500862
25472,0.5707326
25664,0.512494
64195,0.54000974
78344,0.5453208
97718,0.4505335
37288,0.49500862
3645,0.48171556
48948,0.4925564
72958,0.5454407
16042,0.52007043
71646,0.47598687
85711,0.51106983
100769,0.5418511
65382,0.5422768
73602,0.47701606
4202,0.51106983
22149,0.49500862
40010,0.5418511
27650,0.5418511
100452,0.44057465
80137,0.54344785
28510,0.5418511
7165,0.49500862
101807,0.53654397
39464,0.5418511
75805,0.5129225
91920,0.56643116
39745,0.5719515
82288,0.49500862
102738,0.49108028
45685,0.49500862
41576,0.54177886
62792,0.54344785
55996,0.5146583
47448,0.48024124
75224,0.47561607
9998,0.4822314
66460,0.5129225
11277,0.4752347
106840,0.49259308
13405,0.5293021
56969,0.5418511
9838,0.53654397
35955,0.5418511
25532,0.5422768
21441,0.5422768
9503,0.49500862
8880,0.5670465
16314,0.5719871
59726,0.53654397
86100,0.4961326
82970,0.5418511
39111,0.5080104
87080,0.5643654
76817,0.54710746
43078,0.47646734
67620,0.56650037
24319,0.5565442
79643,0.5418511
73709,0.54000974
95459,0.5437585
96430,0.567273
16801,0.54163146
46047,0.5158116
55978,0.49500862
27843,0.4813636
34122,0.51106983
43576,0.49500862
83429,0.51106983
1778,0.48171556
67745,0.4768538
21855,0.47367522
61740,0.56652033
103793,0.5129225
15920,0.5129225
67490,0.5418511
15756,0.47862524
916,0.49500862
69333,0.48024124
157,0.52150095
56053,0.4813636
96323,0.49500862
35005,0.47561607
12926,0.5418511
42523,0.5752008
78491,0.49500862
36954,0.5418511
20095,0.49500862
27457,0.4906445
37067,0.5418511
98125,0.4927792
98454,0.54813045
1655,0.3159577
53739,0.49500862
37825,0.5129225
77336,0.47699025
84582,0.49500862
67061,0.49500862
3584,0.5670465
90723,0.48171556
65421,0.48024124
84127,0.4773344
75622,0.4926071
42404,0.5418511
79522,0.49500862
72976,0.5643654
14077,0.5129225
93324,0.5418511
62303,0.5670465
74728,0.48024124
73053,0.5418511
18672,0.56559324
107162,0.54043573
68611,0.49465623
97984,0.5681992
64440,0.567273
106360,0.56652033
12252,0.49500862
68088,0.49500862
59223,0.512494
7341,0.5418511
52311,0.56489587
92580,0.47891495
15850,0.5193387
47112,0.5418511
17840,0.5422768
63433,0.4736873
30976,0.5422768
59214,0.49500862
11767,0.5418511
2569,0.47444698
34246,0.4752467
68725,0.47794077
38118,0.5707326
28619,0.5740726
28721,0.4753603
56811,0.5418511
32609,0.49500862
98733,0.5332158
60450,0.5670465
42416,0.49500862
63694,0.47561607
70553,0.4752347
22850,0.49491295
48756,0.5649778
57246,0.47561607
104854,0.51211065
100932,0.5643654
1125,0.5129225
39762,0.56643116
52919,0.5686681
29817,0.47352847
101696,0.5418511
5808,0.5129225
67597,0.56643116
104055,0.4925564
46600,0.49500862
97440,0.4813636
58768,0.52150095
35074,0.49457982
99450,0.56652033
68486,0.49500862
33665,0.56652033
52918,0.5531367
90284,0.49336675
101159,0.47926676
135,0.5515926
38045,0.5418511
56648,0.51106983
36159,0.51106983
64225,0.47561607
92833,0.475003
4591,0.5281163
33095,0.5418511
83857,0.49500862
103262,0.5418511
96494,0.5589348
28081,0.4961326
56014,0.4813636
68780,0.54177886
61532,0.5293021
72605,0.49500862
69316,0.54591453
93904,0.47354054
2934,0.5724075
1878,0.5418511
85705,0.510107
91577,0.49500862
7250,0.49500862
48804,0.49500862
95013,0.54669446
50457,0.49500862
46414,0.4752347
3284,0.49500862
71376,0.5719538
44493,0.5129225
81588,0.47420335
8994,0.56559324
17124,0.41655013
55422,0.49500862
11562,0.48171556
12086,0.567273
80526,0.512494
40115,0.5422768
102586,0.47367522
53343,0.48171556
70382,0.47420335
22615,0.49500862
42924,0.5418511
86601,0.4752467
40393,0.5479101
102281,0.47187963
44481,0.51106983
101276,0.47637805
23296,0.49500862
17649,0.4789151
67509,0.58180505
32363,0.512494
89440,0.49592242
91099,0.512494
80637,0.4752347
85526,0.512494
82456,0.5418511
84242,0.5418511
16361,0.5643654
102119,0.47367522
68479,0.49163324
67209,0.56942344
18542,0.4936802
92854,0.5193387
93243,0.512494
91451,0.47354054
5295,0.4961326
60797,0.49500862
38001,0.56652033
94119,0.48038897
57684,0.48038897
73427,0.47444698
65312,0.49500862
79589,0.5418511
56257,0.5418511
103145,0.5418511
56980,0.47354054
15829,0.5687249
6905,0.48171556
57594,0.48024124
63118,0.54177886
10383,0.56942344
50890,0.4936802
73451,0.54344785
75946,0.5418511
15132,0.5670465
10636,0.53146005
70920,0.5418511
29213,0.5129225
92386,0.5418511
76339,0.5244415
76246,0.47561607
99785,0.49500862
89465,0.5418511
55918,0.5665157
45899,0.56282574
39400,0.49500862
17310,0.5589348
31284,0.51106983
55262,0.49500862
40292,0.4778075
10063,0.47367522
96989,0.5418511
69908,0.49500862
27525,0.48171556
23382,0.567273
22213,0.49500862
75722,0.56782806
100231,0.5418511
43606,0.51106983
697,0.5670465
18823,0.49500862
94353,0.5129225
14417,0.52150095
87023,0.5666617
20149,0.50411445
42557,0.49500862
68970,0.5681992
63926,0.54344785
88152,0.5418511
12998,0.5418511
57911,0.47354054
94631,0.4631636
14833,0.512494
69160,0.512494
26277,0.49500862
10398,0.55449694
106582,0.5338701
51161,0.49226424
11660,0.4726511
84105,0.49500862
44266,0.52150095
20714,0.4961326
40284,0.5422768
29765,0.5281163
21739,0.47561607
57896,0.49500862
98889,0.56559324
21034,0.49500862
93075,0.49500862
39388,0.5418511
34445,0.5418511
89148,0.4911585
100822,0.5707326
87616,0.49492314
43267,0.475604
77726,0.532202
74819,0.5106412
34091,0.512494
36160,0.5707326
16567,0.54669446
36427,0.475604
89343,0.4925564
5236,0.47367522
19656,0.49500862
17120,0.49500862
78119,0.49457982
67326,0.54344785
56988,0.4752467
42774,0.48024124
4252,0.5677421
45036,0.51106983
93503,0.5356273
36503,0.550645
6668,0.5479031
56927,0.48342693
91031,0.47420335
38040,0.5106412
8788,0.4736873
44341,0.5106412
30446,0.56272614
22399,0.49457982
19626,0.5418511
57714,0.5686717
106679,0.5418511
101317,0.512494
11638,0.512494
80259,0.4813636
43094,0.49500862
97482,0.49226424
97261,0.5454407
56527,0.5129225
66716,0.47561607
75174,0.48956272
80517,0.47420335
96147,0.57648504
73544,0.49500862
101381,0.4622519
5786,0.49500862
11843,0.5356273
13605,0.5356273
15923,0.56282574
78457,0.51106983
89640,0.544001
61076,0.5418511
65399,0.5666617
21070,0.5418511
13288,0.5422768
92767,0.49500862
88463,0.47367522
5771,0.5080104
52482,0.49500862
52211,0.49500862
35699,0.47991726
82819,0.5106412
58323,0.5643654
79455,0.5445249
101021,0.512494
101900,0.5356273
100855,0.47561607
48913,0.47367522
8422,0.5418511
21591,0.49457982
68410,0.56559324
82562,0.49500862
20162,0.5418511
35733,0.4752467
83896,0.5418511
79445,0.5077187
87804,0.47561607
17189,0.47646734
23028,0.47367522
14654,0.5439412
43912,0.475604
105665,0.4773605
81324,0.47794077
37554,0.47891495
65714,0.47561607
80642,0.4813636
24924,0.43857315
104113,0.5129225
97902,0.5418511
32324,0.49500862
46628,0.5422768
22477,0.49500862
26253,0.47354054
59764,0.47891495
74929,0.47891495
62838,0.49500862
41245,0.54710746
106914,0.5418511
38662,0.49500862
83189,0.5422768
77736,0.49500862
60421,0.49500862
12258,0.5332158
47169,0.5422768
56070,0.49500862
99194,0.49500862
104296,0.5356273
90967,0.47561607
50117,0.49500862
4203,0.47891495
44757,0.48024124
78023,0.45931402
100320,0.49500862
40426,0.49500862
40344,0.47590375
20063,0.49500862
94130,0.47561607
34724,0.49500862
100774,0.49500862
2965,0.5418511
71324,0.5479101
46590,0.5106412
17034,0.49500862
14757,0.48171556
72404,0.49851218
26576,0.49500862
17312,0.4961326
95378,0.5418511
77843,0.56559324
88236,0.5418511
15364,0.5418511
104748,0.49500862
20900,0.5418511
93581,0.47561607
71,0.46823788
80931,0.47646734
40609,0.48024124
93206,0.49457982
94585,0.5418511
41345,0.5271977
93711,0.5686681
3892,0.512494
29616,0.5513124
39536,0.51106983
9635,0.49500862
26716,0.49500862
96815,0.57161593
37465,0.29024693
64776,0.5418511
55191,0.544001
49384,0.49500862
98150,0.47891495
5983,0.4750131
55979,0.4961326
54609,0.5293021
32907,0.3697746
90159,0.47187963
81811,0.49500862
7903,0.5418511
82655,0.5418511
28323,0.5418511
100157,0.47926688
14820,0.49500862
68270,0.49500862
29311,0.47561607
24196,0.5193387
38767,0.5418511
5309,0.512494
24604,0.5418511
15359,0.47354054
25016,0.567273
34009,0.54822993
59027,0.4713256
31696,0.512494
69253,0.48171556
74784,0.47367522
77584,0.5418511
16787,0.45514035
42800,0.49500862
86632,0.3807932
3360,0.5418511
74757,0.4994425
105540,0.4752347
59718,0.5479031
1718,0.57725376
31278,0.5462208
21179,0.5418511
90986,0.47367522
47055,0.49500862
100970,0.5418511
88689,0.5418511
25021,0.48037687
42462,0.5418511
47329,0.47940305
5460,0.49500862
21478,0.5205812
21844,0.5670465
77282,0.49500862
66671,0.44768208
56501,0.5072367
60408,0.56643116
37442,0.5425464
65504,0.4752347
94680,0.49500862
25638,0.5129225
26857,0.5418511
30161,0.544001
19249,0.556798
19272,0.4981741
101223,0.5193387
25996,0.47444698
74216,0.4925564
7180,0.47561607
68770,0.56652033
6169,0.49500862
78728,0.5418511
8912,0.5059709
44692,0.4925564
5796,0.512494
96444,0.49500862
22025,0.5356273
67542,0.4813636
39829,0.4595157
63480,0.49465623
24746,0.5129225
8869,0.5707326
28270,0.5297294
17620,0.5205812
63764,0.5271977
63645,0.5418511
94642,0.47561607
76334,0.49500862
75870,0.54043573
34423,0.49500862
39206,0.49500862
52695,0.47695515
44667,0.49500862
93087,0.5193387
82078,0.54256
38856,0.47646734
44589,0.54177886
54968,0.49500862
53493,0.46667385
94457,0.5418511
20758,0.53146005
76530,0.16254541
97913,0.47354054
107013,0.5106412
82356,0.49500862
21399,0.50901556
58494,0.47352847
37976,0.5418511
61479,0.512494
2431,0.49500862
62209,0.5422768
15426,0.5418511
94139,0.5677421
13017,0.5129225
82215,0.57161593
56462,0.49500862
33241,0.567273
47577,0.5670465
82529,0.567273
51906,0.5478871
90797,0.5422768
98464,0.4752347
38836,0.57376105
82556,0.49500862
54209,0.49500862
71204,0.42369276
89986,0.47675982
9441,0.19740398
2382,0.5670465
97624,0.5418511
64522,0.21691245
62720,0.49500862
63260,0.562467
46366,0.56282574
20018,0.5418511
95759,0.5648199
41475,0.544001
22357,0.5418511
27428,0.5425464
27990,0.51106983
54772,0.56522185
24712,0.47561607
7205,0.5418511
12194,0.5418511
100588,0.544001
66999,0.567273
47513,0.5293021
103881,0.40336138
92995,0.5418511
63769,0.49622688
36527,0.4752467
93808,0.49457982
13250,0.4925564
74570,0.5240137
76458,0.53654397
79467,0.49500862
60931,0.512494
28392,0.512494
2066,0.49500862
82596,0.51759946
92902,0.49500862
79623,0.5495754
76197,0.49500862
62060,0.5418511
19675,0.4750004
85056,0.4813636
76790,0.54842865
89036,0.5454407
105060,0.50923145
87598,0.544001
8811,0.5418511
65186,0.5418511
96504,0.5418511
51370,0.512494
20954,0.5129225
14384,0.48180807
75075,0.5670465
105486,0.5670465
58219,0.5418511
90856,0.5643654
38246,0.48368505
13794,0.49500862
45460,0.56282574
38350,0.5259568
51286,0.49500862
69129,0.54043573
62307,0.4789151
25937,0.51106983
96685,0.5205812
88296,0.5418511
23100,0.5418511
63373,0.47865292
30548,0.54344785
57481,0.35974255
75015,0.55057335
28009,0.5418511
65271,0.53146005
30923,0.55057335
38234,0.5422768
98658,0.567273
36138,0.54179674
71234,0.48024124
36834,0.544001
18327,0.5418511
73897,0.47561607
98523,0.544001
44093,0.49500862
78230,0.49457982
29537,0.5589348
96994,0.556798
61463,0.5418511
47503,0.5670465
84628,0.47561607
33697,0.49500862
7664,0.47449648
102577,0.48171556
57598,0.4961326
101337,0.564508
44242,0.49500862
40509,0.49500862
106230,0.47646734
94979,0.50192565
39277,0.49259308
1103,0.512494
52694,0.49500862
98301,0.56282574
45047,0.5418511
92421,0.5281163
63527,0.5193387
99354,0.5707326
24653,0.5422768
3650,0.56650037
92368,0.49075657
31691,0.5281163
99264,0.56498134
70625,0.5627519
59442,0.5129225
36904,0.54346573
76594,0.5281163
51094,0.5418511
54796,0.49500862
16359,0.4947643
43475,0.5259568
14904,0.49500862
18225,0.56652033
21746,0.49500862
91365,0.5418511
49509,0.5627519
6862,0.5418511
32973,0.544001
31736,0.49465623
70198,0.5205812
96185,0.4789151
68163,0.4813636
62480,0.54669446
9796,0.5033379
58856,0.5418511
98594,0.49492314
48215,0.498021
41876,0.56518584
55372,0.49500862
53819,0.47354054
40964,0.5418511
39785,0.5122127
84252,0.49500862
24881,0.475604
59551,0.5681992
94934,0.48171556
73316,0.47367522
38688,0.54591453
84428,0.5418511
24959,0.47891495
52262,0.47367522
7973,0.544001
4535,0.54177886
57248,0.512494
51268,0.56652033
35606,0.4813636
24109,0.54179674
38380,0.4961326
21466,0.49903935
46404,0.51106983
7629,0.47500107
104026,0.5193387
98556,0.49500862
13492,0.4736873
70499,0.4945678
19664,0.56559324
17732,0.5418511
57639,0.5129225
23925,0.5501703
67036,0.49500862
63907,0.47343847
47528,0.56559324
56591,0.49500862
90598,0.5106412
23272,0.49500862
105984,0.43001965
39878,0.56652033
90430,0.5418511
25496,0.49500862
54257,0.4726511
73962,0.5233715
55229,0.56559324
92703,0.5668161
88087,0.49500862
66877,0.48024124
40634,0.4970643
44284,0.49500862
60860,0.5425464
51419,0.5660773
7202,0.51106983
31373,0.56972486
19159,0.47891495
56830,0.512494
4651,0.47352847
32591,0.49457982
66858,0.5430918
104887,0.475604
21724,0.5670465
2300,0.5129225
87101,0.5332158
63342,0.47631067
60131,0.51106983
41712,0.512494
67422,0.49500862
41436,0.5293021
96764,0.47367522
22425,0.49500862
14074,0.5755634
40157,0.5418511
79972,0.49500862
73049,0.47354054
21087,0.5418511
15123,0.48208052
62453,0.49163324
11463,0.47561607
20470,0.512494
14846,0.43075693
84401,0.5418511
55485,0.5418511
58853,0.47891495
76432,0.5418511
11042,0.5193387
21945,0.5281163
66300,0.48349905
99439,0.47561607
103587,0.5743699
25155,0.47354054
55318,0.5418511
552,0.5129225
13676,0.5669697
8550,0.5418511
69830,0.47930652
17051,0.4752467
67049,0.49500862
17302,0.57161593
60304,0.5479101
37252,0.49500862
68955,0.49500862
22759,0.49500862
101744,0.5418511
88006,0.47598687
84681,0.5698077
40573,0.5479031
38144,0.5454407
99086,0.5418511
62729,0.5631849
43599,0.49500862
43628,0.5418511
4299,0.5677421
57146,0.48024124
104464,0.49500862
17001,0.5755634
50131,0.5454407
20091,0.5681992
40732,0.5418511
52880,0.5418511
60414,0.57161593
104612,0.49500862
46476,0.49500862
100335,0.54842865
66799,0.47354054
56503,0.54724205
31616,0.544001
10889,0.56164145
88749,0.4828382
8157,0.47354054
51234,0.55057335
452,0.5240137
102601,0.5418511
58299,0.51278293
71493,0.49500862
28453,0.49500862
86185,0.54669446
77641,0.5293021
83232,0.54842865
6003,0.47991726
30076,0.47646734
100000,0.47681907
65002,0.47646734
105207,0.49500862
36824,0.49500862
1634,0.49930745
105978,0.49500862
60831,0.56489587
31530,0.49492314
8745,0.49500862
52151,0.5418511
23481,0.5784451
100706,0.5193387
31785,0.5689458
73638,0.5687249
30514,0.56652033
95942,0.49500862
101397,0.49500862
29352,0.5422768
78898,0.5418511
72271,0.57287526
21124,0.5281163
73922,0.544001
17687,0.49500862
20103,0.544001
42805,0.54842865
70994,0.57648504
35768,0.5714835
94034,0.5281163
22971,0.47354054
72373,0.49500862
105008,0.5418511
64388,0.47477856
27709,0.49500862
63655,0.5129225
62981,0.47420335
57133,0.56287223
80257,0.4838904
52226,0.5418511
30023,0.54163146
60731,0.5293021
105408,0.49492314
37988,0.5670465
12743,0.4616955
104293,0.5129225
86318,0.23781802
13853,0.53933924
71228,0.5418511
61309,0.49500862
2561,0.5193387
88497,0.5129225
47812,0.567273
49097,0.49594828
56769,0.567273
1636,0.49500862
43807,0.47646734
71529,0.49465623
17792,0.45931402
29051,0.48795965
16886,0.4789151
93546,0.49500862
100085,0.49457982
57120,0.5418511
9226,0.54344785
40121,0.49500862
39123,0.47991726
5065,0.5418511
39749,0.47448322
44240,0.54798293
15753,0.5491868
102695,0.49516746
96922,0.4752467
84376,0.5728775
6971,0.54669446
69532,0.5686717
21552,0.5271977
96626,0.49500862
68507,0.5418511
91522,0.48024124
58877,0.5418511
12209,0.5312167
14153,0.5451772
87985,0.48383996
12308,0.544001
80234,0.54591453
89301,0.53438896
31424,0.47354054
75706,0.56652033
17126,0.51306415
48742,0.56861204
91497,0.5418511
68297,0.51306415
95310,0.42869064
26060,0.23510727
70451,0.55440503
798,0.5670465
93850,0.4936802
25018,0.49500862
22400,0.5670465
22174,0.47902295
13391,0.5670465
54791,0.5089502
2642,0.47367522
67213,0.4740161
27889,0.5080104
87372,0.4828382
100776,0.47672155
39723,0.51106983
103809,0.5281163
51725,0.49500862
67129,0.49500862
87060,0.5293021
96530,0.49500862
40302,0.5479031
24038,0.47444698
34258,0.512494
106629,0.47187963
15543,0.47891495
87383,0.512494
1015,0.47420335
97485,0.5589348
67644,0.49500862
66203,0.5478871
84154,0.512494
24414,0.115082026
56141,0.51106983
75383,0.49336675
53768,0.49500862
28929,0.51106983
23852,0.49500862
1297,0.5341331
73347,0.5418511
52950,0.4925564
10811,0.49500862
58896,0.5677457
68070,0.54652596
64562,0.47367522
102229,0.5341331
100812,0.49516746
49250,0.5032675
13035,0.4752467
45861,0.5478871
43825,0.56488246
79567,0.5418511
21486,0.49336675
3324,0.49500862
107164,0.54374427
26780,0.49500862
77676,0.49500862
56804,0.53146005
77658,0.49457982
73143,0.5297294
96275,0.49500862
41414,0.49457982
48807,0.5670465
69427,0.5137718
139,0.49500862
37206,0.5193387
30436,0.56604624
17017,0.49500862
23718,0.47420335
55378,0.5418511
4892,0.24215831
16589,0.5129225
18204,0.47292486
8205,0.5418511
56744,0.544001
8053,0.5106412
85850,0.477793
17765,0.5670465
65323,0.56652033
38352,0.56364554
22841,0.47367522
79699,0.5387633
14831,0.49500862
28240,0.49500862
12536,0.5422768
44152,0.556798
66864,0.567273
49004,0.5418511
105381,0.54644066
85548,0.5686681
36613,0.5686681
86481,0.49500862
10075,0.49500862
54197,0.5418511
70970,0.564508
55435,0.39405492
83324,0.512494
66816,0.5418511
48267,0.5418511
36636,0.5418511
72138,0.5422768
57278,0.56650037
71659,0.56287223
102210,0.47926676
39170,0.5418511
10423,0.4828382
1630,0.5454407
52409,0.5418511
74633,0.5418511
23859,0.49500862
94716,0.49500862
70644,0.5240137
74105,0.47354054
106755,0.47646734
42476,0.49500862
27598,0.49500862
38586,0.5244415
45556,0.55955833
62264,0.544001
10318,0.5589348
78770,0.57725376
80509,0.4932079
58271,0.49500862
74134,0.512494
99903,0.49500862
82988,0.49500862
95205,0.5418511
95741,0.49500862
80661,0.49500862
94682,0.512494
56607,0.5106412
92900,0.5670465
96137,0.5425464
94344,0.49500862
27722,0.5670465
80310,0.48687258
922,0.5681992
25571,0.5418511
58516,0.55192447
106511,0.56559324
52788,0.512494
105406,0.56643116
88057,0.5462208
29097,0.4961326
34909,0.49500862
75042,0.49500862
11886,0.4945678
89965,0.512494
48375,0.5681992
96484,0.49500862
70676,0.5129225
83287,0.5670465
102033,0.5418511
1765,0.56803524
96066,0.56489587
89316,0.47367522
626,0.5740726
60314,0.4926929
85348,0.5106412
29251,0.49500862
48886,0.4686726
57687,0.47597477
31118,0.49500862
28689,0.4736873
92961,0.5129225
16310,0.47367522
44436,0.49500862
70378,0.5244415
39568,0.47646734
27441,0.5533911
28939,0.5418511
43110,0.49457982
9082,0.47891495
104837,0.47354054
75890,0.55440503
3688,0.49500862
53825,0.47891495
62324,0.54344785
103507,0.4726511
106541,0.47367522
97431,0.49500862
93525,0.49226424
55075,0.47354054
98795,0.5341331
71928,0.5594697
58959,0.49500862
68242,0.5418511
94908,0.49500862
3244,0.5418511
103068,0.49500862
2925,0.49500862
34196,0.544001
91161,0.47367522
94596,0.5724075
78960,0.56282574
55380,0.54043573
33881,0.49500862
71565,0.5677421
11832,0.47367522
85390,0.5418511
50684,0.51106983
99934,0.5648199
77377,0.512494
76935,0.49500862
104175,0.4813636
12528,0.556798
75265,0.5501703
95712,0.5356273
65433,0.5102262
10431,0.5686681
51297,0.55754864
90393,0.49500862
487,0.47646734
104511,0.47354054
89320,0.56652033
46443,0.47444698
93423,0.5418511
38846,0.5418511
44979,0.49500862
73142,0.5501703
69730,0.47926676
6899,0.5129225
78210,0.49336675
69950,0.5418511
45936,0.47845477
105329,0.5648199
106726,0.49457982
69820,0.5244415
87051,0.5418511
7554,0.5244415
88367,0.56559324
36258,0.56919366
24848,0.5418511
25340,0.4789151
76019,0.51106983
49687,0.5670465
103964,0.5418511
24116,0.5670465
89840,0.5293021
55265,0.49457982
21513,0.48652282
14011,0.5319767
74797,0.5106412
106509,0.5752923
31239,0.56287223
77948,0.5666617
31083,0.4813636
71017,0.49500862
58123,0.5418511
86986,0.5106412
90834,0.5418511
28049,0.56906456
23547,0.5554319
101750,0.2550773
79995,0.5418511
69207,0.47926676
30465,0.5129225
60786,0.57034856
84190,0.4752347
14807,0.512494
90045,0.5106412
38429,0.47926676
14622,0.4935323
44434,0.4947643
64333,0.5193387
95306,0.5677421
26137,0.54344785
76680,0.5411629
27861,0.47681907
76113,0.4752467
99383,0.49500862
67210,0.5418511
106836,0.5418511
83887,0.49500862
92123,0.49500862
12806,0.47424063
49958,0.5418511
41165,0.5669697
102918,0.49500862
59475,0.5418511
55272,0.5670465
45885,0.5422768
8720,0.49500862
22847,0.5418511
18951,0.477793
76600,0.49457982
70407,0.49457982
80197,0.48024124
89087,0.5418511
38945,0.544001
48070,0.49500862
80022,0.5422768
101121,0.4925564
50475,0.49500862
20313,0.54344785
103960,0.57320195
98087,0.495525
85487,0.57281137
50001,0.49500862
91222,0.5341331
63071,0.49500862
42397,0.4813636
45032,0.4743973
37891,0.49465623
3642,0.5418511
32947,0.5418511
37430,0.55183405
76430,0.56652033
39591,0.48171556
66009,0.4750094
45415,0.512494
70006,0.5129225
57592,0.4925564
1712,0.5784451
4496,0.45329115
72693,0.5259568
62701,0.5418511
94551,0.49500862
54202,0.5670465
1309,0.47367522
84751,0.5418511
71737,0.48171556
31353,0.5129225
27296,0.49500862
32193,0.512494
72367,0.5719495
13260,0.51106983
75259,0.5418511
1628,0.4739154
35217,0.5670465
5328,0.5418511
10568,0.5687249
79074,0.49500862
17025,0.49500862
99638,0.5418511
67734,0.18644871
22777,0.55440503
85719,0.48038897
7506,0.47292486
86728,0.49457982
73467,0.55915165
67086,0.47354054
3107,0.4789151
46597,0.53146005
10922,0.5425464
67556,0.49500862
7441,0.564508
31089,0.5129225
61601,0.5670465
14847,0.49500862
35697,0.49500862
64197,0.512494
46963,0.47420335
41147,0.47444698
13811,0.556798
68928,0.509223
35308,0.20225151
94983,0.5786237
74508,0.4752347
44931,0.49500862
30960,0.5281163
91080,0.5129225
49216,0.47891495
34340,0.47422856
75536,0.5422768
76424,0.49500862
105797,0.47343847
76336,0.49500862
34164,0.48171556
91149,0.49500862
7162,0.49500862
18604,0.49500862
83905,0.5422768
44615,0.49500862
92168,0.49500862
5462,0.5418511
85219,0.49500862
26937,0.5670465
10670,0.5425464
57,0.49500862
93177,0.53146005
34485,0.53146005
68925,0.5418511
100142,0.5418511
73993,0.5317375
15790,0.47444698
106598,0.5129225
90142,0.47367522
96949,0.53654397
40049,0.49500862
98288,0.47561607
43452,0.48038897
22569,0.4789151
5611,0.56652033
37750,0.5411629
26421,0.5336707
92422,0.4752347
89352,0.51106983
45761,0.4961326
52232,0.47561607
90421,0.47891495
78709,0.47363627
56320,0.56650037
37763,0.5418511
46567,0.5451772
68911,0.4936802
27099,0.5106412
73795,0.5454407
59380,0.5418511
48205,0.49336675
43413,0.5158931
9655,0.49500862
32377,0.5129225
30523,0.5118724
64260,0.54000974
12302,0.5129225
69453,0.49546373
62392,0.49500862
78449,0.53654397
52714,0.49500862
87352,0.54179674
61091,0.49500862
63242,0.49457982
66399,0.4925564
54903,0.47891495
67957,0.48171556
88573,0.53438896
42545,0.512494
17008,0.47354054
87917,0.5418511
23181,0.5589348
95015,0.49500862
4188,0.5281163
72957,0.47926676
98126,0.5691304
73695,0.5259568
86412,0.5418511
87550,0.48766786
98272,0.5643654
105660,0.53146005
89434,0.5533911
44125,0.4752467
90837,0.5418511
46442,0.47354054
75672,0.49500862
31938,0.49500862
49532,0.49500862
65836,0.49500862
85029,0.47595567
71793,0.56272614
28148,0.49500862
18266,0.49500862
68352,0.5293021
27061,0.53654397
22985,0.5418511
91305,0.5418511
8795,0.49457982
50663,0.47561607
37397,0.49500862
20058,0.47561607
9312,0.47991726
80532,0.48171556
14830,0.49500862
103737,0.49500862
48438,0.48024124
34089,0.5698077
32605,0.47925472
62126,0.5418511
99398,0.4828382
25307,0.54344785
708,0.5681992
65514,0.54710746
61917,0.56282574
70611,0.47561607
20762,0.49500862
64985,0.51605606
93723,0.5418511
61541,0.49500862
29197,0.5418511
79929,0.49500862
22641,0.4752467
92709,0.5419671
38048,0.4828382
7305,0.49500862
21740,0.5129225
85485,0.53243756
3615,0.4813636
11020,0.47646734
25188,0.556798
43652,0.4752467
36192,0.56559324
75957,0.5341331
88832,0.5681992
60444,0.49500862
89932,0.54177886
94105,0.55183405
4755,0.512494
41737,0.5418511
79543,0.48171556
5273,0.49500862
68791,0.47646734
60228,0.54177886
61289,0.5418511
18009,0.54179674
1837,0.5418511
79532,0.5281163
55273,0.5129225
21431,0.5418511
64794,0.49500862
81887,0.57161593
17964,0.50592226
10972,0.47367522
9294,0.5418511
1983,0.4752467
31490,0.49500862
3548,0.512494
38711,0.5445249
55591,0.5418511
32376,0.5418511
23684,0.49500862
57874,0.55580133
48713,0.37373963
5106,0.49500862
56224,0.54710746
43354,0.5687249
25836,0.4813636
55845,0.5418511
2588,0.4789151
1845,0.48074666
11254,0.51106983
49014,0.4964037
59168,0.5657751
32158,0.5129225
106482,0.4789151
103536,0.4752467
18105,0.5418511
89530,0.5193387
20602,0.47514382
28623,0.5670465
44630,0.5129225
8252,0.54669446
32280,0.49653527
54952,0.5418511
11378,0.547581
57914,0.5106412
31376,0.49500862
26646,0.5341331
55328,0.4813636
5958,0.56559324
63839,0.49500862
69304,0.4752467
3100,0.47561607
37173,0.5270436
100453,0.50356877
12253,0.5106412
74226,0.34903848
28495,0.47187963
12372,0.54177886
73968,0.56565577
56212,0.5681992
12655,0.4736873
69853,0.5293021
67111,0.5743699
8325,0.5589348
91304,0.4813636
93245,0.51106983
17300,0.49500862
17331,0.5418511
6291,0.47354054
14892,0.49500862
103278,0.57161593
97196,0.49500862
26858,0.5418511
34982,0.5670465
74003,0.49500862
29347,0.49500862
21220,0.5418511
82090,0.56805694
41613,0.54591453
64303,0.49500862
22182,0.5240137
13504,0.48171556
106774,0.56652033
97978,0.5422768
39162,0.5418511
90912,0.5418511
103240,0.4789151
103157,0.5418511
48423,0.56282574
53055,0.5193387
87595,0.5418511
80780,0.49500862
78794,0.47561607
67805,0.5462208
60188,0.5454407
67146,0.47891495
52978,0.47444698
61623,0.5418511
76558,0.4828382
48118,0.5418511
48547,0.4752347
21302,0.5418511
29500,0.5422768
21585,0.54591453
103436,0.4813636
78681,0.47354054
84602,0.49500862
81342,0.4926929
67363,0.5341331
63318,0.5418511
18802,0.49500862
26594,0.4750004
106701,0.49500862
63187,0.49500862
25393,0.49336675
70867,0.49500862
96689,0.4813636
94172,0.475604
4913,0.5707326
29337,0.4752467
18759,0.47354054
86816,0.5670465
84442,0.5010341
28896,0.5418511
25659,0.54129755
2345,0.4946777
22781,0.49500862
93530,0.49500862
58435,0.5707326
16096,0.47444698
76360,0.52127844
92650,0.5293021
94136,0.47444698
12855,0.5418511
48613,0.50928336
98930,0.4925564
17850,0.5418511
68426,0.54710746
8807,0.48425892
77682,0.562467
70262,0.5117641
101688,0.48024124
34538,0.5686681
13445,0.56559324
69689,0.512494
87006,0.4789151
51615,0.49500862
69533,0.5649778
15420,0.5418511
25501,0.4247628
75037,0.5554814
82250,0.49500862
34582,0.5670465
34900,0.5418511
106606,0.47354054
68574,0.4935323
78879,0.5293021
72523,0.49500862
74109,0.49336675
102780,0.5749549
41350,0.5281163
6776,0.5643654
4752,0.5213313
79710,0.5129225
94872,0.5670465
87768,0.47561607
84545,0.47561607
47364,0.512494
29565,0.5454407
38176,0.556798
1523,0.55754864
71965,0.512494
46011,0.49500862
101166,0.50788945
96157,0.5080104
4599,0.49500862
57139,0.49500862
46502,0.40942734
32147,0.5418511
8727,0.5770081
64,0.5462208
87977,0.48687258
81911,0.5770081
62494,0.49500862
98355,0.54792804
13701,0.49500862
60982,0.5418511
92575,0.5418511
48249,0.49880198
34171,0.49500862
89055,0.49500862
20920,0.5765114
44323,0.5670465
93856,0.54710746
29936,0.49677488
84606,0.49500862
14714,0.5294893
98673,0.5244415
103736,0.5293021
82642,0.5418511
12030,0.5454407
51674,0.5418511
12718,0.49500862
106852,0.475604
16294,0.5643654
66475,0.5129225
41485,0.5418511
30323,0.49500862
83992,0.50402105
54682,0.49599543
92127,0.48171556
35902,0.5418511
28139,0.40392768
90412,0.55677223
74418,0.567273
78510,0.4813636
100330,0.5496905
29036,0.5418511
44485,0.5545978
16848,0.5449599
10544,0.57625675
94780,0.5669697
21582,0.4873753
87225,0.5106412
93669,0.5418511
87901,0.49500862
49697,0.4736873
5036,0.5293021
67043,0.5418511
85540,0.49500862
43921,0.475604
12644,0.5240137
2676,0.4726511
58412,0.5418511
12909,0.49500862
95061,0.51106983
61837,0.57581574
93884,0.5319767
8939,0.4828382
84360,0.5403954
75469,0.4752347
16441,0.4925564
26500,0.49500862
26617,0.48816422
70080,0.5418511
4320,0.5418511
87274,0.5129225
77249,0.5418511
49626,0.54344785
6237,0.47561607
35626,0.4907061
102000,0.478975
83002,0.54344785
104492,0.5418511
18532,0.5259568
87016,0.56643116
90720,0.4925564
93144,0.5240137
47367,0.48147157
98201,0.4813636
97722,0.49500862
41849,0.47561607
26633,0.562467
77169,0.512494
57349,0.56364554
91177,0.512494
22794,0.5418511
14637,0.5459981
104038,0.49832395
49505,0.49259308
39769,0.49500862
75395,0.47561607
84177,0.4934241
90804,0.49457982
17129,0.5418511
24386,0.56652033
73235,0.5240137
40321,0.49500862
93445,0.5418511
101488,0.54591453
62,0.502847
150,0.512494
26870,0.49500862
85644,0.512494
16864,0.56559324
9800,0.49500862
60156,0.54177886
100967,0.49457982
91352,0.4926929
84613,0.49500862
46913,0.5422768
58417,0.5418511
45651,0.5418511
42020,0.5271977
34497,0.47354054
92156,0.5670465
96062,0.49500862
15862,0.5545978
19527,0.544001
51620,0.4935323
83964,0.5422768
11283,0.57161593
56397,0.49457982
70095,0.56287223
5355,0.475604
3853,0.5418511
82993,0.5670465
82541,0.56559324
8571,0.47891495
59954,0.49500862
32906,0.5418511
80732,0.49500862
25197,0.512494
19175,0.5129225
65975,0.5418511
35001,0.47367522
7468,0.472309
81927,0.5545978
100585,0.47367522
41885,0.5418511
19845,0.5418511
14709,0.57161593
86121,0.49457982
50416,0.4813636
39496,0.512494
92117,0.56650037
41500,0.56559324
90525,0.5418511
55859,0.47561607
59665,0.4789151
62490,0.5707326
15347,0.47646734
104307,0.56919366
74223,0.5418511
11063,0.5363413
83506,0.4752467
6916,0.5281163
79549,0.5418511
80961,0.5715003
55185,0.4721733
86688,0.5418511
38336,0.2786078
75289,0.512797
31850,0.49500862
67058,0.5418511
3142,0.48021054
20576,0.49500862
58998,0.5670465
74310,0.56488246
20310,0.57443166
79457,0.5422768
54490,0.5106412
5551,0.5670465
26589,0.54344785
30949,0.5332855
80634,0.5418511
24053,0.5106412
105705,0.544001
71481,0.5240137
76219,0.5462208
13259,0.4819835
10688,0.5643654
53517,0.512494
43806,0.41080046
21306,0.4961326
58650,0.49500862
42221,0.4795211
28489,0.49500862
105906,0.473294
44764,0.5422768
51940,0.5418511
53776,0.47561607
74872,0.49465623
86885,0.4922521
14008,0.5418511
80154,0.49500862
30459,0.51106983
36850,0.47354054
19357,0.5341331
103820,0.47354054
77806,0.47561607
43592,0.5244415
91314,0.47891495
102915,0.48077112
83656,0.5418511
34066,0.512494
65063,0.4813636
105304,0.5418511
94799,0.48473564
81931,0.5418511
102755,0.52150095
91521,0.47561607
105307,0.4752347
4994,0.48171556
55303,0.54822993
13462,0.5106412
48714,0.5418511
18107,0.49465623
47219,0.47891495
69705,0.5418511
49115,0.5271977
24789,0.4745085
54685,0.4601931
13191,0.5418511
70514,0.47420335
97653,0.49500862
49100,0.54177886
66241,0.49789944
75096,0.5681992
51437,0.5418511
3485,0.5253844
73283,0.5455521
78073,0.4752467
60245,0.544001
91386,0.5422768
84247,0.49500862
46800,0.5418511
89578,0.5418511
102579,0.49516746
60142,0.5697351
12605,0.5454407
94193,0.49500862
3262,0.56287223
89167,0.47365746
89102,0.47343162
98102,0.47367522
92864,0.4935323
4026,0.5418511
78523,0.51106983
66934,0.5418511
30775,0.49500862
77984,0.55440503
61830,0.54177886
86793,0.5418511
3088,0.49500862
92361,0.5418511
70055,0.54710746
7589,0.51106983
7321,0.5418511
53376,0.5670465
61157,0.47891495
19255,0.56282574
52728,0.5271977
92812,0.48024124
7334,0.51106983
77022,0.5597311
1514,0.56288993
3021,0.5418511
72,0.5418511
51949,0.49500862
39748,0.512494
24668,0.49500862
69159,0.5205812
299,0.474991
88560,0.4994226
53647,0.54669446
37116,0.5293021
88047,0.5418511
104297,0.57376105
18150,0.47367522
41495,0.47926676
87072,0.49668503
84509,0.49500862
66345,0.4828382
85910,0.5418511
93319,0.39695632
99571,0.51106983
69020,0.47420335
45649,0.5106412
19278,0.51106983
39419,0.5643654
90724,0.49702027
29701,0.47646734
95971,0.495525
88105,0.4750004
34031,0.49492314
6197,0.47241974
80768,0.47354054
101621,0.48755658
50213,0.53459954
29831,0.51681364
97230,0.49500862
6515,0.5418511
44625,0.54179674
80198,0.5281163
31448,0.49500862
92797,0.48038897
81488,0.5418511
82624,0.48171556
101000,0.512494
68204,0.564497
106980,0.49457982
46656,0.5418511
29895,0.5253922
48271,0.5657751
59674,0.47891495
17209,0.5501703
70143,0.5478871
22053,0.5670465
29008,0.49500862
2770,0.47367522
101525,0.49500862
87696,0.47561607
39562,0.5418511
49435,0.47367522
40823,0.5418511
63705,0.4752467
56819,0.54842865
97881,0.5681992
6760,0.54591453
28540,0.47367522
78209,0.47561607
91063,0.4752347
102830,0.47746927
18571,0.49622017
40967,0.477793
64391,0.5418511
71605,0.49457982
8656,0.5418511
23453,0.4752347
8292,0.5341331
68623,0.5106412
70141,0.4936802
93759,0.49492314
47030,0.5418511
56920,0.49500862
58010,0.49500862
71866,0.5707326
7377,0.5454407
6387,0.55057335
73694,0.4736873
34839,0.544001
8274,0.4752347
10859,0.5418511
98069,0.5418511
50225,0.55382025
33496,0.5418511
97355,0.5193387
77204,0.5418511
51034,0.48024124
98613,0.56559324
102538,0.5707326
26262,0.5356273
27246,0.49500862
61517,0.55183405
48877,0.49500862
97466,0.56559324
20765,0.5418511
50907,0.49500862
20357,0.47926676
89118,0.48171556
88826,0.475604
79998,0.49500862
23686,0.56559324
44738,0.5457594
47441,0.5418511
26675,0.49500862
89018,0.5670465
54426,0.5418511
26917,0.55440503
39330,0.49621302
72454,0.5418511
512,0.5670465
27000,0.49461314
16916,0.4961326
82601,0.49500862
50585,0.54043573
90157,0.512494
99011,0.5719515
11090,0.49500862
56882,0.5418511
46807,0.49500862
26274,0.49500862
21057,0.5418511
107016,0.4752347
29285,0.47354054
26994,0.49457982
54882,0.49500862
97151,0.51106983
101908,0.49500862
58321,0.47891495
72935,0.5418511
35038,0.5129225
31558,0.51003784
30229,0.49500862
66387,0.5643654
106184,0.49500862
32157,0.4789151
37322,0.49500862
97778,0.4736873
100556,0.512494
21107,0.49500862
14565,0.5293021
106771,0.5275661
31702,0.47354054
28968,0.49500862
15262,0.5714835
106853,0.5129225
84107,0.512494
36081,0.5418511
99310,0.5687249
85288,0.5418511
31700,0.56650037
69457,0.55330306
65445,0.47320494
51328,0.47354054
23469,0.5418511
41656,0.5193387
68236,0.5707326
4543,0.5418511
105551,0.21179268
106499,0.5677421
33682,0.512494
82662,0.5418511
96711,0.5774326
8946,0.4752467
52833,0.5430918
100177,0.5686681
75365,0.5129225
56614,0.5501703
93146,0.4817035
15623,0.5670465
61031,0.4870562
40030,0.47367522
63009,0.47444698
50512,0.5670465
33745,0.48171556
77126,0.5418511
58831,0.4752347
85528,0.5681992
86769,0.5106412
12353,0.49500862
5033,0.5098046
43805,0.47420335
8236,0.5418511
1005,0.512494
44333,0.49500862
38577,0.47646734
62334,0.53438896
27401,0.5418511
78839,0.5418511
3940,0.56652033
23793,0.5281163
100263,0.56169236
102002,0.4873694
51731,0.5686681
65989,0.51106983
59878,0.56559324
28048,0.5418511
77972,0.47561607
105413,0.5422768
10633,0.4947643
84009,0.47561607
69394,0.5418511
68091,0.5677421
12153,0.47646734
83996,0.49500862
94985,0.47681907
84160,0.5526122
102031,0.51106983
88072,0.47561607
54589,0.512494
6543,0.49500862
1951,0.4926929
80496,0.49500862
28686,0.5418511
46858,0.5418511
24178,0.48171556
15417,0.5418511
61325,0.56498134
96179,0.512494
19755,0.51365286
80528,0.54177886
35917,0.54000974
85424,0.5418511
21490,0.4947579
55313,0.47444698
13235,0.47343847
17378,0.495525
3754,0.47561607
7603,0.4813636
38664,0.4961326
75116,0.49500862
65638,0.47561607
53353,0.5418511
100516,0.5670465
18288,0.5244415
85445,0.49500862
67231,0.5656806
72174,0.53654397
34922,0.4926929
71299,0.5422768
105802,0.5565442
87938,0.4813636
35328,0.5670465
15184,0.5670465
62637,0.512494
14237,0.544001
95613,0.49500862
9311,0.54346573
6338,0.512494
66264,0.47891495
72899,0.49500862
100726,0.475604
86966,0.44101354
75358,0.47646734
65405,0.49500862
16911,0.55057335
8692,0.49500862
100578,0.4752347
84090,0.49500862
45411,0.4947643
90547,0.5418511
62081,0.52150095
89570,0.5129225
105449,0.49500862
66998,0.53654397
69996,0.5749549
56064,0.48024124
103577,0.51106983
35449,0.5080677
35385,0.56282574
39853,0.47367522
101610,0.4828382
40619,0.47367522
17788,0.556798
81583,0.56559324
35278,0.47561607
15496,0.5418511
46000,0.556798
1795,0.49500862
43415,0.48171556
291,0.49500862
38181,0.5418511
55029,0.47458008
34803,0.49500862
55045,0.47991726
46367,0.544001
62574,0.56559324
94354,0.47367522
96625,0.556798
21468,0.54344785
76612,0.544001
19753,0.57161593
34261,0.49500862
56113,0.4828382
15452,0.512494
27416,0.5418511
48539,0.56650037
85145,0.5748419
18354,0.49500862
18244,0.5193387
55640,0.49582627
47570,0.5106412
74054,0.5240137
5058,0.47367522
17045,0.4828382
105717,0.4752467
29187,0.5743699
37420,0.5418511
38161,0.54179674
106344,0.512494
70853,0.49500862
46322,0.5418511
6538,0.5418511
72697,0.49500862
97920,0.5129225
56360,0.49500862
40525,0.5418511
46536,0.4752347
74034,0.49500862
43594,0.5418511
100866,0.5418511
38073,0.5670465
59899,0.5418511
3724,0.5422768
79957,0.5129225
13422,0.5418511
26786,0.47652933
39319,0.19774543
18657,0.54344785
15823,0.47561607
102599,0.51106983
66427,0.5789166
52079,0.47367522
37002,0.49832147
49086,0.4752467
28115,0.45371348
98844,0.4925564
27917,0.5728775
64994,0.49500862
72140,0.5707326
35277,0.4726511
53684,0.47771737
93054,0.5533911
44188,0.47367522
49190,0.5418511
15979,0.49500862
50195,0.54344785
5878,0.5418511
43508,0.5106412
62207,0.54177886
76999,0.4925564
30839,0.47420335
40160,0.5129225
86895,0.5479031
104572,0.49336675
20661,0.54344785
94376,0.56488246
549,0.49457982
33591,0.47354054
32334,0.49500862
80680,0.47926676
66911,0.4736873
101640,0.5495754
55786,0.47891495
50889,0.5418511
47434,0.5677421
80157,0.51036537
73354,0.49500862
30185,0.49492314
21137,0.4752347
36235,0.54000974
65221,0.49500862
100973,0.5686681
41736,0.5106412
60659,0.47891495
55254,0.544001
97165,0.5657751
45498,0.5418511
36819,0.47561607
2263,0.49008554
19482,0.57118315
481,0.47590375
83893,0.5293021
81124,0.56559324
99520,0.55185306
57905,0.47343162
11179,0.54344785
88133,0.5677421
84405,0.512494
55684,0.46078107
90310,0.4813636
39133,0.4752347
10350,0.5418511
27036,0.49226424
29858,0.56364554
68022,0.512494
89283,0.5293021
70631,0.35264608
28055,0.49220404
62587,0.512494
102721,0.5205812
105913,0.5129225
94589,0.544001
56437,0.54177886
40514,0.512494
102125,0.49500862
40771,0.56643116
44858,0.5589348
98624,0.49500862
92222,0.5422768
11344,0.49500862
14991,0.49457982
101078,0.5779958
96328,0.5418511
19565,0.5281163
84603,0.5418511
70089,0.5418511
87015,0.5418511
75449,0.5589348
51372,0.49500862
32632,0.5418511
22313,0.5649778
39923,0.5018881
12179,0.5670465
59346,0.5677421
26935,0.51716244
55296,0.49500862
106127,0.512494
43033,0.5106412
7375,0.49500862
738,0.5418511
83984,0.48171556
71556,0.4529887
24649,0.49500862
46866,0.5106412
1177,0.56652033
55964,0.56652033
70811,0.544001
3101,0.5129225
56164,0.5106412
99319,0.48171556
63891,0.5670465
42324,0.512494
19250,0.5293021
3836,0.5670465
66176,0.49500862
21763,0.49500862
97198,0.55754864
65280,0.5313576
22078,0.49500862
34758,0.5755634
28904,0.49500862
98450,0.5681992
22911,0.57161593
66745,0.49500862
22343,0.49500862
16396,0.5677421
35882,0.5297294
75364,0.48864308
6319,0.49500862
7977,0.49500862
56091,0.5433195
21635,0.49500862
57416,0.54179674
31734,0.54177886
24139,0.5418511
30143,0.4750131
27508,0.5418511
7109,0.49457982
28644,0.54177886
41673,0.49500862
49619,0.48171556
18491,0.4828382
95292,0.57287526
9760,0.54043573
10222,0.544001
80480,0.5418511
53545,0.55794054
20625,0.5418511
77596,0.47891495
22175,0.5129225
33721,0.47891495
105986,0.5293021
16798,0.49500862
89143,0.5418511
63701,0.49457982
44219,0.51106983
54963,0.512494
39620,0.54710746
56293,0.5396882
54135,0.51106983
95599,0.56652033
17022,0.5418511
49880,0.47367522
28119,0.5418511
71651,0.5554319
47348,0.5418511
81945,0.49457982
50920,0.5193387
90637,0.512494
55655,0.5418511
62941,0.544001
64372,0.57360035
7304,0.5707326
32520,0.5271977
71344,0.5418511
58410,0.5106412
13184,0.5670465
44331,0.47477856
43791,0.5106412
17232,0.55330306
54897,0.5418511
765,0.48024124
37380,0.49500862
81060,0.5293021
68905,0.56559324
83301,0.49500862
42923,0.55057335
23076,0.37516135
10281,0.48024124
31748,0.5129225
67737,0.5462208
65211,0.49500862
70362,0.5608456
26257,0.5724075
56940,0.54000974
65813,0.49500862
92988,0.5418511
16122,0.49500862
84680,0.5418511
27274,0.47561607
16499,0.5422768
55898,0.48024124
24751,0.5422768
89006,0.47354054
6031,0.5293021
1205,0.48200253
51698,0.4753459
67654,0.5418511
25205,0.47367522
80702,0.47354054
52308,0.47561607
87803,0.4736873
94807,0.54344785
93477,0.4813636
53829,0.4789151
84772,0.5297294
228,0.49500862
37489,0.5418511
20495,0.53654397
90411,0.5418511
19363,0.567273
4982,0.40618962
79133,0.4789151
97768,0.5244415
89516,0.49500862
42386,0.49500862
83318,0.5418511
16592,0.54179674
98504,0.5422768
26521,0.49500862
33722,0.5707326
19597,0.49500862
16796,0.5193387
32394,0.5670465
9792,0.49500862
80507,0.48719296
66828,0.47367522
36837,0.5686681
89000,0.5418511
90354,0.47646734
24923,0.50145566
78251,0.5281163
71058,0.54344785
4675,0.5371459
78882,0.54591453
66181,0.54177886
106231,0.5670465
44901,0.5418511
104733,0.47974312
52939,0.49465623
54295,0.5418511
47718,0.5589348
96189,0.5418511
71678,0.47292486
21975,0.5573208
23230,0.49500862
74979,0.56282574
31343,0.49500862
37690,0.5648199
64014,0.5418511
79553,0.5457985
17285,0.4789151
18395,0.5677421
102935,0.5418511
44006,0.5589348
53481,0.5743699
80909,0.49500862
86409,0.4752467
83439,0.48171556
66298,0.47704047
102980,0.5281163
36916,0.48024124
83407,0.47354054
102149,0.4936802
57269,0.5418511
72800,0.51106983
93810,0.48171556
89535,0.5526122
79225,0.5422768
74314,0.5422768
89169,0.49500862
96248,0.48024124
95740,0.4752467
64451,0.46237475
58200,0.54710746
63294,0.49500862
99139,0.49500862
43370,0.5552446
89845,0.47561607
3479,0.5418511
23489,0.5418511
70085,0.544001
54886,0.49500862
94038,0.49500862
91086,0.55183405
47252,0.49500862
69541,0.50739974
95949,0.49500862
17451,0.5418511
30838,0.48038897
58315,0.49500862
73213,0.49500862
30924,0.49457982
32505,0.49500862
103443,0.5418511
79900,0.47590375
64862,0.54177886
30456,0.5479031
99152,0.5418511
1901,0.5418511
17049,0.49500862
5894,0.47330606
10665,0.4961326
30536,0.49500862
50878,0.49500862
92809,0.5707326
39864,0.5418511
101957,0.4789151
57285,0.47561607
14329,0.5293021
66872,0.49500862
94020,0.49500862
48685,0.5496905
27119,0.5193387
46397,0.49500862
10133,0.46729922
36017,0.49465623
37527,0.5259568
76263,0.54179674
2560,0.4752347
2662,0.56330305
106427,0.5106412
40163,0.5129225
100345,0.49500862
98682,0.56652033
25789,0.49500862
67820,0.5418511
59591,0.47367522
2269,0.512494
19494,0.4961326
79641,0.5106412
14432,0.4789151
94686,0.54868954
46365,0.5418511
52584,0.5670465
89365,0.55183405
81199,0.512494
70712,0.49500862
63089,0.4813636
52567,0.49500862
41571,0.49500862
47361,0.49500862
73083,0.47561607
90557,0.49500862
64735,0.5418511
71108,0.54344785
87464,0.54179674
70003,0.512494
17270,0.5422768
20924,0.48171556
27207,0.47367522
93294,0.5462208
19858,0.47354054
22,0.47646734
49371,0.5482276
85587,0.47330606
65258,0.5454407
81090,0.5106412
28146,0.47367522
68187,0.47561607
39921,0.5422768
26644,0.5418511
43284,0.49500862
94367,0.56559324
72801,0.47561607
14197,0.544001
26273,0.48203304
61001,0.5418511
47789,0.5430918
67460,0.47561607
57393,0.4813636
36379,0.512494
94624,0.48074666
615,0.5193387
72048,0.47354054
66036,0.56559324
14899,0.47367522
105042,0.5670465
99430,0.512494
18239,0.5418511
15965,0.47367522
72704,0.5681992
13018,0.5462208
23958,0.54177886
41950,0.47991726
105425,0.48171556
87752,0.5670465
7327,0.47420335
16772,0.47367522
13973,0.512494
27322,0.49500862
55624,0.54179674
83263,0.5418511
29260,0.56643116
8978,0.5418511
17217,0.3956354
35489,0.47367522
43040,0.49500862
90491,0.49500862
34960,0.48834893
99779,0.5491868
9631,0.54842865
82917,0.52150095
28657,0.47561607
72365,0.4925564
24415,0.5121445
84084,0.544001
4944,0.49500862
81767,0.5293021
100930,0.512494
30692,0.49500862
56344,0.5681992
98782,0.4752467
2164,0.49500862
24949,0.5418511
103937,0.54043573
93064,0.49500862
37866,0.47354054
23562,0.47646734
105861,0.512494
20541,0.4763085
88399,0.47561607
37955,0.47891495
31536,0.47367522
46676,0.5418511
35175,0.5418511
100936,0.56919366
101447,0.380168
11041,0.5418511
42194,0.45930204
99532,0.5648199
46596,0.5106412
21233,0.47667524
27154,0.5418511
53112,0.49457982
5790,0.50343305
64198,0.49500862
70538,0.56652033
26779,0.48171556
1691,0.49457982
81757,0.50591135
15392,0.47926676
1332,0.5418511
53535,0.47380236
102852,0.49500862
105946,0.5106412
10256,0.4750131
82927,0.5597311
30371,0.5418511
46489,0.5483605
58019,0.47891495
71955,0.544001
37356,0.49546373
42292,0.5418511
20087,0.47367522
24074,0.4925564
64692,0.4736873
96112,0.49500862
55120,0.5589348
51971,0.47561607
27252,0.5589348
77781,0.5293021
13135,0.56559324
33840,0.49500862
78330,0.5418511
84185,0.54344785
42654,0.5589348
17109,0.54842865
60530,0.47926676
32772,0.5418511
49208,0.47367522
94561,0.48159033
16723,0.55261314
79821,0.37285313
6106,0.54344785
78275,0.47367522
7689,0.5341331
2328,0.48171556
66480,0.47891495
37355,0.5244415
80884,0.4926929
103705,0.48841706
59714,0.4813636
100837,0.4742751
56301,0.48024124
5411,0.5422768
9658,0.47561607
39760,0.5129225
23202,0.512494
48343,0.54798293
91294,0.512494
74660,0.556798
6399,0.5418511
9119,0.47354054
58061,0.5479031
28351,0.49500862
105514,0.49500862
53114,0.49500862
20750,0.5418511
46578,0.5430918
52358,0.56559324
98343,0.47561607
89694,0.5418511
12697,0.49500862
73166,0.47354054
80002,0.49500862
41069,0.4752347
2034,0.54000974
8928,0.512494
68185,0.53438896
83161,0.49500862
12405,0.4813636
3471,0.5422768
66568,0.5681992
105055,0.5418511
67896,0.5418511
15905,0.54177886
65908,0.5418511
54125,0.49500862
4385,0.5495754
41533,0.5749549
4209,0.5418511
6676,0.511647
54989,0.5244415
46181,0.502493
61799,0.49500862
22469,0.4813636
107157,0.5418511
20637,0.47343162
57612,0.475604
83711,0.49500862
39352,0.5293021
7947,0.5418511
7607,0.5533911
68904,0.5244415
37781,0.512494
79615,0.4752347
18733,0.567273
12398,0.49500862
66207,0.5418511
56608,0.5707326
102448,0.5391164
12244,0.47672155
4832,0.5106412
42673,0.5244415
903,0.5418511
37244,0.57118315
69436,0.5418511
25689,0.58299
39049,0.49500862
102646,0.38397753
68325,0.49500862
57463,0.56272614
48178,0.4736873
23014,0.54179674
80092,0.5293021
103270,0.47367522
23921,0.5097875
64591,0.512494
91253,0.47646734
31515,0.5422768
26218,0.47561607
15596,0.47354054
13413,0.48024124
11049,0.5418511
82461,0.5281163
11982,0.5707326
65915,0.49500862
40511,0.48171556
22433,0.567273
58141,0.49500862
2750,0.5244415
25979,0.57360035
10155,0.47844273
99776,0.5752923
40215,0.512494
105401,0.5719538
2384,0.5297294
69519,0.4961326
83363,0.5418511
37895,0.54163146
98191,0.54742986
98740,0.56272614
88686,0.54710746
106492,0.512494
74955,0.5332158
39688,0.4813636
86780,0.4752467
28423,0.49500862
54109,0.4738077
72700,0.49500862
60079,0.4813636
68108,0.49500862
72120,0.47561607
40885,0.49500862
101144,0.53146005
68920,0.4813636
8266,0.5129225
29163,0.55915165
57837,0.5418511
26281,0.56364644
81402,0.49500862
39021,0.47354054
61529,0.4720963
52587,0.47646734
56985,0.49336675
63064,0.48171556
94357,0.51106983
91353,0.49500862
85931,0.5686681
4918,0.45329115
50729,0.47561607
57826,0.544001
71191,0.5106412
105774,0.5462208
10023,0.5129225
41218,0.47082838
98238,0.47891495
37995,0.512494
83325,0.5418511
51447,0.4752467
94497,0.49500862
30670,0.49516746
13858,0.47561607
34727,0.5422768
52123,0.49500862
52200,0.55183405
21611,0.53146005
65726,0.5418511
36502,0.5418511
102741,0.47354054
92910,0.56282574
66329,0.56364554
46266,0.51306415
93789,0.5422768
74483,0.512494
82877,0.5478871
19578,0.4752467
3150,0.47978243
7795,0.49500862
100091,0.5106412
83204,0.49500862
80606,0.57648504
44874,0.5418511
93047,0.47561607
93488,0.5657751
1805,0.5106412
62917,0.5698077
17899,0.5293021
3849,0.49500862
7118,0.4925564
88547,0.49500862
97092,0.4813636
44105,0.5418511
37481,0.5430918
33563,0.4813636
61042,0.5319767
41714,0.47561607
70454,0.5129225
59857,0.5418511
51036,0.5106412
69184,0.48038897
3234,0.5418511
74841,0.49500862
23186,0.49500862
27181,0.54129755
100045,0.47891495
28886,0.49500862
73093,0.5341331
900,0.48375246
19020,0.5418511
88602,0.49500862
22700,0.4822314
7526,0.49500862
33457,0.49500862
76909,0.5418511
35423,0.5129225
81166,0.512494
13660,0.49500862
14412,0.5418511
15714,0.54842865
22063,0.5106412
61727,0.54842865
106614,0.5418511
87164,0.47940305
46710,0.5418511
19162,0.5418511
3254,0.54591453
9038,0.5418511
95150,0.49465623
95704,0.5454407
83830,0.47891495
71414,0.5418511
38616,0.4813636
103614,0.49500862
88630,0.47940305
52521,0.49500862
93076,0.51405716
89485,0.52150095
40660,0.51106983
62817,0.49500862
34049,0.5281163
43571,0.56652033
60077,0.540121
40460,0.55057335
22185,0.5707326
15237,0.51106983
66961,0.47935867
67110,0.5418511
40897,0.48024124
80317,0.49500862
83200,0.47646734
25955,0.47354054
60010,0.5418511
912,0.4752467
21643,0.5418511
30001,0.4752347
71796,0.5418511
74445,0.4789151
14690,0.467069
45915,0.5418511
71040,0.5000813
19444,0.48171556
101898,0.49508142
19483,0.5648199
45070,0.49254438
96007,0.5418511
8226,0.56537396
14087,0.5418511
19621,0.5627519
68803,0.47561607
28496,0.5418511
15223,0.5681992
71389,0.5418511
18222,0.49500862
63426,0.49500862
2400,0.4925564
90638,0.5193387
93030,0.5418511
47044,0.57161593
95745,0.47105712
93733,0.47354054
9250,0.5129225
12306,0.4752467
64916,0.5462208
97639,0.54177886
93987,0.49220404
69833,0.49500862
65147,0.54163146
1571,0.5670465
52732,0.47354054
24727,0.5418511
36305,0.48024124
33909,0.4926929
36684,0.48290232
88787,0.5281163
5125,0.54591453
96456,0.54374427
100451,0.5462208
672,0.56366414
2769,0.49500862
9242,0.47561607
36840,0.56498134
92915,0.54591453
53862,0.5244415
92411,0.48024124
2898,0.5041985
19531,0.49582797
47770,0.47561607
94350,0.49500862
89205,0.5129225
59271,0.49500862
73559,0.49500862
35876,0.5418511
1124,0.5443142
55758,0.53268665
27800,0.49500862
95921,0.49500862
90850,0.54710746
67816,0.49500862
70511,0.5418511
12435,0.51106983
82454,0.4789151
78358,0.5418511
46740,0.5418511
100956,0.4813636
92319,0.5293021
18044,0.4752347
23905,0.47646734
5811,0.4779948
81252,0.4752347
62867,0.5293021
41210,0.54335964
43549,0.5418511
103807,0.49464038
60885,0.50629747
7522,0.5418511
85303,0.57376105
106575,0.5281163
20611,0.5332158
71692,0.5464622
2623,0.5418511
35836,0.47561607
20442,0.5418511
61523,0.5565442
77677,0.49500862
80546,0.49500862
36731,0.5479101
406,0.5784451
76807,0.49500862
30786,0.5418511
33955,0.21769543
97280,0.475604
59464,0.49500862
67539,0.5670465
24006,0.5657751
10504,0.47189167
4761,0.5445249
17116,0.49500862
45348,0.5418511
27158,0.4813636
95018,0.5418511
52617,0.5670465
92514,0.5422768
16579,0.47779313
88082,0.49457982
63377,0.47024333
100532,0.47354054
57329,0.49500862
16635,0.53146005
6974,0.47646734
17773,0.5418511
8296,0.547581
99140,0.48798996
55910,0.49500862
18845,0.47561607
75295,0.4726511
21725,0.5422768
22226,0.4752347
96840,0.49500862
70051,0.5106412
34100,0.5293021
57844,0.49500862
70993,0.51106983
66414,0.5418511
46674,0.4752467
93752,0.5418511
92435,0.5098046
37500,0.47354054
56853,0.49500862
9443,0.4926929
99816,0.5670465
8717,0.19541752
75599,0.49500862
81971,0.5457594
85158,0.512494
39350,0.5425464
52049,0.47561607
82140,0.5271977
6755,0.49500862
20683,0.49500862
83701,0.48159033
75241,0.48037687
95970,0.47891495
101659,0.49500862
47233,0.5418511
86028,0.47354054
41131,0.512494
54595,0.4813636
77569,0.49500862
11808,0.5418511
92335,0.4813636
77221,0.5129225
58213,0.48038897
81687,0.47561607
88983,0.4736873
103781,0.47420335
5839,0.47189167
50704,0.5418511
41307,0.48024124
66524,0.47926676
66762,0.512494
37291,0.5418511
35582,0.5422768
95763,0.4813636
57070,0.5293021
98262,0.49346194
102454,0.49500862
77409,0.49500862
96948,0.49500862
63730,0.5106412
96065,0.51106983
19142,0.4752467
80975,0.45566922
45052,0.5453208
72532,0.512494
35240,0.5418511
4074,0.544001
3116,0.49500862
40238,0.567273
83980,0.54669446
71077,0.5033379
36494,0.5418511
102186,0.5603226
8686,0.556798
33403,0.5333448
94903,0.5418511
98535,0.5293021
21363,0.5670465
27301,0.5418511
62190,0.51106983
194,0.49500862
59599,0.54842865
41074,0.5418511
27736,0.5515926
68224,0.54177886
2846,0.4752347
73329,0.54256
5316,0.5743699
2706,0.47561607
18783,0.49457982
7565,0.5418511
71519,0.4935323
51119,0.48171556
73556,0.512494
3629,0.49500862
96197,0.49500862
76831,0.47354054
41283,0.5670465
57436,0.5418511
55158,0.48171556
13294,0.47646734
36363,0.56652033
92465,0.51106983
12609,0.4805061
73237,0.49500862
106084,0.57648504
425,0.5418511
16773,0.5297294
102694,0.4937883
75930,0.49500862
76772,0.49430662
73463,0.49500862
35492,0.475604
100962,0.5670465
58898,0.47561607
18809,0.5707326
76369,0.54179674
103775,0.55057335
50947,0.49457982
107105,0.512494
52820,0.56919366
35491,0.5686681
23943,0.544001
28067,0.5244415
2091,0.5341331
19327,0.5418511
45743,0.56102455
11684,0.5418511
37212,0.5479101
98860,0.5290587
70244,0.5784902
87254,0.49500862
81809,0.47354054
39662,0.5755625
18993,0.55424803
102329,0.5418511
71104,0.37067196
103136,0.4740281
62301,0.475604
97951,0.5418511
12261,0.49500862
29607,0.49500862
64961,0.5418511
105560,0.56287223
14058,0.5589348
25224,0.55057335
97216,0.5282832
66479,0.568809
43400,0.5689458
103361,0.49500862
71857,0.55057335
102951,0.4813636
70474,0.47646734
1561,0.5418511
1056,0.49500862
5929,0.512494
3326,0.5129225
472,0.5419671
105328,0.556798
18584,0.52150095
14336,0.4828382
38718,0.5293021
81705,0.49500862
90578,0.5491868
21136,0.48038897
96526,0.556798
70688,0.47796196
32076,0.4736873
79227,0.5545978
70403,0.5691304
36172,0.49500862
69145,0.4753603
79692,0.49500862
92917,0.54000974
85506,0.512494
15441,0.5293021
102805,0.49500862
53322,0.15027967
53628,0.49500862
67053,0.49500862
49664,0.512494
52379,0.567273
89927,0.49500862
79306,0.5297294
61848,0.49500862
59894,0.547581
6343,0.49500862
49379,0.49500862
43932,0.5670465
51891,0.47354054
47684,0.544001
42368,0.49500862
94677,0.544001
81349,0.49500862
101549,0.5356273
102583,0.56652033
102751,0.52150095
73545,0.4752467
87746,0.49500862
91360,0.5643654
50130,0.5422768
86506,0.50271237
43251,0.54344785
82991,0.47517058
1196,0.56652033
35346,0.4753723
95915,0.49500862
50942,0.56272614
94004,0.5479101
67116,0.42336634
85848,0.5418511
92443,0.57161593
27564,0.47561607
1052,0.47646734
56865,0.47926676
71213,0.5129225
97167,0.47590375
31611,0.544001
97081,0.5418511
85914,0.5418511
77780,0.48024124
79735,0.5418511
38070,0.5418511
104624,0.5281163
85892,0.47444698
61573,0.54129755
106356,0.47891495
32933,0.5677421
68606,0.5297294
26191,0.49500862
72996,0.5752923
14888,0.5670465
15547,0.5418511
82169,0.5627519
79334,0.55556214
71949,0.49500862
34097,0.512494
34726,0.4925564
35190,0.5418511
102937,0.47561607
47205,0.494354
53487,0.56559324
32023,0.5281163
84844,0.47354054
31030,0.51106983
594,0.48668537
95995,0.49492314
29256,0.475604
28103,0.5677457
101705,0.52150095
54597,0.5418511
86133,0.5695439
48719,0.49500862
13481,0.512494
56647,0.5422768
103100,0.4752347
61338,0.48171556
1745,0.4925564
44981,0.42772114
21909,0.47926676
63191,0.47646734
105688,0.50325
50576,0.51106983
59004,0.28482762
78710,0.49500862
81266,0.544001
53011,0.56559324
59454,0.49500862
62370,0.5418511
15436,0.47930652
47496,0.49500862
46929,0.475604
31547,0.49336675
40230,0.47561607
72864,0.52150095
96419,0.49500862
100337,0.47202322
16843,0.5418511
31034,0.49500862
21759,0.512494
46175,0.48620388
30282,0.4351519
38301,0.5129225
29861,0.48171556
31215,0.49500862
75124,0.47561607
49611,0.53654397
79184,0.5670465
98827,0.5418511
53215,0.55794054
67845,0.51425755
103204,0.5418511
30524,0.5597433
59626,0.5670465
74164,0.4753723
33755,0.5748419
86222,0.5681992
41359,0.4438875
88380,0.49500862
34779,0.47891495
20786,0.48171556
27313,0.57287526
1923,0.5418511
50465,0.5129225
18269,0.5462208
101096,0.4376694
51741,0.5643654
2655,0.49500862
51362,0.54842865
28358,0.56652033
89742,0.4813636
79000,0.5193387
20164,0.47367522
27133,0.5106412
22732,0.5670465
56571,0.5776774
67016,0.56652033
75456,0.49500862
17639,0.49500862
72842,0.47561607
12597,0.5412682
6071,0.4813636
67489,0.56559324
43846,0.5129225
7860,0.49500862
46167,0.5281163
1043,0.5418511
19831,0.5418511
36952,0.5106412
14413,0.5724075
101104,0.5418511
29305,0.5418511
14320,0.570169
83868,0.5281163
19295,0.4754728
50380,0.56650037
41683,0.5418511
11830,0.5106412
76290,0.567273
27478,0.4961326
10160,0.49500862
34859,0.5293021
17876,0.49500862
89367,0.54043573
62132,0.52150095
79903,0.49500862
99802,0.49500862
91027,0.56652033
31945,0.49500862
103290,0.47476652
77395,0.5193387
39151,0.4752467
14446,0.56559324
56349,0.49500862
84526,0.47292486
62866,0.5670465
48188,0.5418511
1284,0.49500862
34337,0.51106983
73565,0.53654397
93997,0.5418511
94490,0.47561607
104352,0.47827178
96339,0.49500862
85425,0.5240137
1773,0.47354054
81364,0.5422768
7846,0.48038897
67297,0.5670465
4437,0.4813636
83380,0.47646734
32965,0.5422768
11367,0.53654397
11935,0.47420335
67673,0.47598687
73183,0.47561607
106947,0.51106983
61526,0.475604
19961,0.5740726
64622,0.5418511
45930,0.5418511
31971,0.49500862
75761,0.53654397
63725,0.49457982
76687,0.55057335
92060,0.5418511
100387,0.5106412
98217,0.56287223
81871,0.49500862
16317,0.5422768
66790,0.55094904
82663,0.556798
73834,0.5422768
21347,0.49500862
86955,0.5418511
86852,0.4925564
68457,0.49500862
88093,0.5627519
81164,0.48171556
61819,0.49500862
13012,0.5297294
13155,0.4947643
15783,0.49500862
15673,0.5670465
35925,0.5692094
106969,0.5554319
25640,0.47646734
97931,0.49500862
50074,0.49500862
29649,0.4813636
91931,0.51106983
61722,0.49500862
20287,0.52721566
76463,0.5106412
62710,0.47646734
35255,0.47424063
85906,0.5418511
11618,0.48111612
94378,0.44761053
100329,0.5681992
17723,0.49500862
39882,0.48756278
11795,0.56652033
66789,0.3784473
102765,0.49500862
13650,0.51106983
97337,0.5418511
23806,0.5418511
34279,0.49500862
98949,0.49500862
82142,0.49465623
15659,0.5129225
63656,0.54669446
40763,0.47561607
80836,0.5244415
104849,0.48790577
86473,0.5281163
51194,0.5293021
66403,0.49500862
271,0.5205812
2273,0.49500862
81275,0.49500862
14715,0.5259568
57319,0.5422768
35197,0.49500862
98220,0.5129225
94959,0.49500862
91613,0.5648199
94534,0.47354054
81910,0.48024124
76649,0.47561607
23354,0.49500862
40827,0.5129225
78654,0.49500862
73369,0.4752467
67659,0.5418511
34111,0.5478871
102361,0.5669697
37171,0.49457982
27744,0.5670465
53767,0.5643654
42072,0.47646734
53742,0.5418511
46497,0.534151
35788,0.5297294
88746,0.556798
4922,0.5129225
41718,0.54256
8802,0.47367522
38604,0.5418511
57098,0.5691304
13275,0.5462208
18055,0.56652033
49524,0.49500862
76101,0.47561607
66332,0.5418511
91441,0.49500862
81061,0.38793015
96013,0.512494
33186,0.48038897
75009,0.544001
73082,0.5418511
3525,0.49500862
1836,0.4752347
34802,0.54043573
19758,0.5418511
15902,0.5129225
23441,0.49500862
57798,0.4752467
68964,0.5454407
68435,0.48171556
26294,0.4813636
45844,0.49457982
60688,0.5418511
95472,0.475604
39837,0.48341796
46184,0.5454407
64478,0.49500862
55688,0.5681992
89513,0.47891495
34602,0.544001
25366,0.47765106
44642,0.5670465
66923,0.49500862
83881,0.49500862
13996,0.49500862
6535,0.49500862
75328,0.49500862
69789,0.5707326
102472,0.5418511
27005,0.5418511
94773,0.56498134
39038,0.5550525
59584,0.5418511
75032,0.512494
94365,0.544001
86729,0.52150095
103277,0.48171556
96803,0.4895476
58216,0.49500862
59839,0.49500862
98342,0.41717374
60175,0.52150095
82073,0.56559324
93301,0.5670465
63588,0.5418511
27987,0.5270436
80054,0.4813636
28762,0.5454407
92627,0.512494
37981,0.56287223
103582,0.4925564
26564,0.49336675
54394,0.512494
44332,0.5205812
22138,0.5422768
94855,0.5526122
4632,0.51106983
32784,0.49457982
32830,0.54710746
5631,0.47646734
16808,0.49500862
99344,0.5418511
62996,0.5418511
94028,0.5418511
23890,0.47561607
65380,0.47808525
227,0.49500862
67725,0.5418511
104891,0.47354054
28004,0.5677421
83787,0.5422768
29242,0.49500862
19087,0.4813636
21662,0.47158283
80430,0.49500862
11521,0.54177886
5769,0.54177886
81749,0.56318974
48697,0.55560285
48172,0.4752467
53034,0.48024124
19406,0.4926929
96433,0.4736873
31600,0.5418511
27238,0.13452333
99691,0.5752008
82316,0.5129225
47283,0.5545978
97742,0.49500862
22508,0.512494
49085,0.35541788
35900,0.5217025
87088,0.54179674
24902,0.55382025
94494,0.53146005
28022,0.49500862
2059,0.5293021
12010,0.5677421
57179,0.5687249
43643,0.48784244
49136,0.47561607
43229,0.5418511
94695,0.567273
35330,0.49500862
68583,0.49500862
35691,0.54644066
58106,0.5740726
49013,0.47561607
4021,0.5677421
9736,0.5422768
16976,0.5687249
60727,0.49500862
22616,0.5418511
94363,0.47891495
102735,0.47445902
73328,0.5297294
82486,0.5418511
45754,0.4752467
52339,0.51106983
27609,0.5105024
75284,0.5193387
31833,0.5418511
43459,0.5670465
43426,0.46204582
16966,0.47343162
67316,0.475604
90027,0.5454407
21202,0.54177886
60034,0.47293693
100336,0.49307504
104126,0.47354054
10532,0.47609472
19102,0.49500862
70178,0.47187963
89262,0.47646734
59485,0.4820916
39936,0.5670465
84258,0.556798
98035,0.5418511
13638,0.48024124
104139,0.49500862
93985,0.49500862
15049,0.5418511
17040,0.5418511
21849,0.512494
27661,0.5449599
26382,0.47354054
55516,0.49500862
65056,0.5589348
38204,0.53146005
45724,0.49735403
51528,0.5418511
42609,0.47354054
15379,0.49500862
70841,0.5677421
49635,0.4750131
54418,0.4931717
34898,0.49500862
82519,0.5244415
22371,0.5418511
31017,0.5193387
95026,0.47646734
54736,0.54842865
17067,0.49500862
65336,0.5422768
64461,0.5418511
81513,0.512494
56947,0.47891495
27779,0.5418511
97067,0.49500862
56463,0.4752347
33626,0.5418511
87493,0.4752467
45569,0.5670465
20981,0.49500862
145,0.556798
22884,0.5418511
8896,0.5670465
17763,0.47561607
6716,0.5129225
77738,0.49599543
72793,0.512494
7354,0.49457982
23390,0.5293021
86826,0.5418511
102897,0.5293021
2390,0.49336675
101532,0.47354054
71510,0.5129225
85733,0.49500862
104850,0.56652033
36937,0.47420335
62521,0.5281163
329,0.47424063
58726,0.54374427
104467,0.5293021
11753,0.5418511
75997,0.5589348
44827,0.5001664
81596,0.4789151
5976,0.50332034
14096,0.5422768
32561,0.4752467
97574,0.49500862
87563,0.5669697
4012,0.5193387
44065,0.5106412
7357,0.47367522
32431,0.49022898
97914,0.4813636
10926,0.5259568
25951,0.4638597
16993,0.47926676
83006,0.54179674
65555,0.49500862
47229,0.47926676
24230,0.49500862
80478,0.49500862
12794,0.4789151
101427,0.49500862
77338,0.49500862
60261,0.567273
61243,0.5418511
52749,0.5418511
35153,0.49468997
1847,0.47561607
37515,0.47497648
59715,0.49500862
75508,0.47343162
68453,0.54177886
38857,0.5204086
76901,0.5418511
45312,0.5670465
64699,0.5601831
107124,0.49432346
106450,0.5418511
59034,0.32608938
28823,0.47632647
16562,0.47658873
7111,0.567273
62848,0.51106983
2065,0.49500862
93643,0.4736873
14995,0.547581
10652,0.55382025
96790,0.5418511
13931,0.54842865
105910,0.5418511
105867,0.49500862
47543,0.54043573
52396,0.5418511
11384,0.49457982
58047,0.49500862
27059,0.5106412
62378,0.49500862
91044,0.5297294
65285,0.56282574
9793,0.47646734
87140,0.5454407
60724,0.544001
102439,0.5454407
79462,0.5418511
37993,0.47561607
83192,0.49500862
16217,0.5418511
50809,0.5418511
69198,0.49500862
4837,0.48368505
1378,0.5589348
6627,0.47458008
44185,0.5418511
89323,0.47561607
30419,0.5422768
44183,0.5418511
70038,0.5418511
42202,0.47891495
68211,0.5129225
86889,0.567273
70314,0.5212571
28421,0.5418511
79594,0.47367522
63970,0.5418511
66554,0.5532213
73096,0.5293021
63901,0.5418511
48610,0.5643654
4433,0.47646734
83417,0.4828382
26109,0.4935323
107024,0.5129225
103750,0.5677421
83501,0.4925564
29599,0.51127046
7580,0.47681907
90263,0.567273
16027,0.5093334
96145,0.49500862
38150,0.475604
40057,0.46522233
31590,0.5418511
101651,0.47561607
98893,0.49500862
5608,0.5643654
32223,0.49226424
104466,0.5691304
24293,0.5670465
48837,0.51106983
63309,0.567273
55433,0.51106983
35375,0.49492314
65396,0.4752467
91489,0.47367522
86721,0.49500862
10224,0.49500862
87346,0.5770081
57170,0.5770081
100290,0.4925564
35196,0.544001
44191,0.49500862
92164,0.49994278
29280,0.54344785
25538,0.5418511
83987,0.4925564
62898,0.47561607
106361,0.5418511
25136,0.47891495
29505,0.49500862
83536,0.49500862
45658,0.5418511
3288,0.49500862
23616,0.5418511
41581,0.47891495
11609,0.39058542
90769,0.49500862
94406,0.47367522
6965,0.51106983
51073,0.49457982
51777,0.47646734
61494,0.5244415
25372,0.4752467
71318,0.5038931
46254,0.544001
46722,0.54179674
42554,0.49500862
47197,0.5479101
51552,0.51106983
4582,0.52150095
69685,0.56652033
64327,0.512494
90833,0.49457982
100852,0.56652033
32398,0.5129225
94635,0.5550525
24454,0.5418511
34791,0.47354054
12741,0.47444698
14778,0.5649778
48422,0.56282574
44847,0.52150095
4140,0.5422768
79918,0.47367522
11546,0.54591453
8942,0.5129225
40240,0.48171556
70332,0.2893673
27702,0.5418511
30292,0.5418511
95337,0.52150095
53342,0.5418511
23596,0.49500862
16604,0.47646734
23231,0.47561607
54794,0.48038897
94579,0.49500862
88392,0.54344785
25986,0.4946777
102710,0.4926929
55373,0.5693975
20649,0.49500862
48177,0.50936174
76434,0.5293021
70908,0.5681992
102742,0.49457982
25058,0.5681992
78434,0.38785905
80726,0.5129225
65248,0.55057335
88275,0.5451772
74074,0.55183405
21876,0.49457982
103450,0.5106412
67928,0.5418511
59256,0.5106412
46298,0.4813636
98195,0.54179674
95110,0.5430918
82195,0.5418511
21832,0.57725376
61503,0.47367522
91959,0.51106983
26200,0.5681992
25686,0.54591453
64370,0.49500862
57104,0.4736873
85740,0.48171556
65082,0.47354054
73465,0.57183903
14815,0.54344785
62566,0.512494
65389,0.5686681
36629,0.47891495
2761,0.48171556
46122,0.5418511
46708,0.512494
48543,0.5419671
38437,0.49500862
41679,0.5422768
11943,0.49500862
80663,0.5666617
57362,0.5418511
78294,0.56652033
11443,0.5129225
3339,0.5418511
8333,0.5356273
73688,0.5418511
101048,0.47354054
38807,0.5271977
91992,0.5670465
103660,0.32976818
4349,0.48038897
23900,0.53654397
54890,0.57278174
47554,0.5418511
57897,0.512494
95129,0.512494
97155,0.47354054
78284,0.5158931
53620,0.49457982
17540,0.46781778
90980,0.47561607
53178,0.5418511
54282,0.5193387
83611,0.5244415
74832,0.5129225
33521,0.47646734
22312,0.54043573
8327,0.54669446
48181,0.5418511
61597,0.5418511
56734,0.5297294
7246,0.5418511
18123,0.5129225
18892,0.5670465
48849,0.5670465
47669,0.48024124
94924,0.49500862
48512,0.49500862
9957,0.512494
15707,0.4828382
55630,0.48678014
9362,0.5106412
66120,0.47561607
16363,0.49500862
16402,0.47420335
41921,0.5597311
22353,0.5418511
14686,0.48171556
28415,0.47561607
105355,0.5491868
41053,0.49500862
37061,0.5106412
6933,0.5129225
31839,0.51106983
44786,0.5418511
70036,0.23117287
68703,0.47646734
42378,0.54177886
36526,0.512494
49901,0.56488246
74032,0.4752467
45628,0.56652033
31979,0.49226424
53486,0.54177886
46763,0.5670465
85408,0.49500862
22637,0.47561607
85061,0.5418511
22921,0.4813636
29685,0.49500862
44220,0.5418511
1290,0.5080677
35918,0.47354054
95177,0.44263095
31992,0.49500862
61329,0.567273
58169,0.49500862
7717,0.5464622
81789,0.5341331
12979,0.5422768
43043,0.4805061
75875,0.56559324
42519,0.42023566
78452,0.4961326
52550,0.49465623
106635,0.5681992
95352,0.53438896
7091,0.46667385
101511,0.5422768
61044,0.5418511
63031,0.5418511
86820,0.3842594
70201,0.49500862
92595,0.52150095
45050,0.24265088
28950,0.49500862
25218,0.49500862
49914,0.47354054
28318,0.49500862
20136,0.5146766
71667,0.49540362
100422,0.47529235
13447,0.47977632
19832,0.5418511
106236,0.512494
102494,0.5319767
19099,0.52546006
1374,0.5418511
100798,0.48003918
50458,0.49465623
8098,0.54346573
46587,0.47444698
97916,0.5418511
15653,0.47467077
41534,0.512494
1648,0.47510222
20773,0.5677421
67182,0.47354054
75074,0.4752347
103776,0.47561607
84381,0.22234228
66906,0.55094904
76170,0.4686726
3635,0.5643654
100541,0.4925564
42074,0.5106412
61498,0.49500862
5817,0.48024124
5050,0.5293021
79558,0.544001
93493,0.47561607
3526,0.5115991
14253,0.5707326
41847,0.4961326
11067,0.54344785
19072,0.54346573
42248,0.5422768
27783,0.54000974
97731,0.49500862
65049,0.5193387
48336,0.50072783
87509,0.51106983
22247,0.5006848
98041,0.47646734
89133,0.5418511
28435,0.5418511
1568,0.49500862
49259,0.47794077
40251,0.56652033
21063,0.5418511
39510,0.4726511
84092,0.51106983
21541,0.56559324
56060,0.5478871
58625,0.4752347
55009,0.49500862
4421,0.49500862
58289,0.55099887
81464,0.49500862
56880,0.5589348
94733,0.5501703
89920,0.49362582
95370,0.49500862
86551,0.4752467
64842,0.49500862
98219,0.5129225
14959,0.56364554
61918,0.56559324
30768,0.4961326
84626,0.52150095
87409,0.45869285
71910,0.5418511
76044,0.556798
93349,0.47354054
83169,0.4925564
40924,0.5418511
83906,0.5670465
90343,0.49500862
99624,0.47681907
60372,0.49500862
17360,0.567273
3376,0.4925564
101531,0.49500862
92693,0.4740161
63830,0.47926676
105550,0.47891495
67793,0.47420335
74065,0.54179674
52043,0.5418511
101272,0.5418511
95104,0.53708345
12014,0.47598687
56921,0.49500862
91011,0.4961326
22278,0.48171556
72818,0.4753723
18017,0.4961326
85902,0.5418511
73281,0.4813636
66154,0.49500862
64930,0.4726511
99208,0.5293021
46912,0.49500862
82434,0.47476652
34011,0.49500862
93158,0.5412682
2811,0.4789151
10413,0.4961326
19194,0.49500862
49608,0.49500862
66841,0.5707326
58801,0.512494
102353,0.49598333
48903,0.5677421
59202,0.567273
88029,0.5479101
77130,0.5422768
40716,0.55628127
51834,0.57625675
2106,0.49500862
43645,0.47548214
103317,0.5418511
90097,0.49500862
67179,0.5418511
75619,0.5449599
91664,0.49500862
84404,0.49500862
62415,0.49500862
44375,0.5418511
99252,0.5422768
62134,0.4736873
36512,0.5418511
39584,0.49500862
49182,0.4736873
9209,0.512494
23385,0.55382025
14286,0.5425464
29787,0.49621302
39647,0.49500862
47671,0.4789151
28786,0.4750004
59678,0.47891495
30071,0.5418511
89480,0.5193387
12125,0.5129225
93053,0.5418511
19649,0.48024124
18321,0.5129225
55999,0.5418511
31501,0.5106412
8089,0.512494
25411,0.56650037
91874,0.49500862
466,0.47329688
49124,0.5193387
16452,0.47389197
51030,0.5129225
14352,0.49500862
20051,0.47174492
68506,0.4936802
46932,0.5418511
48724,0.4752467
106754,0.49500862
70520,0.56652033
32716,0.47598687
19783,0.5341331
1729,0.49500862
38511,0.47354054
27811,0.4947643
40368,0.54179674
49438,0.47891495
106631,0.4736873
43598,0.4961326
88438,0.5418511
38912,0.5418511
88719,0.55794054
33208,0.5418511
75282,0.49500862
73266,0.5418511
19084,0.49500862
5823,0.49500862
34194,0.57648504
36136,0.5418511
55696,0.47561607
27683,0.47354054
49127,0.5281163
58850,0.49500862
19462,0.44803464
25121,0.4813636
32769,0.5418511
67726,0.4752467
30824,0.5454407
104718,0.5418511
93260,0.56652033
72559,0.5418511
34565,0.47926676
29042,0.54710746
98338,0.49500862
39563,0.4752347
70885,0.47367522
7911,0.54179674
23393,0.47947714
29608,0.5203373
55788,0.49457982
30151,0.5670465
88907,0.4966838
2054,0.47420335
24459,0.53146005
21357,0.47827178
10902,0.49500862
46706,0.54344785
47885,0.54000974
105126,0.5422768
51203,0.54591453
87021,0.52721566
16789,0.49500862
104871,0.54344785
36294,0.56559324
7053,0.5418511
71733,0.56919366
80090,0.4752467
6574,0.47561607
31797,0.56652033
19952,0.50787735
16668,0.47561607
48236,0.48171556
40314,0.48038897
66603,0.5418511
23583,0.5293021
61738,0.5422768
50567,0.49500862
38284,0.47354054
3562,0.475604
42704,0.52933776
21007,0.52150095
56284,0.5418511
72475,0.5293021
24080,0.56652033
50203,0.5422768
86643,0.4752347
35152,0.5418511
44133,0.4935323
40041,0.47646734
82527,0.5707326
35320,0.49500862
100607,0.5627519
91405,0.46781778
51837,0.49500862
22239,0.5129225
79207,0.5691304
65262,0.49500862
65622,0.4813636
29865,0.45956877
90444,0.49500862
58080,0.47771737
96233,0.49500862
104292,0.544001
23999,0.5743699
87724,0.5418511
61964,0.46959108
28233,0.54710746
87041,0.56919366
29483,0.5418511
14131,0.512494
97450,0.5670465
65873,0.4752467
44510,0.52150095
35799,0.5418511
91708,0.4936802
93454,0.5660958
8299,0.47561607
35919,0.49500862
628,0.5293021
21766,0.49500862
44458,0.56652033
60983,0.48024124
4255,0.5418511
49690,0.49500862
67251,0.4813636
18018,0.47646734
64334,0.512494
23020,0.5693975
64539,0.4813636
2636,0.49500862
4239,0.5244415
2916,0.49500862
47620,0.5332158
95172,0.49500862
87497,0.4813636
102911,0.47891495
62964,0.50411445
17161,0.47354054
67138,0.49500862
16931,0.49500862
2191,0.512494
85278,0.5418511
32044,0.5422768
13297,0.53654397
22001,0.5677421
25536,0.49500862
82091,0.5281163
79109,0.4985261
99901,0.54591453
87478,0.47891495
80502,0.47367522
77107,0.5138027
92705,0.49499652
82783,0.5418511
90183,0.5106412
53221,0.47561607
54010,0.47367522
43465,0.4961326
37604,0.4870562
12589,0.47367522
76240,0.567273
9378,0.5418511
19599,0.4730443
58146,0.5118441
15010,0.54933524
61669,0.5129225
389,0.51106983
28590,0.5418511
26249,0.5281163
50580,0.49500862
91531,0.5418511
76422,0.49500862
98346,0.5418511
64132,0.47561607
2103,0.49500862
52810,0.5454407
99888,0.54344785
105511,0.51106983
45949,0.5418511
35279,0.4752347
69937,0.4813636
88281,0.5418511
35458,0.47458008
98724,0.5670465
33661,0.56559324
36453,0.54710746
66277,0.4752467
11313,0.49500862
54039,0.5422768
67162,0.49500862
82272,0.49500862
11190,0.47646734
51756,0.49500862
87877,0.47561607
65208,0.47561607
938,0.5356273
8843,0.5418511
62361,0.47672155
51842,0.54842865
68472,0.49500862
7764,0.5418511
42727,0.49457982
203,0.5643654
37980,0.5418511
102455,0.48038897
83234,0.49500862
57168,0.47354054
34845,0.5686717
55704,0.47891495
43121,0.49500862
33031,0.5106412
84017,0.5293021
65439,0.4748655
76588,0.5244415
97248,0.5418511
36473,0.5341331
33423,0.4767595
56678,0.47561607
40269,0.5755634
60140,0.49500862
16164,0.47187963
31227,0.5418511
100102,0.49336675
95294,0.49500862
62010,0.54374427
104912,0.5418511
8993,0.567273
15518,0.544001
50328,0.5430918
40417,0.49500862
93859,0.4925564
5016,0.54842865
21094,0.5509467
26228,0.5755625
39317,0.49500862
6096,0.5418511
71548,0.4813636
24220,0.4828382
21791,0.47367522
20371,0.47343847
67898,0.5293021
103635,0.4736873
49440,0.47073475
94769,0.55440503
10446,0.5670465
33663,0.51106983
16336,0.47865292
13881,0.512494
45024,0.4813636
18329,0.5293021
71536,0.5418511
45269,0.56559324
53758,0.5293021
30249,0.5418511
16989,0.4752467
66127,0.55261314
20159,0.49500862
23049,0.50660044
106243,0.5681992
91756,0.5418511
30302,0.5129225
50487,0.55261314
94582,0.49500862
85863,0.49500862
54544,0.49457982
24480,0.4752467
66645,0.5422768
48238,0.53474337
87273,0.5070557
84861,0.48024124
25328,0.49500862
93455,0.56282574
76358,0.49500862
64119,0.47646734
95989,0.5670465
14317,0.5129225
29470,0.5016119
74323,0.5418511
80695,0.47367522
26939,0.53438896
29512,0.544001
74168,0.4970643
48035,0.5418511
95266,0.56652033
1493,0.5422768
50973,0.49500862
74763,0.4752347
55922,0.5419671
22062,0.47354054
30450,0.54043573
93468,0.49336675
53150,0.49546373
47326,0.51106983
55563,0.47646734
70116,0.5670465
57580,0.49500862
75952,0.5418511
100913,0.5479101
95057,0.5297294
91782,0.5418511
16983,0.49500862
2975,0.5418511
88963,0.5687249
19730,0.54344785
93990,0.47354054
1787,0.512494
46145,0.49500862
85637,0.47367522
24327,0.47891495
106396,0.5418511
105351,0.512494
19104,0.49500862
17291,0.49500862
104618,0.5293021
97225,0.48024124
101063,0.49500862
63097,0.4750004
39930,0.5719538
80503,0.49500862
32279,0.40606266
70128,0.56650037
29146,0.5244415
48275,0.53438896
61528,0.4752467
39366,0.49500862
80412,0.512494
60591,0.5422768
21378,0.5129225
81393,0.5106412
91555,0.48024124
71883,0.47646734
44107,0.5293021
79009,0.49500862
93069,0.47354054
52996,0.544001
6842,0.56652033
49577,0.53146005
52152,0.5418511
69008,0.54344785
32692,0.53146005
58630,0.47444698
35659,0.47891495
42219,0.49500862
81987,0.5418511
74,0.5418511
78664,0.56652033
22392,0.5129225
10881,0.56282574
24942,0.4935323
56862,0.512494
19427,0.5418511
34266,0.54792804
34763,0.56364554
24096,0.5422768
104578,0.4935323
94951,0.54177886
40265,0.5418511
3839,0.47891495
43888,0.5670465
105288,0.47891495
12266,0.5129225
30075,0.53654397
95856,0.5418511
52529,0.47354054
91774,0.47561607
54433,0.5293021
103412,0.5451772
45906,0.5671309
51747,0.57680416
53810,0.47354054
24965,0.5670465
17742,0.47187963
1212,0.49500862
59267,0.5418511
66069,0.55376565
25825,0.4789151
41556,0.4932079
64267,0.52150095
15754,0.47367522
13892,0.5478871
64328,0.544001
55212,0.512494
8371,0.47561607
81568,0.47926676
18101,0.5687249
54160,0.57281137
34453,0.47695515
66343,0.5129225
4086,0.4752467
1085,0.584675
10156,0.5422768
21172,0.4926929
67913,0.5418511
78219,0.5714835
28244,0.4736873
51011,0.47561607
3011,0.54177886
8356,0.512494
63902,0.48171556
49992,0.49500862
26714,0.5418511
106503,0.5418511
78596,0.49500862
7829,0.57948256
20002,0.5017249
53668,0.49500862
42773,0.5418511
72273,0.48171556
81964,0.53438896
88213,0.49622688
21519,0.47891495
28541,0.49500862
99540,0.49500862
20708,0.36026335
25251,0.50134885
10159,0.5418511
14546,0.53654397
28348,0.49500862
75697,0.47367522
34095,0.5403954
78762,0.48928905
82267,0.47367522
69531,0.5418511
93925,0.475604
57367,0.5418511
94289,0.570169
73721,0.47561607
44406,0.49500862
79677,0.5418511
99727,0.5418511
90442,0.49500862
103355,0.5422768
65494,0.544001
38906,0.5106412
73588,0.49500862
45264,0.47891495
99425,0.47646734
20711,0.4961326
52116,0.5129225
101759,0.4813636
78431,0.49500862
52806,0.49836245
22326,0.5697344
19481,0.5418511
29560,0.49500862
45130,0.1188646
59789,0.47354054
40995,0.5418511
48922,0.5669697
63198,0.5686681
63610,0.51106983
75000,0.47561607
36325,0.5281163
15996,0.47891495
52599,0.47343162
1266,0.4813636
92023,0.48171556
86566,0.5418511
61816,0.5422768
4673,0.5677421
57549,0.57161593
22904,0.5418511
80619,0.49500862
48653,0.5707326
74673,0.48924914
52436,0.512494
13915,0.48833752
42346,0.5418511
21030,0.49457982
12289,0.49220404
42408,0.47926676
49915,0.5418511
78645,0.49500862
73874,0.49500862
82582,0.5728775
16442,0.49500862
11874,0.49500862
61980,0.49500862
23261,0.5129225
82191,0.5418511
51689,0.5670465
5899,0.564508
96499,0.5670465
102987,0.49500862
82598,0.477793
99762,0.5356273
78500,0.51106983
63759,0.49500862
13717,0.4998695
16463,0.47561607
44868,0.49457982
91073,0.479391
20326,0.49500862
9638,0.46781778
50179,0.4752347
67939,0.47255588
81082,0.5418511
83482,0.475604
103547,0.5770081
47572,0.5418511
8426,0.55183405
82627,0.49500862
29611,0.49500862
14886,0.5019239
35291,0.4752347
86593,0.54177886
47202,0.54669446
6977,0.5428452
102331,0.512494
24357,0.5193387
74222,0.5418511
38526,0.54669446
44934,0.5281163
82699,0.4789151
18191,0.49500862
76815,0.48171556
34754,0.48024124
3226,0.5129225
94643,0.512494
45623,0.47561607
8614,0.4789151
8033,0.5422768
98802,0.49500862
97750,0.4752347
3638,0.5418511
42685,0.5418511
52955,0.4813636
100242,0.5422768
102919,0.54177886
16489,0.49500862
101697,0.49500862
96562,0.49465623
41528,0.5240137
7450,0.49500862
88369,0.4750004
7919,0.5193387
42515,0.49500862
33567,0.5293021
52062,0.54798293
95469,0.4813636
3189,0.5670465
29365,0.49500862
93701,0.49500862
80260,0.54344785
100649,0.5418511
53246,0.5244415
91012,0.49500862
17185,0.5686717
1118,0.47354054
5891,0.5129225
72853,0.5462208
20340,0.5129225
59057,0.5129225
95083,0.49500862
41544,0.4726511
8584,0.49500862
82913,0.54792804
71575,0.48171556
79719,0.37719184
104129,0.47367522
10317,0.49500862
27663,0.5418511
22832,0.4828382
50048,0.5259568
70974,0.49500862
28207,0.5681992
13688,0.54842865
995,0.49500862
47354,0.4752347
99701,0.5418511
62148,0.47354054
13409,0.47354054
33367,0.49500862
56974,0.4813636
74442,0.57281137
61515,0.5222166
53062,0.5418511
42478,0.49500862
72667,0.47561607
13944,0.4925564
44207,0.5479031
80275,0.5249567
85960,0.22681378
91032,0.5244415
102511,0.5418511
72265,0.49500862
54713,0.49500862
85697,0.48024124
103872,0.56559324
90881,0.5418511
23006,0.54177886
33177,0.47891495
38093,0.512494
14292,0.49336675
94164,0.4736873
7505,0.3629788
28045,0.49336675
40618,0.512494
45324,0.54374427
57494,0.54792804
34644,0.5418511
104294,0.5356273
33832,0.47646734
39588,0.49500862
87158,0.5418511
38524,0.49500862
99879,0.5281163
77420,0.49500862
83432,0.45931402
31875,0.5670465
99635,0.5422768
67714,0.5670465
24552,0.5418511
11900,0.5271977
92004,0.5418511
30687,0.55682504
68401,0.49465623
87198,0.473294
59808,0.5451772
105525,0.57161593
55013,0.4752347
7316,0.53146005
52527,0.56282574
71735,0.49500862
26045,0.5418511
62203,0.49500862
22328,0.4752467
39358,0.56287223
12055,0.477793
85025,0.5418511
25527,0.49500862
25415,0.567273
14621,0.54043573
48629,0.49500862
64113,0.48147157
76973,0.5677421
26713,0.5455521
31372,0.51106983
55011,0.49500862
26050,0.49775302
99136,0.56488246
106457,0.5193387
47510,0.4790069
61051,0.54179674
79394,0.4947643
83584,0.5418511
16347,0.4926929
56011,0.47902286
98299,0.45956877
69772,0.56643116
104626,0.5418511
90275,0.5293021
35908,0.5425464
48174,0.5501703
22707,0.49500862
45075,0.5539052
78717,0.5418511
92880,0.49500862
99616,0.47926676
40147,0.5491868
67878,0.5418511
5688,0.5643654
29843,0.47444698
93697,0.564508
77944,0.5332338
10496,0.49500862
35884,0.49500862
14897,0.47561607
97000,0.46880814
74501,0.5670465
35821,0.49500862
4888,0.49500862
3176,0.47561607
42938,0.5422768
68361,0.47354054
85859,0.49500862
47267,0.47794077
66499,0.5418511
100083,0.5418511
83134,0.55183405
62253,0.512494
40822,0.58614546
18377,0.47354054
78837,0.5418511
20140,0.5418511
19794,0.47561607
26676,0.54179674
75027,0.50996685
30260,0.4813636
12762,0.52150095
46202,0.4925564
2482,0.48024124
19490,0.47646734
16583,0.5670465
35114,0.22084948
53722,0.57161593
33729,0.5462208
101747,0.567273
30627,0.49500862
71514,0.49500862
94384,0.47742286
66833,0.47590375
21412,0.49500862
41926,0.49500862
65530,0.5603226
53842,0.47354054
13505,0.56652033
2411,0.472309
94830,0.5418511
21680,0.5418511
66212,0.5418511
50007,0.54842865
105932,0.512494
27844,0.512494
89481,0.5422768
43317,0.55057335
41947,0.47891495
101165,0.23010145
44602,0.49500862
12673,0.47329688
60746,0.4736873
67705,0.56559324
16913,0.5740726
15005,0.47561607
13607,0.512494
78049,0.5670465
1253,0.5418511
93833,0.49457982
3236,0.5743699
63170,0.5643654
48337,0.5418511
8170,0.49500862
14341,0.48171556
86045,0.49336675
14679,0.47675982
27186,0.47354054
95164,0.52150095
98424,0.4932011
54091,0.5418511
101540,0.47926676
45523,0.556798
21227,0.49500862
29555,0.5672774
28851,0.55754864
23068,0.5281163
18148,0.4828382
99684,0.56652033
44819,0.56559324
43191,0.54710746
105945,0.47354054
66889,0.47354054
84551,0.56559324
15466,0.4813636
53972,0.47646734
82578,0.5643654
51330,0.49500862
44020,0.52150095
39564,0.49500862
95189,0.47926676
883,0.5422768
38667,0.49500862
17135,0.5670465
71661,0.56282574
89711,0.51667905
13972,0.47891495
100712,0.5670465
48492,0.49500862
59473,0.4789151
81897,0.5293021
21537,0.39484861
2826,0.5100966
94308,0.5418511
3396,0.4961326
2405,0.47367522
89372,0.49500862
33708,0.5675245
9461,0.47561607
19859,0.49500862
63887,0.4940065
73122,0.48024124
82715,0.24716407
67703,0.47354054
24295,0.475604
32582,0.54000974
85799,0.49500862
20195,0.5437929
47550,0.47646734
46895,0.47367522
29497,0.5589348
74348,0.5707326
36210,0.47561607
22446,0.48958075
75233,0.4752467
106445,0.4961326
32445,0.54344785
30797,0.49500862
103642,0.567273
64029,0.49500862
49215,0.49500862
35695,0.54710746
102275,0.49636757
14142,0.5193387
4152,0.5418511
30678,0.47367522
26282,0.5479031
76198,0.49500862
106055,0.47561607
106491,0.49457982
39059,0.5418511
11665,0.475604
2387,0.534151
103031,0.47561607
40496,0.49500862
56135,0.49500862
403,0.5106412
10484,0.54344785
64823,0.5418511
45120,0.5293021
49419,0.5670465
101273,0.47354054
47271,0.57161593
69213,0.56652033
92835,0.512494
51893,0.564508
14547,0.5418511
68392,0.5418511
66218,0.567273
4600,0.49500862
45819,0.49500862
68767,0.49500862
67047,0.5462208
85484,0.47561607
104509,0.47926676
7036,0.5319767
50165,0.4935323
84954,0.49500862
31011,0.50805926
70318,0.49500862
82472,0.5418511
92128,0.47926676
65709,0.5293021
55667,0.5425464
32659,0.5533911
92473,0.47561607
57335,0.57161593
7319,0.47891495
53187,0.49500862
102462,0.47600728
105817,0.54842865
52118,0.49500862
95221,0.47646734
49818,0.5080677
52260,0.474991
36139,0.5479031
77601,0.47561607
5720,0.49457982
89736,0.49500862
95828,0.47590375
52148,0.4813636
92217,0.5281163
37128,0.4752347
3448,0.49500862
23882,0.5129225
75919,0.56559324
2773,0.5707326
46545,0.49500862
47383,0.56652033
47764,0.47444698
60087,0.49832395
40895,0.5454407
60037,0.49500862
56735,0.5418511
90269,0.512494
81695,0.56282574
28667,0.47420335
41830,0.5418511
12071,0.5418511
64758,0.51106983
95667,0.5501703
15970,0.47367522
8714,0.5627125
73494,0.5418511
58667,0.49500862
103827,0.5728775
36019,0.5648199
104906,0.4622519
80456,0.4961326
9779,0.5670465
54446,0.512494
100246,0.55057335
100011,0.5418511
89389,0.49500862
92286,0.47354054
95191,0.49500862
52556,0.5643654
79106,0.54842865
26182,0.5129225
41784,0.49500862
67515,0.512494
88718,0.54043573
36028,0.49336675
99110,0.5418511
21228,0.47646734
2517,0.5422768
96150,0.5244415
92186,0.512494
71180,0.5457985
30270,0.5178325
62162,0.47367522
80856,0.56559324
76872,0.49500862
2440,0.49719834
41282,0.5565442
60167,0.54177886
42395,0.4961326
68137,0.5129225
61867,0.21895854
68046,0.5418511
11569,0.5249567
103399,0.544001
87179,0.49500862
96885,0.5418511
14901,0.5562583
25975,0.5657751
54082,0.567273
48998,0.54344785
55300,0.5589348
101585,0.49500862
23064,0.4822193
58738,0.5418511
44346,0.49457982
86930,0.51127046
91506,0.5462208
473,0.5418511
48432,0.512494
32006,0.5418511
77706,0.5418511
97917,0.5281163
51510,0.48171556
57294,0.512494
15801,0.512494
65299,0.512494
96244,0.5193387
70475,0.49500862
98757,0.56559324
89247,0.4736873
40225,0.5418511
56253,0.47354054
60914,0.54177886
99823,0.5422768
83113,0.49500862
40439,0.5418511
27291,0.47367522
62575,0.4929282
66246,0.5422768
96928,0.5193387
85392,0.477793
66892,0.47926676
43058,0.49500862
90704,0.49500862
9915,0.4816048
26056,0.57161593
66025,0.52150095
3230,0.49500862
59951,0.49500862
45409,0.5418511
16258,0.540121
96360,0.49500862
91311,0.57376105
30363,0.4936802
84785,0.5106412
87913,0.49500862
16539,0.49500862
60190,0.56955606
57898,0.49500862
72182,0.55057335
95817,0.47561607
63330,0.5418511
90382,0.5418511
106043,0.47367522
61392,0.5422768
83131,0.5670465
98380,0.48171556
51326,0.49500862
17431,0.49500862
105844,0.49500862
47380,0.5479031
64299,0.5565442
62789,0.48171556
87467,0.5422768
28121,0.5806722
37282,0.47354054
82185,0.5501703
17592,0.49500862
45457,0.4936802
17879,0.47444698
47347,0.46912536
88330,0.51106983
3610,0.52377
76546,0.16121644
87496,0.4748655
6181,0.512494
95849,0.4752467
25711,0.49500862
67387,0.51106983
38259,0.47561607
62168,0.5418511
9713,0.4947643
81684,0.5418511
46454,0.5686717
55548,0.5491868
96620,0.5297294
58233,0.49500862
29507,0.47354054
104543,0.5418511
38955,0.53224355
100147,0.47354054
25402,0.49500862
31586,0.5129225
29310,0.48038897
99618,0.49492314
100224,0.52150095
99149,0.57376105
74254,0.5418511
14071,0.5418511
99246,0.48708478
21852,0.47329688
62708,0.47561607
94288,0.51278293
29514,0.567273
87479,0.49500862
84918,0.4752347
42449,0.49500862
93629,0.49500862
41948,0.475604
100684,0.5670465
96099,0.5391164
95464,0.57161593
72015,0.47891495
87554,0.5670465
70392,0.54344785
67226,0.5244415
71672,0.5418511
99298,0.5418511
13317,0.47561607
68304,0.54000974
55505,0.27162892
56260,0.534151
71880,0.5150036
99580,0.5205812
101003,0.47158283
49593,0.54710746
40638,0.5422768
76115,0.49500862
21445,0.5589348
39470,0.51106983
11142,0.48171556
49054,0.49500862
2462,0.5281163
61317,0.49500862
99570,0.4558379
92798,0.5418511
82303,0.5129225
43375,0.49622688
74108,0.567273
94584,0.47655916
4811,0.56652033
13896,0.5293021
91390,0.47561607
49275,0.55185306
23659,0.47561607
106175,0.49500862
73272,0.51106983
96921,0.47891495
51358,0.54000974
16956,0.57161593
99792,0.4925564
94547,0.47681907
15924,0.5106412
81313,0.4752467
15929,0.49500862
53867,0.47891495
37989,0.5418511
82371,0.51106983
96366,0.5418511
26743,0.54344785
21493,0.47646734
70163,0.57118315
2806,0.5418511
52672,0.5418511
102997,0.47343162
22913,0.5418511
102036,0.5418511
53408,0.53654397
23008,0.5418511
31264,0.47354054
76345,0.5418511
17198,0.48024124
2679,0.56282574
5095,0.49500862
106767,0.4895554
7731,0.4813636
48598,0.5648199
39950,0.47367522
2772,0.5418511
89479,0.47367522
27308,0.5418511
66124,0.4961326
29808,0.49500862
36108,0.49500862
61131,0.56559324
100018,0.5418511
70535,0.49500862
32555,0.47354054
51749,0.5418511
74533,0.47354054
14536,0.5080104
45541,0.5740726
44537,0.49500862
62836,0.5418511
68878,0.5297294
8271,0.49500862
51634,0.49500862
69928,0.5106412
35823,0.4778075
2028,0.5627519
46987,0.5418511
77389,0.49457982
69142,0.5418511
68128,0.4736873
38330,0.51681364
40839,0.49500862
88762,0.47502226
13202,0.5422768
12164,0.49500862
32314,0.4813636
86213,0.56282574
100193,0.5418511
40830,0.54129755
103382,0.5281163
49266,0.54591453
60873,0.5281163
22141,0.47646734
106176,0.51106983
88056,0.48147157
91514,0.5205812
28593,0.54000974
1527,0.4935323
47087,0.512494
34354,0.54669446
45978,0.49500862
42767,0.47646734
82442,0.5418511
65451,0.48024124
98499,0.57161593
87603,0.49500862
96190,0.47420335
101620,0.47891495
83753,0.47561607
42516,0.4789151
165,0.5677421
84135,0.48171556
83673,0.5259568
38979,0.5418511
82212,0.5418511
80142,0.5670465
9816,0.47367522
92679,0.512494
28269,0.5110465
46357,0.5430918
44452,0.48024124
26166,0.47646734
24461,0.49500862
84233,0.5418511
39606,0.5749549
28982,0.544001
89961,0.56643116
8755,0.47926676
68495,0.4726511
80258,0.5418511
80935,0.5743699
103064,0.4752347
81312,0.4813636
27595,0.4943356
1206,0.5418511
98601,0.49500862
52470,0.48266742
80555,0.47891495
89749,0.49500862
78441,0.56652033
34119,0.3611027
45545,0.5648199
75653,0.49500862
105022,0.56559324
70019,0.5187527
85760,0.48171556
46440,0.40735066
62491,0.49500862
78165,0.4752347
44865,0.4828382
32477,0.47561607
66037,0.54591453
8933,0.4813636
20413,0.5749549
59053,0.5681992
80453,0.47561607
73023,0.4813636
76948,0.49500862
79114,0.47561607
6511,0.47354054
22113,0.47354054
65212,0.49336675
52385,0.49500862
84622,0.54163146
76885,0.5418511
2346,0.5422768
96048,0.564508
105509,0.47330606
22744,0.49500862
96713,0.4735678
5977,0.5707326
14216,0.5422768
23871,0.49500862
20971,0.5422768
70406,0.16043115
37062,0.49500862
45720,0.5765114
36993,0.4961326
60299,0.567273
105612,0.49500862
56938,0.57287526
62552,0.5418511
89960,0.5418511
28761,0.4813636
72155,0.49500862
5840,0.5526122
59392,0.512494
44682,0.48024124
23326,0.56643116
49234,0.4789151
31127,0.54792804
40377,0.5422768
68034,0.47926676
5458,0.5418511
99973,0.5418511
19165,0.23025806
41857,0.4752347
48813,0.544001
70203,0.5281163
24496,0.47561607
40711,0.55057335
84113,0.47444698
79538,0.47891495
31122,0.47354054
52174,0.5253922
56388,0.5418511
81550,0.54163146
25682,0.4542585
101809,0.49500862
101248,0.4752347
76771,0.49500862
28802,0.56919366
65658,0.47293693
52474,0.47561607
86160,0.5418511
45874,0.54344785
106522,0.54344785
67547,0.56559324
60619,0.55382025
62621,0.5129225
17982,0.556798
65987,0.49500862
59280,0.5418511
45473,0.47293693
69620,0.51106983
12599,0.49500862
105491,0.54163146
34394,0.54798293
96466,0.5462208
99079,0.5698077
1406,0.56965053
38053,0.5755634
66957,0.49500862
90555,0.4795211
15335,0.47420335
588,0.49500862
5956,0.57648504
50798,0.49500862
62318,0.5462208
13452,0.5422768
73019,0.4961326
57538,0.5129225
72347,0.54710746
10812,0.56522185
57417,0.5686681
52221,0.49500862
104461,0.5601831
57479,0.53438896
83268,0.5670465
71935,0.5418511
21294,0.54842865
63595,0.5418511
80761,0.5513124
94684,0.49500862
99244,0.4752467
34208,0.47891495
105649,0.5281163
31941,0.56488246
88250,0.5418511
101079,0.49500862
37863,0.4753459
53277,0.5422768
20997,0.49500862
15875,0.5293021
32719,0.5724075
10485,0.49500862
36855,0.5418511
11755,0.53654397
73214,0.47891495
87506,0.49546373
101739,0.57287526
50208,0.3868255
64415,0.48038897
58342,0.54344785
8023,0.49500862
40268,0.5752923
80228,0.49500862
90160,0.56559324
2047,0.5454407
101432,0.49622688
98505,0.5422768
30555,0.49336675
73792,0.49500862
64632,0.49226424
33499,0.5332338
1119,0.5418511
1058,0.5666617
8283,0.5312167
17200,0.5707326
78328,0.512494
17321,0.4752467
8073,0.49500862
46654,0.5418511
25672,0.47561607
1915,0.5418511
44594,0.49500862
35100,0.49457982
65672,0.54344785
67775,0.5418511
88131,0.49735674
98134,0.5396882
59219,0.49500862
20236,0.4935323
33606,0.47576407
5476,0.49500862
49834,0.54000974
36743,0.5418511
76508,0.51106983
74082,0.53223157
53128,0.57376105
26944,0.5496905
95272,0.4935323
95663,0.49500862
9514,0.54669446
42561,0.5418511
13562,0.56652033
12109,0.49500862
39454,0.49457982
104706,0.5332338
22537,0.5418511
4834,0.567273
63389,0.49500862
74923,0.49500862
72902,0.512494
23245,0.4813636
3773,0.5418511
106907,0.5418511
11813,0.5293021
103912,0.5098046
74295,0.47940305
97152,0.5129225
66967,0.5418511
23994,0.4813636
72500,0.47367522
71422,0.5425464
15866,0.5418511
28325,0.5422768
30274,0.54710746
75238,0.5643654
1811,0.55330306
3289,0.5524433
63513,0.5418511
91050,0.5744737
102644,0.4813636
4881,0.49457982
21117,0.512494
21420,0.49500862
93509,0.51106983
5744,0.5418511
39540,0.5121445
74210,0.5418511
50049,0.47891495
87468,0.56652033
67275,0.49500862
104410,0.5418511
9216,0.49500862
91600,0.48171556
73326,0.5418511
18060,0.512494
89128,0.5259568
9150,0.5293021
51730,0.55183405
6820,0.5430918
49732,0.5669697
83047,0.51106983
3568,0.5418511
81542,0.47561607
94590,0.54177886
36340,0.5418511
107051,0.49500862
11316,0.5545978
70442,0.57376105
66737,0.54842865
40642,0.48171556
56152,0.56652033
41682,0.5418511
84689,0.47561607
7463,0.49500862
60975,0.5501703
81390,0.4813636
53082,0.56559324
80283,0.5259568
3319,0.49457982
24253,0.5418511
31457,0.5341331
80082,0.5193387
77132,0.5681992
8641,0.49500862
66561,0.47367522
96769,0.4608241
95247,0.5418511
20139,0.5418511
13195,0.49014494
16834,0.48171556
57606,0.47926676
1841,0.544001
1977,0.5445249
80231,0.5418511
5467,0.47354054
7663,0.47561607
107173,0.5677421
550,0.53654397
6315,0.5743699
45508,0.5129225
49549,0.56652033
15121,0.4750131
24177,0.49500862
98884,0.5669697
59840,0.5515926
30810,0.49499652
13522,0.47343847
35897,0.5784451
6943,0.5698077
4178,0.49500862
26928,0.49500862
75220,0.49500862
32592,0.5418511
66134,0.49500862
47676,0.54179674
72775,0.544001
30443,0.49500862
101569,0.4813636
30235,0.5418511
30793,0.5106412
59250,0.55794054
94383,0.48024124
20596,0.5478871
34051,0.56498134
23981,0.49500862
74201,0.54344785
51578,0.5418511
20305,0.5129225
60703,0.49500862
64082,0.5418511
60147,0.56652033
65815,0.5293021
24922,0.47561607
56182,0.5418511
81076,0.5418511
44501,0.5565442
78868,0.56650037
83613,0.47477856
8586,0.570169
100730,0.47354054
73251,0.56282574
82495,0.5677421
90026,0.48038897
54625,0.5677421
62333,0.5418511
78707,0.53654397
960,0.54177886
70001,0.5259568
101246,0.5293021
32801,0.52150095
56595,0.49500862
16065,0.49500862
67082,0.512494
9168,0.56282574
62656,0.5418511
30789,0.5418511
76112,0.536444
38813,0.47646734
88451,0.49500862
6867,0.47561607
48437,0.5670465
61178,0.48038897
14753,0.512494
49058,0.55183405
17279,0.5597311
91458,0.48908347
34487,0.56282574
8037,0.4736873
20133,0.54177886
22726,0.54669446
2575,0.51047134
104989,0.5418511
47648,0.5670465
56757,0.475604
57160,0.47367522
28203,0.54344785
91906,0.47367522
4741,0.55677223
8066,0.45956877
3488,0.5687249
35405,0.5205812
40583,0.55057335
29373,0.56650037
71316,0.5670465
6297,0.24429402
106650,0.47646734
48873,0.5129225
56782,0.49500862
48493,0.49500862
6687,0.47343847
96262,0.5240137
65583,0.49500862
23039,0.5418511
46288,0.5691304
101519,0.5418511
50678,0.5669697
19338,0.54669803
34333,0.48038897
95157,0.47354054
102009,0.56650037
78600,0.49500862
50120,0.47646734
75303,0.5418511
95981,0.54591453
39346,0.512494
43176,0.5259568
72905,0.5453208
48686,0.51106983
103602,0.47354054
101486,0.5418511
92893,0.54129755
61085,0.49500862
43804,0.5551061
72017,0.5491868
45027,0.5098046
6377,0.55094904
82,0.5707326
94158,0.4961326
74754,0.5418511
51691,0.5462208
84566,0.47597477
46750,0.5565442
78298,0.49500862
19777,0.49500862
93311,0.5784451
54630,0.5491868
88750,0.5418511
86677,0.49500862
96078,0.49500862
10884,0.5193387
73376,0.5418511
62042,0.5451772
56531,0.47367522
96054,0.5418511
47090,0.56488246
12313,0.57161593
95437,0.49500862
47954,0.5418511
79644,0.4925564
85620,0.57287526
92921,0.47891495
92507,0.48171556
40689,0.5014552
26726,0.49500862
10648,0.54043573
52156,0.49457982
35583,0.4813636
55810,0.49500862
14241,0.49500862
23864,0.5418511
6324,0.49500862
85321,0.5418511
103017,0.5418511
49734,0.5403954
30677,0.5418511
50259,0.49500862
24519,0.49500862
81153,0.5418511
7638,0.49500862
31760,0.49500862
21407,0.512494
73056,0.55183405
5397,0.47561607
52648,0.47343162
79404,0.49500862
87318,0.49500862
50063,0.38890958
62869,0.5293021
9282,0.49500862
33207,0.49500862
36832,0.49500862
39168,0.50192565
39004,0.49500862
42231,0.4736873
71552,0.5670465
32425,0.51106983
39202,0.5519135
64874,0.5462208
38211,0.5418511
92532,0.57648504
56621,0.5418511
52133,0.5281163
45156,0.47561607
72892,0.4736873
35120,0.56559324
76104,0.5418511
13086,0.49500862
44734,0.47891495
77203,0.5106412
32919,0.49500862
60903,0.5244415
84000,0.47926676
99303,0.54374427
62158,0.49500862
54089,0.5341331
40710,0.47449476
78004,0.4752467
32074,0.49500862
14113,0.4752467
95540,0.4750131
41386,0.47966957
18064,0.5670465
35811,0.47444698
54232,0.47502226
86245,0.5418511
67616,0.5418511
80266,0.5418511
44141,0.5089502
50584,0.5483605
98738,0.47444698
11070,0.5244415
105305,0.19380616
58809,0.5129225
72617,0.5487074
37669,0.5129225
73809,0.5752923
49712,0.54177886
85108,0.5670465
32882,0.57648504
37595,0.5418511
79819,0.47598687
65774,0.49500862
32984,0.5418511
92089,0.47949442
83770,0.495525
57442,0.5418511
38253,0.47561607
54243,0.49500862
15299,0.512494
32589,0.5669697
16945,0.5129225
51776,0.5418511
59374,0.4752347
65995,0.5451772
26736,0.49500862
84059,0.49500862
17995,0.49500862
63821,0.56942344
63259,0.4813636
6057,0.5418511
85363,0.5418511
86145,0.47891495
17098,0.5723159
73,0.47561607
33560,0.5422768
34813,0.5749549
2011,0.47420335
49904,0.56652033
29527,0.49500862
19572,0.4752467
70976,0.5422768
103291,0.3904091
367,0.5589348
77990,0.5454407
99323,0.4935323
70762,0.55556214
102691,0.49500862
30827,0.5418511
37704,0.5457985
93738,0.5110473
36077,0.47666034
21236,0.47444603
54913,0.4868651
99433,0.47926676
64038,0.51106983
58228,0.47367522
81187,0.4752467
90101,0.47646734
57523,0.5418511
15695,0.512494
19808,0.512494
41702,0.5418511
52520,0.47779313
15014,0.5391164
33184,0.49457982
32005,0.49500862
101164,0.5418511
21810,0.49500862
14671,0.5144005
25123,0.5422768
10673,0.47590375
34660,0.556798
59131,0.5418511
40513,0.5297294
91323,0.5418511
6942,0.47354054
6232,0.49500862
47970,0.5418511
55360,0.5418511
42541,0.5589348
1644,0.47444698
